date,ticker,value
2024-11-03,ATI,1
2025-01-29,ADBE,167
2025-01-29,APH,7
2025-01-29,APP,1
2025-01-29,BKR,4
2025-01-29,BSX,3
2025-01-29,CMI,41
2025-01-29,COST,141
2025-01-29,DASH,17
2025-01-29,EME,1
2025-01-29,GRMN,28
2025-01-29,INCY,1
2025-01-29,ISRG,6
2025-01-29,IVZ,69
2025-01-29,LULU,14
2025-01-29,MA,61
2025-01-29,MAS,0
2025-01-29,META,190
2025-01-29,RMD,1
2025-01-29,ROP,4
2025-01-29,SCHW,103
2025-01-29,UHS,3
2025-01-30,ADBE,119
2025-01-30,APH,1
2025-01-30,APP,1
2025-01-30,BKR,7
2025-01-30,BSX,4
2025-01-30,CMI,37
2025-01-30,COST,129
2025-01-30,DASH,47
2025-01-30,EME,3
2025-01-30,GRMN,25
2025-01-30,INCY,2
2025-01-30,ISRG,1
2025-01-30,IVZ,39
2025-01-30,LULU,10
2025-01-30,MA,72
2025-01-30,MAS,1
2025-01-30,META,147
2025-01-30,RMD,11
2025-01-30,ROP,6
2025-01-30,SCHW,88
2025-01-30,UHS,1
2025-01-31,ADBE,177
2025-01-31,APH,3
2025-01-31,APP,2
2025-01-31,BKR,12
2025-01-31,BSX,6
2025-01-31,CMI,20
2025-01-31,COST,233
2025-01-31,DASH,8
2025-01-31,EME,2
2025-01-31,GRMN,17
2025-01-31,INCY,5
2025-01-31,ISRG,2
2025-01-31,IVZ,13
2025-01-31,LULU,7
2025-01-31,MA,40
2025-01-31,MAS,0
2025-01-31,META,111
2025-01-31,RMD,21
2025-01-31,ROP,2
2025-01-31,SCHW,70
2025-01-31,UHS,0
2025-02-01,ADBE,57
2025-02-01,APH,0
2025-02-01,APP,3
2025-02-01,BKR,3
2025-02-01,BSX,4
2025-02-01,CMI,7
2025-02-01,COST,104
2025-02-01,DASH,10
2025-02-01,EME,0
2025-02-01,GRMN,3
2025-02-01,INCY,0
2025-02-01,ISRG,4
2025-02-01,IVZ,28
2025-02-01,LULU,2
2025-02-01,MA,15
2025-02-01,MAS,1
2025-02-01,META,32
2025-02-01,RMD,3
2025-02-01,ROP,1
2025-02-01,SCHW,67
2025-02-01,UHS,0
2025-02-02,ADBE,84
2025-02-02,APH,1
2025-02-02,APP,3
2025-02-02,BKR,1
2025-02-02,BSX,2
2025-02-02,CMI,9
2025-02-02,COST,78
2025-02-02,DASH,6
2025-02-02,EME,0
2025-02-02,GRMN,8
2025-02-02,INCY,1
2025-02-02,ISRG,8
2025-02-02,IVZ,19
2025-02-02,LULU,8
2025-02-02,MA,20
2025-02-02,MAS,0
2025-02-02,META,35
2025-02-02,RMD,1
2025-02-02,ROP,1
2025-02-02,SCHW,77
2025-02-02,UHS,0
2025-02-03,ADBE,103
2025-02-03,APH,2
2025-02-03,APP,2
2025-02-03,BKR,9
2025-02-03,BSX,9
2025-02-03,CMI,24
2025-02-03,COST,158
2025-02-03,DASH,29
2025-02-03,EME,4
2025-02-03,GRMN,9
2025-02-03,INCY,1
2025-02-03,ISRG,7
2025-02-03,IVZ,48
2025-02-03,LULU,24
2025-02-03,MA,220
2025-02-03,MAS,0
2025-02-03,META,37
2025-02-03,RMD,2
2025-02-03,ROP,1
2025-02-03,SCHW,105
2025-02-03,UHS,4
2025-02-04,ADBE,119
2025-02-04,APH,1
2025-02-04,APP,0
2025-02-04,BKR,6
2025-02-04,BSX,6
2025-02-04,CMI,45
2025-02-04,COST,97
2025-02-04,DASH,37
2025-02-04,EME,3
2025-02-04,GRMN,4
2025-02-04,INCY,0
2025-02-04,ISRG,3
2025-02-04,IVZ,24
2025-02-04,LULU,6
2025-02-04,MA,95
2025-02-04,MAS,1
2025-02-04,META,70
2025-02-04,RMD,1
2025-02-04,ROP,0
2025-02-04,SCHW,73
2025-02-04,UHS,3
2025-02-05,ADBE,170
2025-02-05,APH,3
2025-02-05,APP,2
2025-02-05,BKR,3
2025-02-05,BSX,15
2025-02-05,CMI,47
2025-02-05,COST,108
2025-02-05,DASH,43
2025-02-05,EME,0
2025-02-05,GRMN,11
2025-02-05,INCY,2
2025-02-05,ISRG,2
2025-02-05,IVZ,47
2025-02-05,LULU,35
2025-02-05,MA,46
2025-02-05,MAS,3
2025-02-05,META,41
2025-02-05,RMD,3
2025-02-05,ROP,0
2025-02-05,SCHW,77
2025-02-05,UHS,1
2025-02-06,ADBE,172
2025-02-06,APH,1
2025-02-06,APP,0
2025-02-06,BKR,3
2025-02-06,BSX,4
2025-02-06,CMI,43
2025-02-06,COST,151
2025-02-06,DASH,36
2025-02-06,EME,2
2025-02-06,GRMN,13
2025-02-06,INCY,2
2025-02-06,ISRG,2
2025-02-06,IVZ,53
2025-02-06,LULU,47
2025-02-06,MA,41
2025-02-06,MAS,0
2025-02-06,META,124
2025-02-06,RMD,6
2025-02-06,ROP,1
2025-02-06,SCHW,111
2025-02-06,UHS,1
2025-02-07,ADBE,148
2025-02-07,APH,5
2025-02-07,APP,8
2025-02-07,BKR,13
2025-02-07,BSX,4
2025-02-07,CMI,32
2025-02-07,COST,99
2025-02-07,DASH,22
2025-02-07,EME,1
2025-02-07,GRMN,12
2025-02-07,INCY,1
2025-02-07,ISRG,3
2025-02-07,IVZ,22
2025-02-07,LULU,10
2025-02-07,MA,34
2025-02-07,MAS,0
2025-02-07,META,71
2025-02-07,RMD,2
2025-02-07,ROP,0
2025-02-07,SCHW,70
2025-02-07,UHS,0
2025-02-08,ADBE,120
2025-02-08,APH,1
2025-02-08,APP,3
2025-02-08,BKR,2
2025-02-08,BSX,1
2025-02-08,CMI,24
2025-02-08,COST,70
2025-02-08,DASH,25
2025-02-08,EME,0
2025-02-08,GRMN,14
2025-02-08,INCY,0
2025-02-08,ISRG,3
2025-02-08,IVZ,36
2025-02-08,LULU,3
2025-02-08,MA,22
2025-02-08,MAS,0
2025-02-08,META,34
2025-02-08,RMD,2
2025-02-08,ROP,3
2025-02-08,SCHW,110
2025-02-08,UHS,0
2025-02-09,ADBE,89
2025-02-09,APH,0
2025-02-09,APP,3
2025-02-09,BKR,2
2025-02-09,BSX,0
2025-02-09,CMI,15
2025-02-09,COST,38
2025-02-09,DASH,36
2025-02-09,EME,0
2025-02-09,GRMN,1
2025-02-09,INCY,0
2025-02-09,ISRG,1
2025-02-09,IVZ,6
2025-02-09,LULU,2
2025-02-09,MA,8
2025-02-09,MAS,0
2025-02-09,META,26
2025-02-09,RMD,1
2025-02-09,ROP,0
2025-02-09,SCHW,0
2025-02-09,UHS,0
2025-02-10,ADBE,108
2025-02-10,APH,1
2025-02-10,APP,1
2025-02-10,BKR,4
2025-02-10,BSX,0
2025-02-10,CMI,14
2025-02-10,COST,113
2025-02-10,DASH,74
2025-02-10,EME,1
2025-02-10,GRMN,12
2025-02-10,INCY,7
2025-02-10,ISRG,1
2025-02-10,IVZ,10
2025-02-10,LULU,2
2025-02-10,MA,31
2025-02-10,MAS,0
2025-02-10,META,32
2025-02-10,RMD,2
2025-02-10,ROP,0
2025-02-10,SCHW,30
2025-02-10,UHS,12
2025-02-11,ADBE,164
2025-02-11,APH,53
2025-02-11,APP,2
2025-02-11,BKR,4
2025-02-11,BSX,4
2025-02-11,CMI,17
2025-02-11,COST,431
2025-02-11,DASH,30
2025-02-11,EME,1
2025-02-11,GRMN,7
2025-02-11,INCY,9
2025-02-11,ISRG,2
2025-02-11,IVZ,19
2025-02-11,LULU,11
2025-02-11,MA,50
2025-02-11,MAS,8
2025-02-11,META,35
2025-02-11,RMD,5
2025-02-11,ROP,0
2025-02-11,SCHW,49
2025-02-11,UHS,0
2025-02-12,ADBE,123
2025-02-12,APH,2
2025-02-12,APP,7
2025-02-12,BKR,1
2025-02-12,BSX,5
2025-02-12,CMI,29
2025-02-12,COST,287
2025-02-12,DASH,52
2025-02-12,EME,0
2025-02-12,GRMN,17
2025-02-12,INCY,2
2025-02-12,ISRG,5
2025-02-12,IVZ,29
2025-02-12,LULU,9
2025-02-12,MA,46
2025-02-12,MAS,2
2025-02-12,META,97
2025-02-12,RMD,1
2025-02-12,ROP,1
2025-02-12,SCHW,53
2025-02-12,UHS,1
2025-02-13,ADBE,100
2025-02-13,APH,6
2025-02-13,APP,18
2025-02-13,BKR,4
2025-02-13,BSX,3
2025-02-13,CMI,20
2025-02-13,COST,116
2025-02-13,DASH,15
2025-02-13,EME,0
2025-02-13,GRMN,10
2025-02-13,INCY,2
2025-02-13,ISRG,24
2025-02-13,IVZ,30
2025-02-13,LULU,5
2025-02-13,MA,36
2025-02-13,MAS,0
2025-02-13,META,48
2025-02-13,RMD,1
2025-02-13,ROP,0
2025-02-13,SCHW,37
2025-02-13,UHS,0
2025-02-14,ADBE,118
2025-02-14,APH,2
2025-02-14,APP,4
2025-02-14,BKR,10
2025-02-14,BSX,4
2025-02-14,CMI,21
2025-02-14,COST,167
2025-02-14,DASH,23
2025-02-14,EME,1
2025-02-14,GRMN,9
2025-02-14,INCY,1
2025-02-14,ISRG,5
2025-02-14,IVZ,59
2025-02-14,LULU,3
2025-02-14,MA,35
2025-02-14,MAS,1
2025-02-14,META,58
2025-02-14,RMD,1
2025-02-14,ROP,1
2025-02-14,SCHW,46
2025-02-14,UHS,2
2025-02-15,ADBE,94
2025-02-15,APH,1
2025-02-15,APP,3
2025-02-15,BKR,5
2025-02-15,BSX,1
2025-02-15,CMI,15
2025-02-15,COST,139
2025-02-15,DASH,23
2025-02-15,EME,3
2025-02-15,GRMN,13
2025-02-15,INCY,1
2025-02-15,ISRG,1
2025-02-15,IVZ,38
2025-02-15,LULU,7
2025-02-15,MA,39
2025-02-15,MAS,1
2025-02-15,META,35
2025-02-15,RMD,2
2025-02-15,ROP,6
2025-02-15,SCHW,46
2025-02-15,UHS,0
2025-02-16,ADBE,63
2025-02-16,APH,0
2025-02-16,APP,0
2025-02-16,BKR,9
2025-02-16,BSX,2
2025-02-16,CMI,8
2025-02-16,COST,61
2025-02-16,DASH,10
2025-02-16,EME,0
2025-02-16,GRMN,6
2025-02-16,INCY,0
2025-02-16,ISRG,1
2025-02-16,IVZ,24
2025-02-16,LULU,6
2025-02-16,MA,14
2025-02-16,MAS,0
2025-02-16,META,14
2025-02-16,RMD,0
2025-02-16,ROP,0
2025-02-16,SCHW,37
2025-02-16,UHS,0
2025-02-17,ADBE,87
2025-02-17,APH,1
2025-02-17,APP,0
2025-02-17,BKR,21
2025-02-17,BSX,3
2025-02-17,CMI,17
2025-02-17,COST,106
2025-02-17,DASH,15
2025-02-17,EME,0
2025-02-17,GRMN,10
2025-02-17,INCY,2
2025-02-17,ISRG,2
2025-02-17,IVZ,34
2025-02-17,LULU,5
2025-02-17,MA,78
2025-02-17,MAS,0
2025-02-17,META,19
2025-02-17,RMD,0
2025-02-17,ROP,1
2025-02-17,SCHW,23
2025-02-17,UHS,0
2025-02-18,ADBE,100
2025-02-18,APH,4
2025-02-18,APP,6
2025-02-18,BKR,2
2025-02-18,BSX,3
2025-02-18,CMI,21
2025-02-18,COST,56
2025-02-18,DASH,25
2025-02-18,EME,2
2025-02-18,GRMN,13
2025-02-18,INCY,1
2025-02-18,ISRG,7
2025-02-18,IVZ,35
2025-02-18,LULU,17
2025-02-18,MA,41
2025-02-18,MAS,1
2025-02-18,META,40
2025-02-18,RMD,1
2025-02-18,ROP,0
2025-02-18,SCHW,55
2025-02-18,UHS,0
2025-02-19,ADBE,167
2025-02-19,APH,0
2025-02-19,APP,6
2025-02-19,BKR,6
2025-02-19,BSX,9
2025-02-19,CMI,46
2025-02-19,COST,146
2025-02-19,DASH,23
2025-02-19,EME,1
2025-02-19,GRMN,31
2025-02-19,INCY,1
2025-02-19,ISRG,1
2025-02-19,IVZ,41
2025-02-19,LULU,24
2025-02-19,MA,51
2025-02-19,MAS,2
2025-02-19,META,41
2025-02-19,RMD,2
2025-02-19,ROP,1
2025-02-19,SCHW,52
2025-02-19,UHS,1
2025-02-20,ADBE,144
2025-02-20,APH,3
2025-02-20,APP,6
2025-02-20,BKR,1
2025-02-20,BSX,11
2025-02-20,CMI,20
2025-02-20,COST,196
2025-02-20,DASH,21
2025-02-20,EME,0
2025-02-20,GRMN,16
2025-02-20,INCY,2
2025-02-20,ISRG,7
2025-02-20,IVZ,58
2025-02-20,LULU,34
2025-02-20,MA,42
2025-02-20,MAS,1
2025-02-20,META,81
2025-02-20,RMD,4
2025-02-20,ROP,2
2025-02-20,SCHW,83
2025-02-20,UHS,0
2025-02-21,ADBE,134
2025-02-21,APH,3
2025-02-21,APP,16
2025-02-21,BKR,8
2025-02-21,BSX,24
2025-02-21,CMI,37
2025-02-21,COST,110
2025-02-21,DASH,24
2025-02-21,EME,0
2025-02-21,GRMN,17
2025-02-21,INCY,0
2025-02-21,ISRG,2
2025-02-21,IVZ,46
2025-02-21,LULU,26
2025-02-21,MA,35
2025-02-21,MAS,0
2025-02-21,META,44
2025-02-21,RMD,1
2025-02-21,ROP,2
2025-02-21,SCHW,91
2025-02-21,UHS,3
2025-02-22,ADBE,92
2025-02-22,APH,1
2025-02-22,APP,5
2025-02-22,BKR,7
2025-02-22,BSX,3
2025-02-22,CMI,22
2025-02-22,COST,66
2025-02-22,DASH,16
2025-02-22,EME,1
2025-02-22,GRMN,7
2025-02-22,INCY,1
2025-02-22,ISRG,2
2025-02-22,IVZ,41
2025-02-22,LULU,16
2025-02-22,MA,18
2025-02-22,MAS,2
2025-02-22,META,32
2025-02-22,RMD,0
2025-02-22,ROP,1
2025-02-22,SCHW,69
2025-02-22,UHS,1
2025-02-23,ADBE,46
2025-02-23,APH,1
2025-02-23,APP,3
2025-02-23,BKR,2
2025-02-23,BSX,1
2025-02-23,CMI,24
2025-02-23,COST,65
2025-02-23,DASH,8
2025-02-23,EME,0
2025-02-23,GRMN,12
2025-02-23,INCY,0
2025-02-23,ISRG,3
2025-02-23,IVZ,49
2025-02-23,LULU,17
2025-02-23,MA,24
2025-02-23,MAS,0
2025-02-23,META,27
2025-02-23,RMD,0
2025-02-23,ROP,2
2025-02-23,SCHW,51
2025-02-23,UHS,1
2025-02-24,ADBE,63
2025-02-24,APH,2
2025-02-24,APP,1
2025-02-24,BKR,3
2025-02-24,BSX,3
2025-02-24,CMI,13
2025-02-24,COST,48
2025-02-24,DASH,59
2025-02-24,EME,1
2025-02-24,GRMN,7
2025-02-24,INCY,1
2025-02-24,ISRG,2
2025-02-24,IVZ,20
2025-02-24,LULU,20
2025-02-24,MA,21
2025-02-24,MAS,0
2025-02-24,META,24
2025-02-24,RMD,1
2025-02-24,ROP,0
2025-02-24,SCHW,26
2025-02-24,UHS,1
2025-02-25,ADBE,171
2025-02-25,APH,4
2025-02-25,APP,0
2025-02-25,BKR,3
2025-02-25,BSX,9
2025-02-25,CMI,34
2025-02-25,COST,177
2025-02-25,DASH,134
2025-02-25,EME,8
2025-02-25,GRMN,25
2025-02-25,INCY,2
2025-02-25,ISRG,3
2025-02-25,IVZ,22
2025-02-25,LULU,17
2025-02-25,MA,39
2025-02-25,MAS,0
2025-02-25,META,43
2025-02-25,RMD,1
2025-02-25,ROP,0
2025-02-25,SCHW,66
2025-02-25,UHS,2
2025-02-26,ADBE,144
2025-02-26,APH,1
2025-02-26,APP,7
2025-02-26,BKR,2
2025-02-26,BSX,8
2025-02-26,CMI,31
2025-02-26,COST,98
2025-02-26,DASH,20
2025-02-26,EME,2
2025-02-26,GRMN,15
2025-02-26,INCY,3
2025-02-26,ISRG,3
2025-02-26,IVZ,47
2025-02-26,LULU,25
2025-02-26,MA,47
2025-02-26,MAS,0
2025-02-26,META,53
2025-02-26,RMD,8
2025-02-26,ROP,1
2025-02-26,SCHW,49
2025-02-26,UHS,2
2025-02-27,ADBE,153
2025-02-27,APH,0
2025-02-27,APP,14
2025-02-27,BKR,6
2025-02-27,BSX,4
2025-02-27,CMI,20
2025-02-27,COST,112
2025-02-27,DASH,19
2025-02-27,EME,1
2025-02-27,GRMN,14
2025-02-27,INCY,1
2025-02-27,ISRG,3
2025-02-27,IVZ,58
2025-02-27,LULU,7
2025-02-27,MA,51
2025-02-27,MAS,0
2025-02-27,META,60
2025-02-27,RMD,1
2025-02-27,ROP,0
2025-02-27,SCHW,54
2025-02-27,UHS,4
2025-02-28,ADBE,187
2025-02-28,APH,2
2025-02-28,APP,7
2025-02-28,BKR,3
2025-02-28,BSX,4
2025-02-28,CMI,20
2025-02-28,COST,99
2025-02-28,DASH,13
2025-02-28,EME,0
2025-02-28,GRMN,20
2025-02-28,INCY,1
2025-02-28,ISRG,0
2025-02-28,IVZ,34
2025-02-28,LULU,14
2025-02-28,MA,30
2025-02-28,MAS,2
2025-02-28,META,33
2025-02-28,RMD,1
2025-02-28,ROP,0
2025-02-28,SCHW,39
2025-02-28,UHS,1
2025-03-01,ADBE,83
2025-03-01,APH,0
2025-03-01,APP,0
2025-03-01,BKR,4
2025-03-01,BSX,1
2025-03-01,CMI,29
2025-03-01,COST,59
2025-03-01,DASH,15
2025-03-01,EME,1
2025-03-01,GRMN,9
2025-03-01,INCY,1
2025-03-01,ISRG,1
2025-03-01,IVZ,26
2025-03-01,LULU,8
2025-03-01,MA,39
2025-03-01,MAS,0
2025-03-01,META,16
2025-03-01,RMD,0
2025-03-01,ROP,0
2025-03-01,SCHW,43
2025-03-01,UHS,3
2025-03-02,ADBE,161
2025-03-02,APH,2
2025-03-02,APP,3
2025-03-02,BKR,1
2025-03-02,BSX,0
2025-03-02,CMI,14
2025-03-02,COST,44
2025-03-02,DASH,6
2025-03-02,EME,0
2025-03-02,GRMN,7
2025-03-02,INCY,0
2025-03-02,ISRG,1
2025-03-02,IVZ,30
2025-03-02,LULU,5
2025-03-02,MA,94
2025-03-02,MAS,1
2025-03-02,META,17
2025-03-02,RMD,0
2025-03-02,ROP,2
2025-03-02,SCHW,59
2025-03-02,UHS,0
2025-03-03,ADBE,89
2025-03-03,APH,2
2025-03-03,APP,8
2025-03-03,BKR,3
2025-03-03,BSX,4
2025-03-03,CMI,24
2025-03-03,COST,77
2025-03-03,DASH,16
2025-03-03,EME,0
2025-03-03,GRMN,7
2025-03-03,INCY,1
2025-03-03,ISRG,5
2025-03-03,IVZ,50
2025-03-03,LULU,5
2025-03-03,MA,33
2025-03-03,MAS,1
2025-03-03,META,24
2025-03-03,RMD,1
2025-03-03,ROP,2
2025-03-03,SCHW,40
2025-03-03,UHS,1
2025-03-04,ADBE,129
2025-03-04,APH,2
2025-03-04,APP,5
2025-03-04,BKR,5
2025-03-04,BSX,10
2025-03-04,CMI,31
2025-03-04,COST,63
2025-03-04,DASH,8
2025-03-04,EME,2
2025-03-04,GRMN,11
2025-03-04,INCY,2
2025-03-04,ISRG,4
2025-03-04,IVZ,43
2025-03-04,LULU,4
2025-03-04,MA,31
2025-03-04,MAS,0
2025-03-04,META,28
2025-03-04,RMD,3
2025-03-04,ROP,2
2025-03-04,SCHW,139
2025-03-04,UHS,1
2025-03-05,ADBE,148
2025-03-05,APH,1
2025-03-05,APP,7
2025-03-05,BKR,3
2025-03-05,BSX,3
2025-03-05,CMI,56
2025-03-05,COST,97
2025-03-05,DASH,71
2025-03-05,EME,3
2025-03-05,GRMN,10
2025-03-05,INCY,2
2025-03-05,ISRG,0
2025-03-05,IVZ,42
2025-03-05,LULU,6
2025-03-05,MA,62
2025-03-05,MAS,0
2025-03-05,META,24
2025-03-05,RMD,3
2025-03-05,ROP,2
2025-03-05,SCHW,93
2025-03-05,UHS,1
2025-03-06,ADBE,142
2025-03-06,APH,1
2025-03-06,APP,8
2025-03-06,BKR,6
2025-03-06,BSX,4
2025-03-06,CMI,21
2025-03-06,COST,120
2025-03-06,DASH,18
2025-03-06,EME,1
2025-03-06,GRMN,43
2025-03-06,INCY,2
2025-03-06,ISRG,4
2025-03-06,IVZ,26
2025-03-06,LULU,26
2025-03-06,MA,41
2025-03-06,MAS,0
2025-03-06,META,25
2025-03-06,RMD,5
2025-03-06,ROP,2
2025-03-06,SCHW,52
2025-03-06,UHS,1
2025-03-07,ADBE,119
2025-03-07,APH,0
2025-03-07,APP,5
2025-03-07,BKR,7
2025-03-07,BSX,1
2025-03-07,CMI,20
2025-03-07,COST,167
2025-03-07,DASH,23
2025-03-07,EME,0
2025-03-07,GRMN,14
2025-03-07,INCY,0
2025-03-07,ISRG,2
2025-03-07,IVZ,34
2025-03-07,LULU,11
2025-03-07,MA,35
2025-03-07,MAS,0
2025-03-07,META,37
2025-03-07,RMD,2
2025-03-07,ROP,2
2025-03-07,SCHW,67
2025-03-07,UHS,1
2025-03-08,ADBE,100
2025-03-08,APH,0
2025-03-08,APP,2
2025-03-08,BKR,0
2025-03-08,BSX,8
2025-03-08,CMI,25
2025-03-08,COST,84
2025-03-08,DASH,17
2025-03-08,EME,1
2025-03-08,GRMN,3
2025-03-08,INCY,7
2025-03-08,ISRG,1
2025-03-08,IVZ,29
2025-03-08,LULU,3
2025-03-08,MA,22
2025-03-08,MAS,2
2025-03-08,META,29
2025-03-08,RMD,0
2025-03-08,ROP,2
2025-03-08,SCHW,95
2025-03-08,UHS,0
2025-03-09,ADBE,138
2025-03-09,APH,3
2025-03-09,APP,7
2025-03-09,BKR,2
2025-03-09,BSX,1
2025-03-09,CMI,14
2025-03-09,COST,45
2025-03-09,DASH,10
2025-03-09,EME,1
2025-03-09,GRMN,4
2025-03-09,INCY,0
2025-03-09,ISRG,5
2025-03-09,IVZ,11
2025-03-09,LULU,2
2025-03-09,MA,28
2025-03-09,MAS,0
2025-03-09,META,17
2025-03-09,RMD,2
2025-03-09,ROP,1
2025-03-09,SCHW,84
2025-03-09,UHS,0
2025-03-10,ADBE,92
2025-03-10,APH,1
2025-03-10,APP,2
2025-03-10,BKR,5
2025-03-10,BSX,2
2025-03-10,CMI,11
2025-03-10,COST,86
2025-03-10,DASH,16
2025-03-10,EME,0
2025-03-10,GRMN,17
2025-03-10,INCY,0
2025-03-10,ISRG,5
2025-03-10,IVZ,16
2025-03-10,LULU,14
2025-03-10,MA,19
2025-03-10,MAS,0
2025-03-10,META,35
2025-03-10,RMD,3
2025-03-10,ROP,1
2025-03-10,SCHW,28
2025-03-10,UHS,1
2025-03-11,ADBE,178
2025-03-11,APH,1
2025-03-11,APP,11
2025-03-11,BKR,2
2025-03-11,BSX,4
2025-03-11,CMI,18
2025-03-11,COST,62
2025-03-11,DASH,12
2025-03-11,EME,0
2025-03-11,GRMN,21
2025-03-11,INCY,1
2025-03-11,ISRG,4
2025-03-11,IVZ,46
2025-03-11,LULU,7
2025-03-11,MA,52
2025-03-11,MAS,0
2025-03-11,META,67
2025-03-11,RMD,10
2025-03-11,ROP,3
2025-03-11,SCHW,72
2025-03-11,UHS,2
2025-03-12,ADBE,223
2025-03-12,APH,0
2025-03-12,APP,13
2025-03-12,BKR,8
2025-03-12,BSX,7
2025-03-12,CMI,33
2025-03-12,COST,102
2025-03-12,DASH,25
2025-03-12,EME,2
2025-03-12,GRMN,10
2025-03-12,INCY,1
2025-03-12,ISRG,5
2025-03-12,IVZ,67
2025-03-12,LULU,13
2025-03-12,MA,54
2025-03-12,MAS,1
2025-03-12,META,57
2025-03-12,RMD,10
2025-03-12,ROP,1
2025-03-12,SCHW,99
2025-03-12,UHS,0
2025-03-13,ADBE,193
2025-03-13,APH,0
2025-03-13,APP,8
2025-03-13,BKR,3
2025-03-13,BSX,4
2025-03-13,CMI,20
2025-03-13,COST,61
2025-03-13,DASH,11
2025-03-13,EME,0
2025-03-13,GRMN,7
2025-03-13,INCY,0
2025-03-13,ISRG,4
2025-03-13,IVZ,40
2025-03-13,LULU,12
2025-03-13,MA,34
2025-03-13,MAS,0
2025-03-13,META,70
2025-03-13,RMD,2
2025-03-13,ROP,1
2025-03-13,SCHW,67
2025-03-13,UHS,1
2025-03-14,ADBE,138
2025-03-14,APH,0
2025-03-14,APP,5
2025-03-14,BKR,7
2025-03-14,BSX,4
2025-03-14,CMI,14
2025-03-14,COST,36
2025-03-14,DASH,12
2025-03-14,EME,1
2025-03-14,GRMN,21
2025-03-14,INCY,4
2025-03-14,ISRG,4
2025-03-14,IVZ,38
2025-03-14,LULU,9
2025-03-14,MA,31
2025-03-14,MAS,1
2025-03-14,META,39
2025-03-14,RMD,3
2025-03-14,ROP,1
2025-03-14,SCHW,122
2025-03-14,UHS,1
2025-03-15,ADBE,92
2025-03-15,APH,1
2025-03-15,APP,4
2025-03-15,BKR,85
2025-03-15,BSX,4
2025-03-15,CMI,8
2025-03-15,COST,50
2025-03-15,DASH,41
2025-03-15,EME,2
2025-03-15,GRMN,17
2025-03-15,INCY,1
2025-03-15,ISRG,9
2025-03-15,IVZ,37
2025-03-15,LULU,42
2025-03-15,MA,24
2025-03-15,MAS,2
2025-03-15,META,44
2025-03-15,RMD,3
2025-03-15,ROP,4
2025-03-15,SCHW,103
2025-03-15,UHS,0
2025-03-16,ADBE,61
2025-03-16,APH,1
2025-03-16,APP,6
2025-03-16,BKR,2
2025-03-16,BSX,0
2025-03-16,CMI,67
2025-03-16,COST,44
2025-03-16,DASH,4
2025-03-16,EME,1
2025-03-16,GRMN,27
2025-03-16,INCY,2
2025-03-16,ISRG,1
2025-03-16,IVZ,36
2025-03-16,LULU,2
2025-03-16,MA,19
2025-03-16,MAS,0
2025-03-16,META,23
2025-03-16,RMD,1
2025-03-16,ROP,2
2025-03-16,SCHW,95
2025-03-16,UHS,0
2025-03-17,ADBE,111
2025-03-17,APH,1
2025-03-17,APP,6
2025-03-17,BKR,3
2025-03-17,BSX,3
2025-03-17,CMI,18
2025-03-17,COST,74
2025-03-17,DASH,14
2025-03-17,EME,0
2025-03-17,GRMN,41
2025-03-17,INCY,10
2025-03-17,ISRG,5
2025-03-17,IVZ,47
2025-03-17,LULU,16
2025-03-17,MA,38
2025-03-17,MAS,1
2025-03-17,META,35
2025-03-17,RMD,2
2025-03-17,ROP,4
2025-03-17,SCHW,100
2025-03-17,UHS,1
2025-03-18,ADBE,108
2025-03-18,APH,0
2025-03-18,APP,9
2025-03-18,BKR,9
2025-03-18,BSX,4
2025-03-18,CMI,25
2025-03-18,COST,70
2025-03-18,DASH,13
2025-03-18,EME,2
2025-03-18,GRMN,23
2025-03-18,INCY,4
2025-03-18,ISRG,3
2025-03-18,IVZ,50
2025-03-18,LULU,10
2025-03-18,MA,44
2025-03-18,MAS,0
2025-03-18,META,37
2025-03-18,RMD,1
2025-03-18,ROP,0
2025-03-18,SCHW,80
2025-03-18,UHS,0
2025-03-19,ADBE,154
2025-03-19,APH,0
2025-03-19,APP,8
2025-03-19,BKR,3
2025-03-19,BSX,1
2025-03-19,CMI,96
2025-03-19,COST,78
2025-03-19,DASH,12
2025-03-19,EME,0
2025-03-19,GRMN,16
2025-03-19,INCY,2
2025-03-19,ISRG,4
2025-03-19,IVZ,35
2025-03-19,LULU,9
2025-03-19,MA,35
2025-03-19,MAS,1
2025-03-19,META,64
2025-03-19,RMD,1
2025-03-19,ROP,0
2025-03-19,SCHW,91
2025-03-19,UHS,0
2025-03-20,ADBE,180
2025-03-20,APH,2
2025-03-20,APP,3
2025-03-20,BKR,5
2025-03-20,BSX,2
2025-03-20,CMI,24
2025-03-20,COST,102
2025-03-20,DASH,29
2025-03-20,EME,1
2025-03-20,GRMN,14
2025-03-20,INCY,3
2025-03-20,ISRG,4
2025-03-20,IVZ,64
2025-03-20,LULU,13
2025-03-20,MA,28
2025-03-20,MAS,2
2025-03-20,META,35
2025-03-20,RMD,2
2025-03-20,ROP,1
2025-03-20,SCHW,162
2025-03-20,UHS,3
2025-03-21,ADBE,121
2025-03-21,APH,5
2025-03-21,APP,8
2025-03-21,BKR,10
2025-03-21,BSX,0
2025-03-21,CMI,22
2025-03-21,COST,84
2025-03-21,DASH,44
2025-03-21,EME,1
2025-03-21,GRMN,9
2025-03-21,INCY,1
2025-03-21,ISRG,4
2025-03-21,IVZ,54
2025-03-21,LULU,15
2025-03-21,MA,39
2025-03-21,MAS,0
2025-03-21,META,27
2025-03-21,RMD,3
2025-03-21,ROP,1
2025-03-21,SCHW,123
2025-03-21,UHS,0
2025-03-22,ADBE,109
2025-03-22,APH,3
2025-03-22,APP,5
2025-03-22,BKR,3
2025-03-22,BSX,2
2025-03-22,CMI,96
2025-03-22,COST,69
2025-03-22,DASH,23
2025-03-22,EME,1
2025-03-22,GRMN,5
2025-03-22,INCY,1
2025-03-22,ISRG,6
2025-03-22,IVZ,32
2025-03-22,LULU,9
2025-03-22,MA,27
2025-03-22,MAS,0
2025-03-22,META,35
2025-03-22,RMD,3
2025-03-22,ROP,2
2025-03-22,SCHW,133
2025-03-22,UHS,0
2025-03-23,ADBE,83
2025-03-23,APH,1
2025-03-23,APP,1
2025-03-23,BKR,3
2025-03-23,BSX,1
2025-03-23,CMI,26
2025-03-23,COST,79
2025-03-23,DASH,19
2025-03-23,EME,0
2025-03-23,GRMN,6
2025-03-23,INCY,0
2025-03-23,ISRG,3
2025-03-23,IVZ,35
2025-03-23,LULU,12
2025-03-23,MA,16
2025-03-23,MAS,1
2025-03-23,META,23
2025-03-23,RMD,1
2025-03-23,ROP,2
2025-03-23,SCHW,77
2025-03-23,UHS,0
2025-03-24,ADBE,106
2025-03-24,APH,1
2025-03-24,APP,3
2025-03-24,BKR,7
2025-03-24,BSX,1
2025-03-24,CMI,19
2025-03-24,COST,103
2025-03-24,DASH,22
2025-03-24,EME,0
2025-03-24,GRMN,22
2025-03-24,INCY,5
2025-03-24,ISRG,3
2025-03-24,IVZ,27
2025-03-24,LULU,19
2025-03-24,MA,65
2025-03-24,MAS,0
2025-03-24,META,35
2025-03-24,RMD,1
2025-03-24,ROP,2
2025-03-24,SCHW,27
2025-03-24,UHS,3
2025-03-25,ADBE,164
2025-03-25,APH,2
2025-03-25,APP,6
2025-03-25,BKR,4
2025-03-25,BSX,2
2025-03-25,CMI,25
2025-03-25,COST,199
2025-03-25,DASH,38
2025-03-25,EME,1
2025-03-25,GRMN,17
2025-03-25,INCY,0
2025-03-25,ISRG,9
2025-03-25,IVZ,59
2025-03-25,LULU,14
2025-03-25,MA,53
2025-03-25,MAS,1
2025-03-25,META,51
2025-03-25,RMD,5
2025-03-25,ROP,2
2025-03-25,SCHW,82
2025-03-25,UHS,2
2025-03-26,ADBE,135
2025-03-26,APH,1
2025-03-26,APP,4
2025-03-26,BKR,3
2025-03-26,BSX,4
2025-03-26,CMI,20
2025-03-26,COST,125
2025-03-26,DASH,21
2025-03-26,EME,3
2025-03-26,GRMN,15
2025-03-26,INCY,1
2025-03-26,ISRG,3
2025-03-26,IVZ,27
2025-03-26,LULU,15
2025-03-26,MA,65
2025-03-26,MAS,0
2025-03-26,META,64
2025-03-26,RMD,1
2025-03-26,ROP,2
2025-03-26,SCHW,86
2025-03-26,UHS,2
2025-03-27,ADBE,160
2025-03-27,APH,1
2025-03-27,APP,16
2025-03-27,BKR,4
2025-03-27,BSX,9
2025-03-27,CMI,37
2025-03-27,COST,88
2025-03-27,DASH,19
2025-03-27,EME,0
2025-03-27,GRMN,19
2025-03-27,INCY,2
2025-03-27,ISRG,3
2025-03-27,IVZ,49
2025-03-27,LULU,44
2025-03-27,MA,63
2025-03-27,MAS,4
2025-03-27,META,37
2025-03-27,RMD,2
2025-03-27,ROP,2
2025-03-27,SCHW,105
2025-03-27,UHS,2
2025-03-28,ADBE,141
2025-03-28,APH,4
2025-03-28,APP,28
2025-03-28,BKR,12
2025-03-28,BSX,9
2025-03-28,CMI,42
2025-03-28,COST,93
2025-03-28,DASH,21
2025-03-28,EME,0
2025-03-28,GRMN,22
2025-03-28,INCY,2
2025-03-28,ISRG,6
2025-03-28,IVZ,37
2025-03-28,LULU,192
2025-03-28,MA,43
2025-03-28,MAS,0
2025-03-28,META,41
2025-03-28,RMD,5
2025-03-28,ROP,0
2025-03-28,SCHW,118
2025-03-28,UHS,0
2025-03-29,ADBE,97
2025-03-29,APH,0
2025-03-29,APP,9
2025-03-29,BKR,3
2025-03-29,BSX,3
2025-03-29,CMI,19
2025-03-29,COST,76
2025-03-29,DASH,16
2025-03-29,EME,3
2025-03-29,GRMN,46
2025-03-29,INCY,2
2025-03-29,ISRG,4
2025-03-29,IVZ,53
2025-03-29,LULU,42
2025-03-29,MA,41
2025-03-29,MAS,0
2025-03-29,META,67
2025-03-29,RMD,3
2025-03-29,ROP,5
2025-03-29,SCHW,146
2025-03-29,UHS,3
2025-03-30,ADBE,78
2025-03-30,APH,3
2025-03-30,APP,5
2025-03-30,BKR,1
2025-03-30,BSX,2
2025-03-30,CMI,27
2025-03-30,COST,25
2025-03-30,DASH,7
2025-03-30,EME,0
2025-03-30,GRMN,4
2025-03-30,INCY,0
2025-03-30,ISRG,1
2025-03-30,IVZ,28
2025-03-30,LULU,12
2025-03-30,MA,15
2025-03-30,MAS,2
2025-03-30,META,25
2025-03-30,RMD,0
2025-03-30,ROP,1
2025-03-30,SCHW,89
2025-03-30,UHS,0
2025-03-31,ADBE,126
2025-03-31,APH,1
2025-03-31,APP,9
2025-03-31,BKR,7
2025-03-31,BSX,9
2025-03-31,CMI,42
2025-03-31,COST,105
2025-03-31,DASH,45
2025-03-31,EME,0
2025-03-31,GRMN,21
2025-03-31,INCY,4
2025-03-31,ISRG,8
2025-03-31,IVZ,37
2025-03-31,LULU,111
2025-03-31,MA,50
2025-03-31,MAS,1
2025-03-31,META,37
2025-03-31,RMD,0
2025-03-31,ROP,1
2025-03-31,SCHW,87
2025-03-31,UHS,2
2025-04-01,ADBE,118
2025-04-01,APH,3
2025-04-01,APP,10
2025-04-01,BKR,2
2025-04-01,BSX,3
2025-04-01,CMI,18
2025-04-01,COST,73
2025-04-01,DASH,17
2025-04-01,EME,0
2025-04-01,GRMN,15
2025-04-01,INCY,0
2025-04-01,ISRG,6
2025-04-01,IVZ,43
2025-04-01,LULU,19
2025-04-01,MA,53
2025-04-01,MAS,0
2025-04-01,META,33
2025-04-01,RMD,1
2025-04-01,ROP,2
2025-04-01,SCHW,93
2025-04-01,UHS,2
2025-04-02,ADBE,112
2025-04-02,APH,1
2025-04-02,APP,24
2025-04-02,BKR,3
2025-04-02,BSX,4
2025-04-02,CMI,24
2025-04-02,COST,98
2025-04-02,DASH,20
2025-04-02,EME,1
2025-04-02,GRMN,21
2025-04-02,INCY,1
2025-04-02,ISRG,1
2025-04-02,IVZ,38
2025-04-02,LULU,22
2025-04-02,MA,73
2025-04-02,MAS,0
2025-04-02,META,57
2025-04-02,RMD,5
2025-04-02,ROP,1
2025-04-02,SCHW,60
2025-04-02,UHS,2
2025-04-03,ADBE,217
2025-04-03,APH,0
2025-04-03,APP,39
2025-04-03,BKR,2
2025-04-03,BSX,5
2025-04-03,CMI,36
2025-04-03,COST,105
2025-04-03,DASH,53
2025-04-03,EME,0
2025-04-03,GRMN,36
2025-04-03,INCY,1
2025-04-03,ISRG,3
2025-04-03,IVZ,47
2025-04-03,LULU,120
2025-04-03,MA,56
2025-04-03,MAS,2
2025-04-03,META,57
2025-04-03,RMD,6
2025-04-03,ROP,4
2025-04-03,SCHW,121
2025-04-03,UHS,1
2025-04-04,ADBE,187
2025-04-04,APH,2
2025-04-04,APP,61
2025-04-04,BKR,7
2025-04-04,BSX,6
2025-04-04,CMI,40
2025-04-04,COST,98
2025-04-04,DASH,15
2025-04-04,EME,1
2025-04-04,GRMN,18
2025-04-04,INCY,1
2025-04-04,ISRG,1
2025-04-04,IVZ,61
2025-04-04,LULU,73
2025-04-04,MA,53
2025-04-04,MAS,0
2025-04-04,META,76
2025-04-04,RMD,7
2025-04-04,ROP,4
2025-04-04,SCHW,75
2025-04-04,UHS,2
2025-04-05,ADBE,106
2025-04-05,APH,2
2025-04-05,APP,27
2025-04-05,BKR,9
2025-04-05,BSX,4
2025-04-05,CMI,15
2025-04-05,COST,96
2025-04-05,DASH,10
2025-04-05,EME,1
2025-04-05,GRMN,21
2025-04-05,INCY,0
2025-04-05,ISRG,9
2025-04-05,IVZ,52
2025-04-05,LULU,21
2025-04-05,MA,36
2025-04-05,MAS,1
2025-04-05,META,34
2025-04-05,RMD,4
2025-04-05,ROP,3
2025-04-05,SCHW,157
2025-04-05,UHS,0
2025-04-06,ADBE,72
2025-04-06,APH,4
2025-04-06,APP,10
2025-04-06,BKR,6
2025-04-06,BSX,2
2025-04-06,CMI,17
2025-04-06,COST,48
2025-04-06,DASH,38
2025-04-06,EME,0
2025-04-06,GRMN,11
2025-04-06,INCY,3
2025-04-06,ISRG,3
2025-04-06,IVZ,31
2025-04-06,LULU,68
2025-04-06,MA,27
2025-04-06,MAS,0
2025-04-06,META,37
2025-04-06,RMD,1
2025-04-06,ROP,0
2025-04-06,SCHW,47
2025-04-06,UHS,2
2025-04-07,ADBE,96
2025-04-07,APH,1
2025-04-07,APP,6
2025-04-07,BKR,2
2025-04-07,BSX,6
2025-04-07,CMI,34
2025-04-07,COST,72
2025-04-07,DASH,18
2025-04-07,EME,1
2025-04-07,GRMN,15
2025-04-07,INCY,1
2025-04-07,ISRG,0
2025-04-07,IVZ,31
2025-04-07,LULU,21
2025-04-07,MA,80
2025-04-07,MAS,1
2025-04-07,META,32
2025-04-07,RMD,0
2025-04-07,ROP,0
2025-04-07,SCHW,18
2025-04-07,UHS,2
2025-04-08,ADBE,134
2025-04-08,APH,2
2025-04-08,APP,13
2025-04-08,BKR,6
2025-04-08,BSX,4
2025-04-08,CMI,18
2025-04-08,COST,134
2025-04-08,DASH,17
2025-04-08,EME,2
2025-04-08,GRMN,15
2025-04-08,INCY,4
2025-04-08,ISRG,3
2025-04-08,IVZ,83
2025-04-08,LULU,19
2025-04-08,MA,61
2025-04-08,MAS,2
2025-04-08,META,106
2025-04-08,RMD,1
2025-04-08,ROP,0
2025-04-08,SCHW,88
2025-04-08,UHS,3
2025-04-09,ADBE,198
2025-04-09,APH,1
2025-04-09,APP,10
2025-04-09,BACHY,1
2025-04-09,BKR,4
2025-04-09,BSX,5
2025-04-09,CHEF,1
2025-04-09,CLMT,2
2025-04-09,CMI,32
2025-04-09,COST,184
2025-04-09,DASH,17
2025-04-09,EME,1
2025-04-09,FIX,1
2025-04-09,GOLD,5
2025-04-09,GRMN,11
2025-04-09,INCY,0
2025-04-09,ISRG,3
2025-04-09,IVZ,101
2025-04-09,LULU,12
2025-04-09,MA,153
2025-04-09,MAS,0
2025-04-09,META,94
2025-04-09,RMD,3
2025-04-09,ROP,2
2025-04-09,SCHW,83
2025-04-09,UHS,3
2025-04-10,ADBE,185
2025-04-10,APH,3
2025-04-10,APP,14
2025-04-10,BKR,3
2025-04-10,BSX,6
2025-04-10,BTU,2
2025-04-10,CMI,14
2025-04-10,COST,75
2025-04-10,DASH,25
2025-04-10,EME,1
2025-04-10,GOLD,2
2025-04-10,GRMN,17
2025-04-10,INCY,1
2025-04-10,ISRG,6
2025-04-10,IVZ,106
2025-04-10,LULU,29
2025-04-10,MA,43
2025-04-10,MAS,0
2025-04-10,META,68
2025-04-10,RMD,0
2025-04-10,ROP,3
2025-04-10,SCHW,130
2025-04-10,UHS,2
2025-04-11,ADBE,172
2025-04-11,APH,2
2025-04-11,APP,8
2025-04-11,ARGT,1
2025-04-11,BACHY,1
2025-04-11,BKR,7
2025-04-11,BSX,5
2025-04-11,BTU,3
2025-04-11,CMI,32
2025-04-11,COST,110
2025-04-11,DASH,24
2025-04-11,EME,2
2025-04-11,GOLD,9
2025-04-11,GRMN,14
2025-04-11,INCY,1
2025-04-11,ISRG,4
2025-04-11,IVZ,105
2025-04-11,LULU,71
2025-04-11,MA,30
2025-04-11,MAS,1
2025-04-11,META,34
2025-04-11,RMD,2
2025-04-11,ROP,1
2025-04-11,SCHW,119
2025-04-11,UHS,3
2025-04-12,ADBE,237
2025-04-12,APH,3
2025-04-12,APP,3
2025-04-12,BKR,7
2025-04-12,BSX,2
2025-04-12,CMI,39
2025-04-12,COST,85
2025-04-12,DASH,14
2025-04-12,EME,3
2025-04-12,GRMN,18
2025-04-12,INCY,1
2025-04-12,ISRG,5
2025-04-12,IVZ,111
2025-04-12,LULU,15
2025-04-12,MA,35
2025-04-12,MAS,1
2025-04-12,META,111
2025-04-12,RMD,2
2025-04-12,ROP,1
2025-04-12,SCHW,106
2025-04-12,UHS,2
2025-04-13,ADBE,84
2025-04-13,APH,1
2025-04-13,APP,0
2025-04-13,BKR,3
2025-04-13,BSX,2
2025-04-13,CMI,13
2025-04-13,COST,45
2025-04-13,DASH,5
2025-04-13,EME,0
2025-04-13,GRMN,3
2025-04-13,INCY,0
2025-04-13,ISRG,2
2025-04-13,IVZ,39
2025-04-13,LULU,3
2025-04-13,MA,15
2025-04-13,MAS,1
2025-04-13,META,58
2025-04-13,RMD,0
2025-04-13,ROP,0
2025-04-13,SCHW,58
2025-04-13,UHS,0
2025-04-14,ADBE,104
2025-04-14,APH,0
2025-04-14,APP,4
2025-04-14,ARGT,2
2025-04-14,BACHY,2
2025-04-14,BKR,12
2025-04-14,BSX,1
2025-04-14,BTU,1
2025-04-14,BXC,1
2025-04-14,CMI,10
2025-04-14,COST,98
2025-04-14,DASH,20
2025-04-14,EME,0
2025-04-14,GOLD,1
2025-04-14,GRMN,8
2025-04-14,INCY,1
2025-04-14,ISRG,1
2025-04-14,IVZ,48
2025-04-14,LULU,7
2025-04-14,MA,15
2025-04-14,MAS,1
2025-04-14,META,107
2025-04-14,RMD,3
2025-04-14,ROP,0
2025-04-14,SCHW,41
2025-04-14,UHS,0
2025-04-15,ADBE,165
2025-04-15,APH,1
2025-04-15,APP,12
2025-04-15,BACHY,1
2025-04-15,BKR,6
2025-04-15,BSX,2
2025-04-15,BTU,4
2025-04-15,CMI,32
2025-04-15,COST,98
2025-04-15,DASH,15
2025-04-15,EME,0
2025-04-15,GAU,1
2025-04-15,GOLD,4
2025-04-15,GRMN,18
2025-04-15,INCY,2
2025-04-15,ISRG,2
2025-04-15,IVZ,72
2025-04-15,LULU,49
2025-04-15,MA,33
2025-04-15,MAS,1
2025-04-15,META,77
2025-04-15,RMD,2
2025-04-15,ROP,1
2025-04-15,SCHW,57
2025-04-15,UHS,5
2025-04-16,ADBE,189
2025-04-16,APH,0
2025-04-16,APP,14
2025-04-16,ARGT,1
2025-04-16,BACHY,1
2025-04-16,BKR,2
2025-04-16,BSX,8
2025-04-16,BTU,1
2025-04-16,BXC,1
2025-04-16,CHEF,1
2025-04-16,CMI,40
2025-04-16,COST,143
2025-04-16,DASH,25
2025-04-16,EME,0
2025-04-16,GOLD,5
2025-04-16,GRMN,14
2025-04-16,INCY,0
2025-04-16,ISRG,2
2025-04-16,IVZ,78
2025-04-16,LULU,44
2025-04-16,MA,64
2025-04-16,MAS,0
2025-04-16,META,61
2025-04-16,RMD,1
2025-04-16,ROP,0
2025-04-16,SCHW,63
2025-04-16,UHS,2
2025-04-17,ADBE,213
2025-04-17,APH,3
2025-04-17,APP,5
2025-04-17,ARGT,1
2025-04-17,BKR,10
2025-04-17,BSX,3
2025-04-17,CHEF,1
2025-04-17,CMI,28
2025-04-17,COST,123
2025-04-17,DASH,39
2025-04-17,EME,0
2025-04-17,GOLD,1
2025-04-17,GRMN,14
2025-04-17,INCY,1
2025-04-17,ISRG,0
2025-04-17,IVZ,67
2025-04-17,LULU,15
2025-04-17,MA,38
2025-04-17,MAS,1
2025-04-17,META,108
2025-04-17,RMD,3
2025-04-17,ROP,0
2025-04-17,SCHW,51
2025-04-17,UHS,1
2025-04-18,ADBE,203
2025-04-18,APH,2
2025-04-18,APP,8
2025-04-18,BKR,2
2025-04-18,BSX,7
2025-04-18,CMI,19
2025-04-18,COST,96
2025-04-18,DASH,11
2025-04-18,EME,0
2025-04-18,GOLD,1
2025-04-18,GRMN,16
2025-04-18,INCY,0
2025-04-18,ISRG,1
2025-04-18,IVZ,81
2025-04-18,LULU,22
2025-04-18,MA,46
2025-04-18,MAS,0
2025-04-18,META,47
2025-04-18,RMD,2
2025-04-18,ROP,1
2025-04-18,SCHW,48
2025-04-18,UHS,2
2025-04-19,ADBE,118
2025-04-19,APH,1
2025-04-19,APP,3
2025-04-19,BKR,0
2025-04-19,BSX,4
2025-04-19,CHEF,1
2025-04-19,CMI,10
2025-04-19,COST,39
2025-04-19,DASH,10
2025-04-19,EME,1
2025-04-19,GRMN,9
2025-04-19,INCY,0
2025-04-19,ISRG,7
2025-04-19,IVZ,29
2025-04-19,LULU,5
2025-04-19,MA,31
2025-04-19,MAS,0
2025-04-19,META,22
2025-04-19,RMD,1
2025-04-19,ROP,0
2025-04-19,SCHW,21
2025-04-19,UHS,1
2025-04-20,ADBE,89
2025-04-20,APH,1
2025-04-20,APP,4
2025-04-20,BKR,1
2025-04-20,BSX,0
2025-04-20,CMI,14
2025-04-20,COST,112
2025-04-20,DASH,47
2025-04-20,EME,0
2025-04-20,GOLD,1
2025-04-20,GRMN,7
2025-04-20,INCY,0
2025-04-20,ISRG,2
2025-04-20,IVZ,12
2025-04-20,LULU,6
2025-04-20,MA,14
2025-04-20,MAS,0
2025-04-20,META,15
2025-04-20,RMD,0
2025-04-20,ROP,0
2025-04-20,SCHW,15
2025-04-20,UHS,1
2025-04-21,ADBE,104
2025-04-21,APH,1
2025-04-21,APP,5
2025-04-21,BKR,4
2025-04-21,BSX,0
2025-04-21,CHEF,1
2025-04-21,CMI,11
2025-04-21,COST,40
2025-04-21,DASH,11
2025-04-21,EME,0
2025-04-21,GAU,1
2025-04-21,GOLD,2
2025-04-21,GRMN,14
2025-04-21,INCY,5
2025-04-21,ISRG,4
2025-04-21,IVZ,44
2025-04-21,LULU,44
2025-04-21,MA,46
2025-04-21,MAS,0
2025-04-21,META,141
2025-04-21,RMD,1
2025-04-21,ROP,2
2025-04-21,SCHW,24
2025-04-21,UHS,1
2025-04-22,ADBE,148
2025-04-22,APH,4
2025-04-22,APP,8
2025-04-22,BKR,11
2025-04-22,BSX,5
2025-04-22,CHEF,1
2025-04-22,CMI,48
2025-04-22,COST,93
2025-04-22,DASH,25
2025-04-22,EME,1
2025-04-22,GOLD,6
2025-04-22,GRMN,36
2025-04-22,INCY,2
2025-04-22,ISRG,10
2025-04-22,IVZ,57
2025-04-22,LULU,17
2025-04-22,MA,44
2025-04-22,MAS,3
2025-04-22,META,42
2025-04-22,RMD,1
2025-04-22,ROP,0
2025-04-22,SCHW,47
2025-04-22,UHS,1
2025-04-23,ADBE,109
2025-04-23,APH,8
2025-04-23,APP,4
2025-04-23,ARGT,1
2025-04-23,BKR,6
2025-04-23,BSX,39
2025-04-23,CHEF,1
2025-04-23,CMI,83
2025-04-23,COST,90
2025-04-23,DASH,14
2025-04-23,EME,0
2025-04-23,GOLD,5
2025-04-23,GRMN,6
2025-04-23,INCY,1
2025-04-23,ISRG,15
2025-04-23,IVZ,28
2025-04-23,LULU,16
2025-04-23,MA,41
2025-04-23,MAS,3
2025-04-23,META,161
2025-04-23,RMD,4
2025-04-23,ROP,0
2025-04-23,SCHW,14
2025-04-23,UHS,1
2025-04-24,ADBE,100
2025-04-24,APH,1
2025-04-24,APP,5
2025-04-24,BKR,4
2025-04-24,BSX,9
2025-04-24,BTU,3
2025-04-24,BXC,2
2025-04-24,CLMT,1
2025-04-24,CMI,31
2025-04-24,COST,84
2025-04-24,DASH,17
2025-04-24,EME,1
2025-04-24,GOLD,3
2025-04-24,GRMN,8
2025-04-24,INCY,0
2025-04-24,ISRG,2
2025-04-24,IVZ,22
2025-04-24,LULU,10
2025-04-24,MA,43
2025-04-24,MAS,1
2025-04-24,META,45
2025-04-24,RMD,8
2025-04-24,ROP,0
2025-04-24,SCHW,15
2025-04-24,UHS,0
2025-04-25,ADBE,181
2025-04-25,APH,1
2025-04-25,APP,2
2025-04-25,BKR,14
2025-04-25,BSX,1
2025-04-25,BTU,1
2025-04-25,CMI,30
2025-04-25,COST,122
2025-04-25,DASH,20
2025-04-25,EME,0
2025-04-25,GRMN,17
2025-04-25,INCY,0
2025-04-25,ISRG,3
2025-04-25,IVZ,16
2025-04-25,LULU,20
2025-04-25,MA,39
2025-04-25,MAS,1
2025-04-25,META,62
2025-04-25,RMD,4
2025-04-25,ROP,1
2025-04-25,SCHW,13
2025-04-25,UHS,2
2025-04-26,ADBE,112
2025-04-26,APH,0
2025-04-26,APP,7
2025-04-26,BKR,6
2025-04-26,BSX,2
2025-04-26,CMI,25
2025-04-26,COST,48
2025-04-26,DASH,12
2025-04-26,EME,1
2025-04-26,GRMN,5
2025-04-26,INCY,6
2025-04-26,ISRG,3
2025-04-26,IVZ,13
2025-04-26,LULU,4
2025-04-26,MA,16
2025-04-26,MAS,1
2025-04-26,META,34
2025-04-26,RMD,1
2025-04-26,ROP,0
2025-04-26,SCHW,6
2025-04-26,UHS,1
2025-04-27,ADBE,93
2025-04-27,APH,1
2025-04-27,APP,4
2025-04-27,BKR,0
2025-04-27,BSX,1
2025-04-27,BXC,1
2025-04-27,CMI,5
2025-04-27,COST,20
2025-04-27,DASH,7
2025-04-27,EME,0
2025-04-27,GOLD,1
2025-04-27,GRMN,6
2025-04-27,INCY,0
2025-04-27,ISRG,2
2025-04-27,IVZ,20
2025-04-27,LULU,4
2025-04-27,MA,26
2025-04-27,MAS,0
2025-04-27,META,25
2025-04-27,RMD,1
2025-04-27,ROP,1
2025-04-27,SCHW,13
2025-04-27,UHS,1
2025-04-28,ADBE,92
2025-04-28,APH,5
2025-04-28,APP,12
2025-04-28,ARGT,1
2025-04-28,BKR,8
2025-04-28,BSX,4
2025-04-28,CLMT,1
2025-04-28,CMI,13
2025-04-28,COST,41
2025-04-28,DASH,65
2025-04-28,EME,0
2025-04-28,GOLD,1
2025-04-28,GRMN,8
2025-04-28,INCY,2
2025-04-28,ISRG,1
2025-04-28,IVZ,15
2025-04-28,LULU,8
2025-04-28,MA,36
2025-04-28,MAS,0
2025-04-28,META,81
2025-04-28,RMD,2
2025-04-28,ROP,6
2025-04-28,SCHW,17
2025-04-28,UHS,1
2025-04-29,ADBE,172
2025-04-29,APH,2
2025-04-29,APP,14
2025-04-29,BKR,7
2025-04-29,BSX,10
2025-04-29,BTU,1
2025-04-29,BXC,6
2025-04-29,CLMT,1
2025-04-29,CMI,23
2025-04-29,COST,92
2025-04-29,DASH,34
2025-04-29,EME,0
2025-04-29,GRMN,11
2025-04-29,INCY,2
2025-04-29,ISRG,1
2025-04-29,IVZ,17
2025-04-29,LULU,33
2025-04-29,MA,82
2025-04-29,MAS,1
2025-04-29,META,122
2025-04-29,RMD,0
2025-04-29,ROP,1
2025-04-29,SCHW,14
2025-04-29,UHS,7
2025-04-30,ADBE,162
2025-04-30,APH,0
2025-04-30,APP,6
2025-04-30,BACHY,1
2025-04-30,BKR,7
2025-04-30,BSX,9
2025-04-30,BTU,1
2025-04-30,BXC,3
2025-04-30,CHEF,9
2025-04-30,CLMT,1
2025-04-30,CMI,24
2025-04-30,COST,55
2025-04-30,DASH,17
2025-04-30,EME,1
2025-04-30,GAU,1
2025-04-30,GOLD,2
2025-04-30,GRMN,20
2025-04-30,INCY,4
2025-04-30,ISRG,1
2025-04-30,IVZ,21
2025-04-30,LULU,37
2025-04-30,MA,73
2025-04-30,MAS,0
2025-04-30,META,134
2025-04-30,RMD,3
2025-04-30,ROP,0
2025-04-30,SCHW,17
2025-04-30,UHS,0
2025-05-01,ADBE,211
2025-05-01,APH,5
2025-05-01,APP,6
2025-05-01,BKR,2
2025-05-01,BSX,11
2025-05-01,BXC,4
2025-05-01,CHEF,5
2025-05-01,CMI,53
2025-05-01,COST,144
2025-05-01,DASH,54
2025-05-01,EME,1
2025-05-01,GOLD,3
2025-05-01,GRMN,21
2025-05-01,INCY,1
2025-05-01,ISRG,4
2025-05-01,IVZ,26
2025-05-01,LULU,17
2025-05-01,MA,59
2025-05-01,MAS,1
2025-05-01,META,196
2025-05-01,RMD,8
2025-05-01,ROP,2
2025-05-01,SCHW,14
2025-05-01,UHS,1
2025-05-02,ADBE,107
2025-05-02,APH,0
2025-05-02,APP,9
2025-05-02,ARGT,1
2025-05-02,BKR,6
2025-05-02,BSX,2
2025-05-02,BXC,1
2025-05-02,CHEF,2
2025-05-02,CMI,33
2025-05-02,COST,98
2025-05-02,DASH,11
2025-05-02,EME,0
2025-05-02,GOLD,1
2025-05-02,GRMN,13
2025-05-02,INCY,2
2025-05-02,ISRG,1
2025-05-02,IVZ,20
2025-05-02,LULU,16
2025-05-02,MA,44
2025-05-02,MAS,1
2025-05-02,META,156
2025-05-02,RMD,1
2025-05-02,ROP,0
2025-05-02,SCHW,14
2025-05-02,UHS,0
2025-05-03,ADBE,67
2025-05-03,APH,0
2025-05-03,APP,2
2025-05-03,BKR,2
2025-05-03,BSX,0
2025-05-03,CMI,16
2025-05-03,COST,31
2025-05-03,DASH,6
2025-05-03,EME,0
2025-05-03,GRMN,10
2025-05-03,INCY,0
2025-05-03,ISRG,1
2025-05-03,IVZ,16
2025-05-03,LULU,4
2025-05-03,MA,11
2025-05-03,MAS,1
2025-05-03,META,21
2025-05-03,RMD,0
2025-05-03,ROP,0
2025-05-03,SCHW,5
2025-05-03,UHS,0
2025-05-04,ADBE,71
2025-05-04,APH,0
2025-05-04,APP,12
2025-05-04,BKR,2
2025-05-04,BSX,1
2025-05-04,CMI,7
2025-05-04,COST,29
2025-05-04,DASH,21
2025-05-04,EME,0
2025-05-04,GRMN,7
2025-05-04,INCY,0
2025-05-04,ISRG,3
2025-05-04,IVZ,14
2025-05-04,LULU,5
2025-05-04,MA,19
2025-05-04,MAS,0
2025-05-04,META,60
2025-05-04,RMD,1
2025-05-04,ROP,0
2025-05-04,SCHW,12
2025-05-04,UHS,0
2025-05-05,ADBE,142
2025-05-05,APH,0
2025-05-05,APP,5
2025-05-05,BKR,6
2025-05-05,BSX,2
2025-05-05,BTU,10
2025-05-05,CMI,39
2025-05-05,COST,101
2025-05-05,DASH,63
2025-05-05,EME,1
2025-05-05,GAU,1
2025-05-05,GRMN,20
2025-05-05,INCY,1
2025-05-05,ISRG,2
2025-05-05,IVZ,24
2025-05-05,LULU,16
2025-05-05,MA,40
2025-05-05,MAS,2
2025-05-05,META,42
2025-05-05,RMD,2
2025-05-05,ROP,1
2025-05-05,SCHW,8
2025-05-05,UHS,0
2025-05-06,ADBE,181
2025-05-06,APH,0
2025-05-06,APP,1
2025-05-06,BKR,5
2025-05-06,BSX,1
2025-05-06,BTU,10
2025-05-06,CMI,34
2025-05-06,COST,65
2025-05-06,DASH,303
2025-05-06,EME,1
2025-05-06,GOLD,2
2025-05-06,GRMN,24
2025-05-06,INCY,2
2025-05-06,ISRG,1
2025-05-06,IVZ,11
2025-05-06,LULU,21
2025-05-06,MA,38
2025-05-06,MAS,1
2025-05-06,META,34
2025-05-06,RMD,4
2025-05-06,ROP,0
2025-05-06,SCHW,8
2025-05-06,UHS,0
2025-05-07,ADBE,185
2025-05-07,APH,1
2025-05-07,APP,15
2025-05-07,BACHY,3
2025-05-07,BKR,1
2025-05-07,BSX,3
2025-05-07,BTU,5
2025-05-07,BXC,1
2025-05-07,CMI,27
2025-05-07,COST,120
2025-05-07,DASH,163
2025-05-07,EME,0
2025-05-07,GOLD,6
2025-05-07,GRMN,15
2025-05-07,INCY,3
2025-05-07,ISRG,2
2025-05-07,IVZ,37
2025-05-07,LULU,6
2025-05-07,MA,80
2025-05-07,MAS,1
2025-05-07,META,57
2025-05-07,RMD,1
2025-05-07,ROP,0
2025-05-07,SCHW,18
2025-05-07,UHS,0
2025-05-08,ADBE,161
2025-05-08,APH,0
2025-05-08,APP,20
2025-05-08,BKR,0
2025-05-08,BSX,2
2025-05-08,CLMT,1
2025-05-08,CMI,17
2025-05-08,COST,86
2025-05-08,DASH,39
2025-05-08,EME,0
2025-05-08,GOLD,4
2025-05-08,GRMN,24
2025-05-08,INCY,2
2025-05-08,ISRG,3
2025-05-08,IVZ,19
2025-05-08,LULU,15
2025-05-08,MA,78
2025-05-08,MAS,12
2025-05-08,META,31
2025-05-08,RMD,0
2025-05-08,ROP,0
2025-05-08,SCHW,8
2025-05-08,UHS,0
2025-05-09,ADBE,126
2025-05-09,APH,2
2025-05-09,APP,8
2025-05-09,BKR,7
2025-05-09,BSX,2
2025-05-09,BTU,2
2025-05-09,BXC,1
2025-05-09,CHEF,1
2025-05-09,CLMT,7
2025-05-09,CMI,19
2025-05-09,COST,110
2025-05-09,DASH,40
2025-05-09,EME,0
2025-05-09,GAU,1
2025-05-09,GOLD,2
2025-05-09,GRMN,22
2025-05-09,INCY,3
2025-05-09,ISRG,0
2025-05-09,IVZ,27
2025-05-09,LULU,12
2025-05-09,MA,36
2025-05-09,MAS,1
2025-05-09,META,22
2025-05-09,RMD,0
2025-05-09,ROP,2
2025-05-09,SCHW,9
2025-05-09,UHS,1
2025-05-10,ADBE,106
2025-05-10,APH,0
2025-05-10,APP,2
2025-05-10,BKR,2
2025-05-10,BSX,1
2025-05-10,BTU,1
2025-05-10,BXC,1
2025-05-10,CMI,14
2025-05-10,COST,80
2025-05-10,DASH,21
2025-05-10,EME,2
2025-05-10,GRMN,16
2025-05-10,INCY,0
2025-05-10,ISRG,0
2025-05-10,IVZ,2
2025-05-10,LULU,6
2025-05-10,MA,27
2025-05-10,MAS,2
2025-05-10,META,23
2025-05-10,RMD,1
2025-05-10,ROP,0
2025-05-10,SCHW,10
2025-05-10,UHS,0
2025-05-11,ADBE,56
2025-05-11,APH,1
2025-05-11,APP,1
2025-05-11,BKR,1
2025-05-11,BSX,2
2025-05-11,CLMT,1
2025-05-11,CMI,15
2025-05-11,COST,38
2025-05-11,DASH,11
2025-05-11,EME,3
2025-05-11,GRMN,7
2025-05-11,INCY,0
2025-05-11,ISRG,0
2025-05-11,IVZ,9
2025-05-11,LULU,7
2025-05-11,MA,18
2025-05-11,MAS,0
2025-05-11,META,14
2025-05-11,RMD,1
2025-05-11,ROP,0
2025-05-11,SCHW,17
2025-05-11,UHS,0
2025-05-12,ADBE,93
2025-05-12,APH,0
2025-05-12,APP,2
2025-05-12,BKR,8
2025-05-12,BSX,2
2025-05-12,CMI,16
2025-05-12,COST,54
2025-05-12,DASH,13
2025-05-12,EME,0
2025-05-12,GAU,1
2025-05-12,GOLD,2
2025-05-12,GRMN,9
2025-05-12,INCY,0
2025-05-12,ISRG,1
2025-05-12,IVZ,20
2025-05-12,LULU,122
2025-05-12,MA,28
2025-05-12,MAS,5
2025-05-12,META,21
2025-05-12,RMD,0
2025-05-12,ROP,0
2025-05-12,SCHW,13
2025-05-12,UHS,0
2025-05-13,ADBE,162
2025-05-13,APH,2
2025-05-13,APP,4
2025-05-13,BACHY,1
2025-05-13,BKR,4
2025-05-13,BSX,4
2025-05-13,BTU,2
2025-05-13,BXC,1
2025-05-13,CLMT,2
2025-05-13,CMI,44
2025-05-13,COST,92
2025-05-13,DASH,25
2025-05-13,EME,0
2025-05-13,GOLD,1
2025-05-13,GRMN,17
2025-05-13,INCY,1
2025-05-13,ISRG,2
2025-05-13,IVZ,25
2025-05-13,LULU,50
2025-05-13,MA,48
2025-05-13,MAS,0
2025-05-13,META,54
2025-05-13,RMD,1
2025-05-13,ROP,0
2025-05-13,SCHW,18
2025-05-13,UHS,2
2025-05-14,ADBE,164
2025-05-14,APH,1
2025-05-14,APP,2
2025-05-14,BKR,4
2025-05-14,BSX,7
2025-05-14,CLMT,1
2025-05-14,CMI,29
2025-05-14,COST,86
2025-05-14,DASH,94
2025-05-14,EME,1
2025-05-14,GAU,3
2025-05-14,GOLD,3
2025-05-14,GRMN,18
2025-05-14,INCY,1
2025-05-14,ISRG,1
2025-05-14,IVZ,8
2025-05-14,LULU,16
2025-05-14,MA,49
2025-05-14,MAS,0
2025-05-14,META,39
2025-05-14,RMD,1
2025-05-14,ROP,0
2025-05-14,SCHW,14
2025-05-14,UHS,1
2025-05-15,ADBE,127
2025-05-15,APH,0
2025-05-15,APP,3
2025-05-15,BKR,7
2025-05-15,BSX,1
2025-05-15,BTU,1
2025-05-15,CMI,31
2025-05-15,COST,108
2025-05-15,DASH,69
2025-05-15,EME,1
2025-05-15,GAU,3
2025-05-15,GOLD,3
2025-05-15,GRMN,29
2025-05-15,INCY,2
2025-05-15,ISRG,4
2025-05-15,IVZ,25
2025-05-15,LULU,12
2025-05-15,MA,46
2025-05-15,MAS,0
2025-05-15,META,39
2025-05-15,RMD,1
2025-05-15,ROP,0
2025-05-15,SCHW,20
2025-05-15,UHS,2
2025-05-16,ADBE,96
2025-05-16,APH,0
2025-05-16,APP,2
2025-05-16,BKR,10
2025-05-16,BSX,0
2025-05-16,BXC,1
2025-05-16,CMI,18
2025-05-16,COST,57
2025-05-16,DASH,17
2025-05-16,EME,0
2025-05-16,GAU,2
2025-05-16,GRMN,20
2025-05-16,INCY,4
2025-05-16,ISRG,3
2025-05-16,IVZ,14
2025-05-16,LULU,5
2025-05-16,MA,43
2025-05-16,MAS,1
2025-05-16,META,51
2025-05-16,RMD,1
2025-05-16,ROP,0
2025-05-16,SCHW,30
2025-05-16,UHS,1
2025-05-17,ADBE,75
2025-05-17,APH,0
2025-05-17,APP,1
2025-05-17,BKR,1
2025-05-17,BSX,1
2025-05-17,CMI,8
2025-05-17,COST,54
2025-05-17,DASH,5
2025-05-17,EME,0
2025-05-17,GRMN,6
2025-05-17,INCY,1
2025-05-17,ISRG,0
2025-05-17,IVZ,12
2025-05-17,LULU,5
2025-05-17,MA,25
2025-05-17,MAS,0
2025-05-17,META,25
2025-05-17,RMD,0
2025-05-17,ROP,1
2025-05-17,SCHW,5
2025-05-17,UHS,0
2025-05-18,ADBE,101
2025-05-18,APH,0
2025-05-18,APP,0
2025-05-18,BKR,2
2025-05-18,BSX,0
2025-05-18,CHEF,1
2025-05-18,CMI,7
2025-05-18,COST,101
2025-05-18,DASH,9
2025-05-18,EME,0
2025-05-18,GRMN,5
2025-05-18,INCY,0
2025-05-18,ISRG,22
2025-05-18,IVZ,15
2025-05-18,LULU,3
2025-05-18,MA,21
2025-05-18,MAS,0
2025-05-18,META,15
2025-05-18,RMD,1
2025-05-18,ROP,0
2025-05-18,SCHW,9
2025-05-18,UHS,1
2025-05-19,ADBE,83
2025-05-19,APH,0
2025-05-19,APP,1
2025-05-19,ARGT,1
2025-05-19,BKR,7
2025-05-19,BSX,2
2025-05-19,CMI,21
2025-05-19,COST,135
2025-05-19,DASH,24
2025-05-19,EME,1
2025-05-19,GRMN,12
2025-05-19,INCY,1
2025-05-19,ISRG,0
2025-05-19,IVZ,5
2025-05-19,LULU,5
2025-05-19,MA,53
2025-05-19,MAS,0
2025-05-19,META,27
2025-05-19,RMD,1
2025-05-19,ROP,0
2025-05-19,SCHW,16
2025-05-19,UHS,0
2025-05-20,ADBE,179
2025-05-20,APH,2
2025-05-20,APP,3
2025-05-20,BKR,3
2025-05-20,BSX,4
2025-05-20,CHEF,1
2025-05-20,CMI,27
2025-05-20,COST,137
2025-05-20,DASH,30
2025-05-20,EME,1
2025-05-20,GOLD,3
2025-05-20,GRMN,9
2025-05-20,INCY,2
2025-05-20,ISRG,1
2025-05-20,IVZ,40
2025-05-20,LULU,8
2025-05-20,MA,54
2025-05-20,MAS,0
2025-05-20,META,89
2025-05-20,RMD,2
2025-05-20,ROP,0
2025-05-20,SCHW,29
2025-05-20,UHS,0
2025-05-21,ADBE,138
2025-05-21,APH,1
2025-05-21,APP,2
2025-05-21,BKR,3
2025-05-21,BSX,3
2025-05-21,BTU,1
2025-05-21,CMI,21
2025-05-21,COST,86
2025-05-21,DASH,56
2025-05-21,EME,0
2025-05-21,GRMN,14
2025-05-21,INCY,3
2025-05-21,ISRG,2
2025-05-21,IVZ,24
2025-05-21,LULU,10
2025-05-21,MA,70
2025-05-21,MAS,0
2025-05-21,META,49
2025-05-21,RMD,0
2025-05-21,ROP,0
2025-05-21,SCHW,34
2025-05-21,UHS,1
2025-05-22,ADBE,136
2025-05-22,APH,0
2025-05-22,APP,0
2025-05-22,BKR,2
2025-05-22,BSX,1
2025-05-22,BTU,1
2025-05-22,CMI,15
2025-05-22,COST,58
2025-05-22,DASH,56
2025-05-22,EME,0
2025-05-22,GAU,1
2025-05-22,GRMN,13
2025-05-22,INCY,2
2025-05-22,ISRG,2
2025-05-22,IVZ,11
2025-05-22,LULU,12
2025-05-22,MA,42
2025-05-22,MAS,0
2025-05-22,META,15
2025-05-22,RMD,0
2025-05-22,ROP,0
2025-05-22,SCHW,58
2025-05-22,UHS,2
2025-05-23,ADBE,150
2025-05-23,APH,0
2025-05-23,APP,2
2025-05-23,BACHY,3
2025-05-23,BKR,18
2025-05-23,BSX,5
2025-05-23,CMI,27
2025-05-23,COST,139
2025-05-23,DASH,17
2025-05-23,EME,1
2025-05-23,GOLD,1
2025-05-23,GRMN,23
2025-05-23,INCY,1
2025-05-23,ISRG,4
2025-05-23,IVZ,28
2025-05-23,LULU,8
2025-05-23,MA,53
2025-05-23,MAS,0
2025-05-23,META,33
2025-05-23,RMD,1
2025-05-23,ROP,1
2025-05-23,SCHW,24
2025-05-23,UHS,1
2025-05-24,ADBE,130
2025-05-24,APH,3
2025-05-24,APP,0
2025-05-24,BACHY,1
2025-05-24,BKR,2
2025-05-24,BSX,0
2025-05-24,BXC,1
2025-05-24,CHEF,1
2025-05-24,CMI,26
2025-05-24,COST,105
2025-05-24,DASH,28
2025-05-24,EME,0
2025-05-24,GRMN,25
2025-05-24,INCY,1
2025-05-24,ISRG,0
2025-05-24,IVZ,16
2025-05-24,LULU,1
2025-05-24,MA,17
2025-05-24,MAS,0
2025-05-24,META,48
2025-05-24,RMD,1
2025-05-24,ROP,0
2025-05-24,SCHW,17
2025-05-24,UHS,0
2025-05-25,ADBE,90
2025-05-25,APH,3
2025-05-25,APP,0
2025-05-25,BKR,1
2025-05-25,BSX,3
2025-05-25,CMI,10
2025-05-25,COST,106
2025-05-25,DASH,4
2025-05-25,EME,0
2025-05-25,GRMN,8
2025-05-25,INCY,0
2025-05-25,ISRG,0
2025-05-25,IVZ,19
2025-05-25,LULU,9
2025-05-25,MA,16
2025-05-25,MAS,0
2025-05-25,META,12
2025-05-25,RMD,0
2025-05-25,ROP,0
2025-05-25,SCHW,29
2025-05-25,UHS,1
2025-05-26,ADBE,107
2025-05-26,APH,0
2025-05-26,APP,1
2025-05-26,BACHY,1
2025-05-26,BKR,15
2025-05-26,BSX,11
2025-05-26,CMI,8
2025-05-26,COST,64
2025-05-26,DASH,7
2025-05-26,EME,1
2025-05-26,GRMN,11
2025-05-26,INCY,2
2025-05-26,ISRG,1
2025-05-26,IVZ,14
2025-05-26,LULU,4
2025-05-26,MA,34
2025-05-26,MAS,0
2025-05-26,META,14
2025-05-26,RMD,1
2025-05-26,ROP,0
2025-05-26,SCHW,11
2025-05-26,UHS,2
2025-05-27,ADBE,125
2025-05-27,APH,0
2025-05-27,APP,0
2025-05-27,BKR,6
2025-05-27,BSX,1
2025-05-27,CMI,22
2025-05-27,COST,109
2025-05-27,DASH,27
2025-05-27,EME,0
2025-05-27,GRMN,8
2025-05-27,INCY,1
2025-05-27,ISRG,1
2025-05-27,IVZ,33
2025-05-27,LULU,6
2025-05-27,MA,41
2025-05-27,MAS,0
2025-05-27,META,19
2025-05-27,RMD,0
2025-05-27,ROP,0
2025-05-27,SCHW,20
2025-05-27,UHS,0
2025-05-28,ADBE,171
2025-05-28,APH,3
2025-05-28,APP,5
2025-05-28,BACHY,2
2025-05-28,BKR,5
2025-05-28,BSX,10
2025-05-28,BXC,1
2025-05-28,CHEF,2
2025-05-28,CMI,19
2025-05-28,COST,93
2025-05-28,DASH,49
2025-05-28,EME,0
2025-05-28,GRMN,17
2025-05-28,INCY,0
2025-05-28,ISRG,3
2025-05-28,IVZ,57
2025-05-28,LULU,15
2025-05-28,MA,54
2025-05-28,MAS,1
2025-05-28,META,45
2025-05-28,RMD,1
2025-05-28,ROP,2
2025-05-28,SCHW,25
2025-05-28,UHS,0
2025-05-29,ADBE,170
2025-05-29,APH,1
2025-05-29,APP,1
2025-05-29,BKR,8
2025-05-29,BSX,4
2025-05-29,CMI,38
2025-05-29,COST,124
2025-05-29,DASH,29
2025-05-29,EME,0
2025-05-29,GRMN,16
2025-05-29,INCY,5
2025-05-29,ISRG,2
2025-05-29,IVZ,37
2025-05-29,LULU,9
2025-05-29,MA,51
2025-05-29,MAS,1
2025-05-29,META,54
2025-05-29,RMD,1
2025-05-29,ROP,1
2025-05-29,SCHW,16
2025-05-29,UHS,2
2025-05-30,ADBE,138
2025-05-30,APH,0
2025-05-30,APP,1
2025-05-30,BKR,10
2025-05-30,BSX,1
2025-05-30,CMI,28
2025-05-30,COST,384
2025-05-30,DASH,25
2025-05-30,EME,3
2025-05-30,GRMN,8
2025-05-30,INCY,2
2025-05-30,ISRG,3
2025-05-30,IVZ,16
2025-05-30,LULU,11
2025-05-30,MA,51
2025-05-30,MAS,0
2025-05-30,META,38
2025-05-30,RMD,2
2025-05-30,ROP,0
2025-05-30,SCHW,16
2025-05-30,UHS,0
2025-05-31,ADBE,84
2025-05-31,APH,0
2025-05-31,APP,0
2025-05-31,BKR,3
2025-05-31,BSX,1
2025-05-31,CMI,4
2025-05-31,COST,48
2025-05-31,DASH,13
2025-05-31,EME,0
2025-05-31,GRMN,9
2025-05-31,INCY,1
2025-05-31,ISRG,2
2025-05-31,IVZ,12
2025-05-31,LULU,4
2025-05-31,MA,21
2025-05-31,MAS,0
2025-05-31,META,15
2025-05-31,RMD,0
2025-05-31,ROP,0
2025-05-31,SCHW,6
2025-05-31,UHS,0
2025-06-01,ADBE,103
2025-06-01,APH,1
2025-06-01,APP,1
2025-06-01,BKR,2
2025-06-01,BSX,0
2025-06-01,CMI,15
2025-06-01,COST,99
2025-06-01,DASH,6
2025-06-01,EME,0
2025-06-01,GRMN,7
2025-06-01,INCY,1
2025-06-01,ISRG,4
2025-06-01,IVZ,22
2025-06-01,LULU,9
2025-06-01,MA,29
2025-06-01,MAS,0
2025-06-01,META,35
2025-06-01,RMD,0
2025-06-01,ROP,0
2025-06-01,SCHW,36
2025-06-01,UHS,0
2025-06-02,ADBE,180
2025-06-02,APH,1
2025-06-02,APP,3
2025-06-02,BKR,14
2025-06-02,BSX,5
2025-06-02,BXC,3
2025-06-02,CMI,30
2025-06-02,COST,87
2025-06-02,DASH,21
2025-06-02,EME,1
2025-06-02,GRMN,25
2025-06-02,INCY,1
2025-06-02,ISRG,5
2025-06-02,IVZ,49
2025-06-02,LULU,17
2025-06-02,MA,74
2025-06-02,MAS,0
2025-06-02,META,53
2025-06-02,RMD,1
2025-06-02,ROP,1
2025-06-02,SCHW,21
2025-06-02,UHS,2
2025-06-03,ADBE,169
2025-06-03,APH,10
2025-06-03,APP,3
2025-06-03,BKR,7
2025-06-03,BSX,6
2025-06-03,BXC,2
2025-06-03,CMI,23
2025-06-03,COST,102
2025-06-03,DASH,57
2025-06-03,EME,1
2025-06-03,GRMN,18
2025-06-03,INCY,5
2025-06-03,ISRG,2
2025-06-03,IVZ,54
2025-06-03,LULU,18
2025-06-03,MA,74
2025-06-03,MAS,2
2025-06-03,META,118
2025-06-03,RMD,2
2025-06-03,ROP,0
2025-06-03,SCHW,21
2025-06-03,UHS,0
2025-06-04,ADBE,179
2025-06-04,APH,6
2025-06-04,APP,3
2025-06-04,ARGT,1
2025-06-04,BACHY,1
2025-06-04,BKR,5
2025-06-04,BSX,2
2025-06-04,CMI,21
2025-06-04,COST,96
2025-06-04,DASH,39
2025-06-04,EME,2
2025-06-04,GRMN,24
2025-06-04,INCY,2
2025-06-04,ISRG,2
2025-06-04,IVZ,49
2025-06-04,LULU,23
2025-06-04,MA,91
2025-06-04,MAS,0
2025-06-04,META,132
2025-06-04,RMD,3
2025-06-04,ROP,1
2025-06-04,SCHW,37
2025-06-04,UHS,0
2025-06-05,ADBE,184
2025-06-05,APH,0
2025-06-05,APP,1
2025-06-05,BACHY,1
2025-06-05,BKR,6
2025-06-05,BSX,5
2025-06-05,CMI,32
2025-06-05,COST,428
2025-06-05,DASH,38
2025-06-05,EME,0
2025-06-05,GRMN,14
2025-06-05,INCY,7
2025-06-05,ISRG,1
2025-06-05,IVZ,21
2025-06-05,LULU,36
2025-06-05,MA,49
2025-06-05,MAS,0
2025-06-05,META,75
2025-06-05,RMD,1
2025-06-05,ROP,0
2025-06-05,SCHW,14
2025-06-05,UHS,1
2025-06-06,ADBE,199
2025-06-06,APH,1
2025-06-06,APP,4
2025-06-06,BKR,8
2025-06-06,BSX,0
2025-06-06,BTU,1
2025-06-06,CLMT,1
2025-06-06,CMI,38
2025-06-06,COST,134
2025-06-06,DASH,35
2025-06-06,EME,0
2025-06-06,GRMN,22
2025-06-06,INCY,1
2025-06-06,ISRG,2
2025-06-06,IVZ,31
2025-06-06,LULU,123
2025-06-06,MA,41
2025-06-06,MAS,1
2025-06-06,META,34
2025-06-06,RMD,0
2025-06-06,ROP,0
2025-06-06,SCHW,21
2025-06-06,UHS,0
2025-06-07,ADBE,114
2025-06-07,APH,0
2025-06-07,APP,3
2025-06-07,BKR,3
2025-06-07,BSX,2
2025-06-07,CMI,25
2025-06-07,COST,87
2025-06-07,DASH,12
2025-06-07,EME,0
2025-06-07,GRMN,16
2025-06-07,INCY,2
2025-06-07,ISRG,5
2025-06-07,IVZ,29
2025-06-07,LULU,29
2025-06-07,MA,24
2025-06-07,MAS,5
2025-06-07,META,30
2025-06-07,RMD,0
2025-06-07,ROP,1
2025-06-07,SCHW,30
2025-06-07,UHS,1
2025-06-08,ADBE,70
2025-06-08,APH,0
2025-06-08,APP,2
2025-06-08,BKR,7
2025-06-08,BSX,0
2025-06-08,CMI,22
2025-06-08,COST,59
2025-06-08,DASH,7
2025-06-08,EME,2
2025-06-08,GRMN,7
2025-06-08,INCY,0
2025-06-08,ISRG,7
2025-06-08,IVZ,24
2025-06-08,LULU,6
2025-06-08,MA,15
2025-06-08,MAS,0
2025-06-08,META,26
2025-06-08,RMD,1
2025-06-08,ROP,1
2025-06-08,SCHW,9
2025-06-08,UHS,0
2025-06-09,ADBE,155
2025-06-09,APH,0
2025-06-09,APP,9
2025-06-09,BKR,11
2025-06-09,BSX,1
2025-06-09,BTU,1
2025-06-09,CMI,25
2025-06-09,COST,109
2025-06-09,DASH,35
2025-06-09,EME,2
2025-06-09,GRMN,12
2025-06-09,INCY,0
2025-06-09,ISRG,7
2025-06-09,IVZ,31
2025-06-09,LULU,53
2025-06-09,MA,58
2025-06-09,MAS,0
2025-06-09,META,36
2025-06-09,RMD,1
2025-06-09,ROP,0
2025-06-09,SCHW,27
2025-06-09,UHS,4
2025-06-10,ADBE,185
2025-06-10,APH,7
2025-06-10,APP,6
2025-06-10,BKR,6
2025-06-10,BSX,2
2025-06-10,BXC,1
2025-06-10,CMI,48
2025-06-10,COST,132
2025-06-10,DASH,30
2025-06-10,EME,0
2025-06-10,GRMN,14
2025-06-10,INCY,2
2025-06-10,ISRG,3
2025-06-10,IVZ,50
2025-06-10,LULU,13
2025-06-10,MA,89
2025-06-10,MAS,0
2025-06-10,META,62
2025-06-10,RMD,2
2025-06-10,ROP,0
2025-06-10,SCHW,34
2025-06-10,UHS,2
2025-06-11,ADBE,170
2025-06-11,APH,1
2025-06-11,APP,3
2025-06-11,BKR,7
2025-06-11,BSX,1
2025-06-11,CMI,33
2025-06-11,COST,138
2025-06-11,DASH,18
2025-06-11,EME,0
2025-06-11,GRMN,12
2025-06-11,INCY,0
2025-06-11,ISRG,3
2025-06-11,IVZ,22
2025-06-11,LULU,70
2025-06-11,MA,19
2025-06-11,MAS,0
2025-06-11,META,29
2025-06-11,RMD,0
2025-06-11,ROP,2
2025-06-11,SCHW,18
2025-06-11,UHS,0
2025-06-12,ADBE,94
2025-06-12,APH,1
2025-06-12,APP,3
2025-06-12,BKR,4
2025-06-12,BSX,2
2025-06-12,CMI,26
2025-06-12,COST,62
2025-06-12,DASH,28
2025-06-12,EME,0
2025-06-12,GAU,1
2025-06-12,GRMN,16
2025-06-12,INCY,2
2025-06-12,ISRG,2
2025-06-12,IVZ,7
2025-06-12,LULU,15
2025-06-12,MA,34
2025-06-12,MAS,0
2025-06-12,META,45
2025-06-12,RMD,1
2025-06-12,ROP,1
2025-06-12,SCHW,14
2025-06-12,UHS,1
2025-06-13,ADBE,218
2025-06-13,APH,0
2025-06-13,APP,2
2025-06-13,BKR,7
2025-06-13,BSX,2
2025-06-13,CLMT,1
2025-06-13,CMI,41
2025-06-13,COST,71
2025-06-13,DASH,34
2025-06-13,EME,1
2025-06-13,GRMN,18
2025-06-13,INCY,3
2025-06-13,ISRG,2
2025-06-13,IVZ,27
2025-06-13,LULU,7
2025-06-13,MA,63
2025-06-13,MAS,1
2025-06-13,META,41
2025-06-13,RMD,1
2025-06-13,ROP,1
2025-06-13,SCHW,29
2025-06-13,UHS,0
2025-06-14,ADBE,105
2025-06-14,APH,0
2025-06-14,APP,1
2025-06-14,BKR,4
2025-06-14,BSX,1
2025-06-14,CLMT,1
2025-06-14,CMI,54
2025-06-14,COST,36
2025-06-14,DASH,8
2025-06-14,EME,0
2025-06-14,GRMN,5
2025-06-14,INCY,0
2025-06-14,ISRG,1
2025-06-14,IVZ,25
2025-06-14,LULU,3
2025-06-14,MA,33
2025-06-14,MAS,0
2025-06-14,META,18
2025-06-14,RMD,0
2025-06-14,ROP,0
2025-06-14,SCHW,37
2025-06-14,UHS,1
2025-06-18,ARGT,1
2025-06-18,BACHY,1
2025-06-18,CLMT,1
2025-06-18,GAU,2
2025-06-19,BACHY,1
2025-06-20,BXC,1
2025-06-21,BTU,1
2025-06-22,BACHY,1
2025-06-22,GAU,1
2025-06-23,BTU,1
2025-06-24,BACHY,1
2025-06-24,BXC,1
2025-06-24,CLMT,1
2025-06-25,ARGT,1
2025-06-25,BACHY,1
2025-06-25,BTU,2
2025-06-25,BXC,1
2025-06-26,BACHY,1
2025-06-26,BTU,1
2025-06-26,BXC,1
2025-06-27,BXC,1
2025-06-27,CHEF,1
2025-06-27,GOLD,1
2025-06-29,BACHY,1
2025-06-29,CLMT,2
2025-06-30,ARGT,1
2025-06-30,BACHY,2
2025-06-30,BTU,3
2025-06-30,BXC,1
2025-06-30,CLMT,14
2025-07-01,BTU,1
2025-07-01,BXC,1
2025-07-02,ADBE,165
2025-07-02,APH,3
2025-07-02,APP,2
2025-07-02,BACHY,1
2025-07-02,BKR,3
2025-07-02,BSX,4
2025-07-02,BTU,1
2025-07-02,CMI,28
2025-07-02,COST,147
2025-07-02,DASH,34
2025-07-02,EME,0
2025-07-02,GRMN,9
2025-07-02,INCY,0
2025-07-02,ISRG,6
2025-07-02,IVZ,33
2025-07-02,LULU,72
2025-07-02,MA,59
2025-07-02,MAS,1
2025-07-02,META,57
2025-07-02,RMD,2
2025-07-02,ROP,1
2025-07-02,SCHW,37
2025-07-02,UHS,1
2025-07-03,ADBE,166
2025-07-03,APH,2
2025-07-03,APP,3
2025-07-03,ARGT,1
2025-07-03,BKR,5
2025-07-03,BSX,1
2025-07-03,BTU,1
2025-07-03,CMI,21
2025-07-03,COST,114
2025-07-03,DASH,26
2025-07-03,EME,0
2025-07-03,GRMN,14
2025-07-03,INCY,2
2025-07-03,ISRG,3
2025-07-03,IVZ,40
2025-07-03,LULU,63
2025-07-03,MA,51
2025-07-03,MAS,0
2025-07-03,META,49
2025-07-03,RMD,1
2025-07-03,ROP,0
2025-07-03,SCHW,13
2025-07-03,UHS,1
2025-07-04,ADBE,132
2025-07-04,APH,0
2025-07-04,APP,3
2025-07-04,BKR,8
2025-07-04,BSX,3
2025-07-04,BTU,1
2025-07-04,CMI,29
2025-07-04,COST,124
2025-07-04,DASH,12
2025-07-04,EME,0
2025-07-04,GRMN,18
2025-07-04,INCY,1
2025-07-04,ISRG,3
2025-07-04,IVZ,22
2025-07-04,LULU,17
2025-07-04,MA,50
2025-07-04,MAS,0
2025-07-04,META,38
2025-07-04,RMD,0
2025-07-04,ROP,1
2025-07-04,SCHW,17
2025-07-04,UHS,0
2025-07-05,ADBE,83
2025-07-05,APH,0
2025-07-05,APP,1
2025-07-05,BKR,0
2025-07-05,BSX,1
2025-07-05,CMI,11
2025-07-05,COST,49
2025-07-05,DASH,10
2025-07-05,EME,0
2025-07-05,GRMN,10
2025-07-05,INCY,0
2025-07-05,ISRG,2
2025-07-05,IVZ,15
2025-07-05,LULU,12
2025-07-05,MA,15
2025-07-05,MAS,1
2025-07-05,META,52
2025-07-05,RMD,1
2025-07-05,ROP,0
2025-07-05,SCHW,13
2025-07-05,UHS,0
2025-07-06,ADBE,101
2025-07-06,APH,0
2025-07-06,APP,2
2025-07-06,BKR,1
2025-07-06,BSX,0
2025-07-06,CMI,22
2025-07-06,COST,40
2025-07-06,DASH,4
2025-07-06,EME,1
2025-07-06,GRMN,18
2025-07-06,INCY,1
2025-07-06,ISRG,0
2025-07-06,IVZ,10
2025-07-06,LULU,7
2025-07-06,MA,22
2025-07-06,MAS,0
2025-07-06,META,68
2025-07-06,RMD,1
2025-07-06,ROP,0
2025-07-06,SCHW,13
2025-07-06,UHS,0
2025-07-07,ADBE,164
2025-07-07,APH,1
2025-07-07,APP,5
2025-07-07,BACHY,1
2025-07-07,BKR,8
2025-07-07,BSX,2
2025-07-07,CMI,35
2025-07-07,COST,108
2025-07-07,DASH,18
2025-07-07,EME,0
2025-07-07,GRMN,72
2025-07-07,INCY,3
2025-07-07,ISRG,1
2025-07-07,IVZ,27
2025-07-07,LULU,33
2025-07-07,MA,51
2025-07-07,MAS,1
2025-07-07,META,23
2025-07-07,RMD,1
2025-07-07,ROP,0
2025-07-07,SCHW,25
2025-07-07,UHS,2
2025-07-08,ADBE,300
2025-07-08,APH,3
2025-07-08,APP,3
2025-07-08,BACHY,1
2025-07-08,BKR,3
2025-07-08,BSX,3
2025-07-08,BTU,1
2025-07-08,CHEF,1
2025-07-08,CMI,26
2025-07-08,COST,135
2025-07-08,DASH,86
2025-07-08,EME,0
2025-07-08,GAU,1
2025-07-08,GRMN,55
2025-07-08,INCY,0
2025-07-08,ISRG,5
2025-07-08,IVZ,38
2025-07-08,LULU,33
2025-07-08,MA,42
2025-07-08,MAS,0
2025-07-08,META,52
2025-07-08,RMD,0
2025-07-08,ROP,0
2025-07-08,SCHW,18
2025-07-08,UHS,1
2025-07-09,ADBE,157
2025-07-09,APH,0
2025-07-09,APP,4
2025-07-09,BKR,5
2025-07-09,BSX,5
2025-07-09,CHEF,2
2025-07-09,CMI,17
2025-07-09,COST,46
2025-07-09,DASH,52
2025-07-09,EME,2
2025-07-09,GAU,1
2025-07-09,GRMN,23
2025-07-09,INCY,2
2025-07-09,ISRG,4
2025-07-09,IVZ,23
2025-07-09,LULU,9
2025-07-09,MA,41
2025-07-09,MAS,1
2025-07-09,META,39
2025-07-09,RMD,1
2025-07-09,ROP,0
2025-07-09,SCHW,15
2025-07-09,UHS,0
2025-07-10,ADBE,144
2025-07-10,APH,1
2025-07-10,APP,2
2025-07-10,BACHY,1
2025-07-10,BKR,4
2025-07-10,BSX,6
2025-07-10,CHEF,2
2025-07-10,CMI,32
2025-07-10,COST,95
2025-07-10,DASH,38
2025-07-10,EME,1
2025-07-10,GRMN,65
2025-07-10,INCY,1
2025-07-10,ISRG,1
2025-07-10,IVZ,31
2025-07-10,LULU,14
2025-07-10,MA,54
2025-07-10,MAS,0
2025-07-10,META,61
2025-07-10,RMD,1
2025-07-10,ROP,1
2025-07-10,SCHW,20
2025-07-10,UHS,1
2025-07-11,ADBE,184
2025-07-11,APH,2
2025-07-11,APP,0
2025-07-11,BACHY,2
2025-07-11,BKR,8
2025-07-11,BSX,3
2025-07-11,CLMT,1
2025-07-11,CMI,27
2025-07-11,COST,80
2025-07-11,DASH,45
2025-07-11,EME,0
2025-07-11,GRMN,33
2025-07-11,INCY,2
2025-07-11,ISRG,0
2025-07-11,IVZ,23
2025-07-11,LULU,14
2025-07-11,MA,52
2025-07-11,MAS,0
2025-07-11,META,50
2025-07-11,RMD,2
2025-07-11,ROP,0
2025-07-11,SCHW,27
2025-07-11,UHS,1
2025-07-12,ADBE,96
2025-07-12,APH,1
2025-07-12,APP,1
2025-07-12,ARGT,1
2025-07-12,BKR,9
2025-07-12,BSX,0
2025-07-12,BTU,1
2025-07-12,CMI,45
2025-07-12,COST,56
2025-07-12,DASH,25
2025-07-12,EME,0
2025-07-12,GRMN,14
2025-07-12,INCY,4
2025-07-12,ISRG,1
2025-07-12,IVZ,8
2025-07-12,LULU,9
2025-07-12,MA,35
2025-07-12,MAS,0
2025-07-12,META,75
2025-07-12,RMD,3
2025-07-12,ROP,0
2025-07-12,SCHW,10
2025-07-12,UHS,1
2025-07-13,ADBE,85
2025-07-13,APH,0
2025-07-13,APP,1
2025-07-13,BKR,4
2025-07-13,BSX,0
2025-07-13,CMI,18
2025-07-13,COST,33
2025-07-13,DASH,10
2025-07-13,EME,0
2025-07-13,GRMN,4
2025-07-13,INCY,2
2025-07-13,ISRG,1
2025-07-13,IVZ,10
2025-07-13,LULU,3
2025-07-13,MA,22
2025-07-13,MAS,0
2025-07-13,META,79
2025-07-13,RMD,0
2025-07-13,ROP,0
2025-07-13,SCHW,4
2025-07-13,UHS,0
2025-07-14,ADBE,111
2025-07-14,APH,2
2025-07-14,APP,5
2025-07-14,BACHY,1
2025-07-14,BKR,6
2025-07-14,BSX,4
2025-07-14,BTU,2
2025-07-14,CMI,37
2025-07-14,COST,58
2025-07-14,DASH,21
2025-07-14,EME,0
2025-07-14,GAU,1
2025-07-14,GRMN,12
2025-07-14,INCY,4
2025-07-14,ISRG,1
2025-07-14,IVZ,21
2025-07-14,LULU,20
2025-07-14,MA,49
2025-07-14,MAS,0
2025-07-14,META,45
2025-07-14,RMD,0
2025-07-14,ROP,0
2025-07-14,SCHW,18
2025-07-14,UHS,1
2025-07-15,ADBE,188
2025-07-15,APH,2
2025-07-15,APP,4
2025-07-15,BKR,3
2025-07-15,BSX,4
2025-07-15,BTU,3
2025-07-15,CMI,41
2025-07-15,COST,70
2025-07-15,DASH,22
2025-07-15,EME,1
2025-07-15,GRMN,31
2025-07-15,INCY,10
2025-07-15,ISRG,3
2025-07-15,IVZ,34
2025-07-15,LULU,19
2025-07-15,MA,149
2025-07-15,MAS,2
2025-07-15,META,36
2025-07-15,RMD,3
2025-07-15,ROP,0
2025-07-15,SCHW,51
2025-07-15,UHS,0
2025-07-16,ADBE,202
2025-07-16,APH,1
2025-07-16,APP,1
2025-07-16,BKR,8
2025-07-16,BSX,3
2025-07-16,BXC,1
2025-07-16,CHEF,1
2025-07-16,CMI,24
2025-07-16,COST,54
2025-07-16,DASH,22
2025-07-16,EME,0
2025-07-16,GRMN,26
2025-07-16,INCY,0
2025-07-16,ISRG,2
2025-07-16,IVZ,32
2025-07-16,LULU,16
2025-07-16,MA,80
2025-07-16,MAS,0
2025-07-16,META,54
2025-07-16,RMD,2
2025-07-16,ROP,0
2025-07-16,SCHW,37
2025-07-16,UHS,0
2025-07-17,ADBE,142
2025-07-17,APH,1
2025-07-17,APP,1
2025-07-17,BKR,2
2025-07-17,BSX,1
2025-07-17,BTU,1
2025-07-17,CMI,16
2025-07-17,COST,47
2025-07-17,DASH,16
2025-07-17,EME,1
2025-07-17,GRMN,9
2025-07-17,INCY,4
2025-07-17,ISRG,0
2025-07-17,IVZ,17
2025-07-17,LULU,10
2025-07-17,MA,49
2025-07-17,MAS,1
2025-07-17,META,64
2025-07-17,RMD,0
2025-07-17,ROP,0
2025-07-17,SCHW,15
2025-07-17,UHS,0
2025-07-18,ADBE,192
2025-07-18,APH,10
2025-07-18,APP,3
2025-07-18,BKR,14
2025-07-18,BSX,3
2025-07-18,BTU,1
2025-07-18,BXC,3
2025-07-18,CHEF,2
2025-07-18,CLMT,1
2025-07-18,CMI,26
2025-07-18,COST,57
2025-07-18,DASH,27
2025-07-18,EME,1
2025-07-18,GRMN,11
2025-07-18,INCY,0
2025-07-18,ISRG,3
2025-07-18,IVZ,43
2025-07-18,LULU,13
2025-07-18,MA,83
2025-07-18,MAS,0
2025-07-18,META,124
2025-07-18,RMD,2
2025-07-18,ROP,0
2025-07-18,SCHW,54
2025-07-18,UHS,2
2025-07-19,ADBE,124
2025-07-19,APH,2
2025-07-19,APP,4
2025-07-19,BKR,11
2025-07-19,BSX,1
2025-07-19,CMI,13
2025-07-19,COST,47
2025-07-19,DASH,27
2025-07-19,EME,0
2025-07-19,GRMN,14
2025-07-19,INCY,0
2025-07-19,ISRG,0
2025-07-19,IVZ,22
2025-07-19,LULU,6
2025-07-19,MA,35
2025-07-19,MAS,2
2025-07-19,META,103
2025-07-19,RMD,1
2025-07-19,ROP,2
2025-07-19,SCHW,31
2025-07-19,UHS,0
2025-07-20,ADBE,72
2025-07-20,APH,1
2025-07-20,APP,2
2025-07-20,BACHY,1
2025-07-20,BKR,4
2025-07-20,BSX,2
2025-07-20,CMI,29
2025-07-20,COST,301
2025-07-20,DASH,22
2025-07-20,EME,0
2025-07-20,GRMN,10
2025-07-20,INCY,0
2025-07-20,ISRG,4
2025-07-20,IVZ,11
2025-07-20,LULU,3
2025-07-20,MA,22
2025-07-20,MAS,0
2025-07-20,META,32
2025-07-20,RMD,0
2025-07-20,ROP,2
2025-07-20,SCHW,8
2025-07-20,UHS,1
2025-07-21,ADBE,149
2025-07-21,APH,2
2025-07-21,APP,9
2025-07-21,BKR,22
2025-07-21,BSX,8
2025-07-21,BXC,1
2025-07-21,CMI,21
2025-07-21,COST,382
2025-07-21,DASH,19
2025-07-21,EME,0
2025-07-21,GRMN,26
2025-07-21,INCY,2
2025-07-21,ISRG,6
2025-07-21,IVZ,31
2025-07-21,LULU,4
2025-07-21,MA,31
2025-07-21,MAS,0
2025-07-21,META,37
2025-07-21,RMD,0
2025-07-21,ROP,4
2025-07-21,SCHW,15
2025-07-21,UHS,0
2025-07-22,ADBE,195
2025-07-22,APH,2
2025-07-22,APP,11
2025-07-22,BKR,19
2025-07-22,BSX,12
2025-07-22,BTU,1
2025-07-22,BXC,1
2025-07-22,CHEF,1
2025-07-22,CMI,21
2025-07-22,COST,223
2025-07-22,DASH,17
2025-07-22,EME,0
2025-07-22,GRMN,22
2025-07-22,INCY,0
2025-07-22,ISRG,17
2025-07-22,IVZ,56
2025-07-22,LULU,9
2025-07-22,MA,48
2025-07-22,MAS,1
2025-07-22,META,57
2025-07-22,RMD,0
2025-07-22,ROP,2
2025-07-22,SCHW,38
2025-07-22,UHS,1
2025-07-23,ADBE,162
2025-07-23,APH,12
2025-07-23,APP,4
2025-07-23,BKR,7
2025-07-23,BSX,11
2025-07-23,BTU,1
2025-07-23,CHEF,1
2025-07-23,CMI,17
2025-07-23,COST,137
2025-07-23,DASH,63
2025-07-23,EME,1
2025-07-23,FNV,1
2025-07-23,GRMN,14
2025-07-23,INCY,0
2025-07-23,ISRG,4
2025-07-23,IVZ,43
2025-07-23,LULU,8
2025-07-23,MA,59
2025-07-23,MAS,1
2025-07-23,META,31
2025-07-23,RMD,1
2025-07-23,ROP,1
2025-07-23,SCHW,59
2025-07-23,UHS,1
2025-07-24,ADBE,150
2025-07-24,AOS,11
2025-07-24,APH,4
2025-07-24,APP,1
2025-07-24,BKR,7
2025-07-24,BSX,4
2025-07-24,BTU,1
2025-07-24,CMI,12
2025-07-24,COST,114
2025-07-24,DASH,24
2025-07-24,EME,1
2025-07-24,GAU,1
2025-07-24,GRMN,10
2025-07-24,INCY,2
2025-07-24,ISRG,2
2025-07-24,IVZ,22
2025-07-24,LULU,14
2025-07-24,MA,49
2025-07-24,MAS,1
2025-07-24,META,33
2025-07-24,RMD,0
2025-07-24,ROP,0
2025-07-24,SCHW,9
2025-07-24,UHS,0
2025-07-25,ADBE,182
2025-07-25,AOS,6
2025-07-25,APH,3
2025-07-25,APP,3
2025-07-25,BACHY,1
2025-07-25,BKR,17
2025-07-25,BSX,4
2025-07-25,BTU,2
2025-07-25,BXC,1
2025-07-25,CMI,19
2025-07-25,COST,55
2025-07-25,DASH,19
2025-07-25,EME,1
2025-07-25,GRMN,18
2025-07-25,INCY,1
2025-07-25,ISRG,5
2025-07-25,IVZ,19
2025-07-25,LULU,20
2025-07-25,MA,41
2025-07-25,MAS,0
2025-07-25,META,34
2025-07-25,RMD,2
2025-07-25,ROP,1
2025-07-25,SCHW,14
2025-07-25,UHS,2
2025-07-26,ADBE,134
2025-07-26,AOS,1
2025-07-26,APH,2
2025-07-26,APP,2
2025-07-26,BKR,2
2025-07-26,BSX,2
2025-07-26,CMI,8
2025-07-26,COST,76
2025-07-26,DASH,11
2025-07-26,EME,1
2025-07-26,GRMN,5
2025-07-26,INCY,3
2025-07-26,ISRG,2
2025-07-26,IVZ,40
2025-07-26,LULU,3
2025-07-26,MA,31
2025-07-26,MAS,0
2025-07-26,META,28
2025-07-26,RMD,2
2025-07-26,ROP,2
2025-07-26,SCHW,9
2025-07-26,UHS,1
2025-07-27,ADBE,83
2025-07-27,AOS,2
2025-07-27,APH,1
2025-07-27,APP,1
2025-07-27,BKR,5
2025-07-27,BSX,5
2025-07-27,CHEF,1
2025-07-27,CMI,6
2025-07-27,COST,94
2025-07-27,DASH,14
2025-07-27,EME,1
2025-07-27,GAU,1
2025-07-27,GRMN,8
2025-07-27,INCY,1
2025-07-27,ISRG,2
2025-07-27,IVZ,67
2025-07-27,LULU,9
2025-07-27,MA,31
2025-07-27,MAS,1
2025-07-27,META,38
2025-07-27,RMD,2
2025-07-27,ROP,2
2025-07-27,SCHW,23
2025-07-27,UHS,2
2025-07-28,ADBE,182
2025-07-28,AOS,3
2025-07-28,APH,2
2025-07-28,APP,2
2025-07-28,ARGT,2
2025-07-28,BKR,7
2025-07-28,BSX,8
2025-07-28,BXC,2
2025-07-28,CHEF,1
2025-07-28,CLMT,3
2025-07-28,CMI,23
2025-07-28,COST,55
2025-07-28,DASH,49
2025-07-28,EME,0
2025-07-28,GRMN,17
2025-07-28,INCY,2
2025-07-28,ISRG,2
2025-07-28,IVZ,45
2025-07-28,LULU,5
2025-07-28,MA,94
2025-07-28,MAS,0
2025-07-28,META,124
2025-07-28,RMD,4
2025-07-28,ROP,3
2025-07-28,SCHW,33
2025-07-28,UHS,5
2025-07-29,ADBE,176
2025-07-29,AOS,1
2025-07-29,APH,6
2025-07-29,APP,2
2025-07-29,BKR,31
2025-07-29,BSX,7
2025-07-29,BTU,2
2025-07-29,BXC,6
2025-07-29,CMI,31
2025-07-29,COST,92
2025-07-29,DASH,32
2025-07-29,EME,3
2025-07-29,GRMN,10
2025-07-29,INCY,4
2025-07-29,ISRG,7
2025-07-29,IVZ,42
2025-07-29,LULU,22
2025-07-29,MA,62
2025-07-29,MAS,1
2025-07-29,META,142
2025-07-29,RMD,3
2025-07-29,ROP,1
2025-07-29,SCHW,11
2025-07-29,UHS,2
2025-07-30,ADBE,208
2025-07-30,AOS,1
2025-07-30,APH,3
2025-07-30,APP,1
2025-07-30,BKR,16
2025-07-30,BSX,3
2025-07-30,BTU,1
2025-07-30,BXC,3
2025-07-30,CHEF,9
2025-07-30,CMI,24
2025-07-30,COST,126
2025-07-30,DASH,31
2025-07-30,EME,1
2025-07-30,GRMN,20
2025-07-30,INCY,4
2025-07-30,ISRG,2
2025-07-30,IVZ,28
2025-07-30,LULU,5
2025-07-30,MA,43
2025-07-30,MAS,1
2025-07-30,META,116
2025-07-30,RMD,0
2025-07-30,ROP,1
2025-07-30,SCHW,17
2025-07-30,UHS,3
2025-07-31,ADBE,171
2025-07-31,AOS,2
2025-07-31,APH,1
2025-07-31,APP,1
2025-07-31,ARGT,1
2025-07-31,BACHY,1
2025-07-31,BKR,12
2025-07-31,BSX,5
2025-07-31,BTU,11
2025-07-31,BXC,2
2025-07-31,CHEF,3
2025-07-31,CMI,25
2025-07-31,COST,91
2025-07-31,DASH,17
2025-07-31,EME,4
2025-07-31,GRMN,15
2025-07-31,INCY,6
2025-07-31,ISRG,1
2025-07-31,IVZ,37
2025-07-31,LULU,14
2025-07-31,MA,63
2025-07-31,MAS,5
2025-07-31,META,167
2025-07-31,RMD,4
2025-07-31,ROP,0
2025-07-31,SCHW,12
2025-07-31,UHS,2
2025-08-01,ADBE,142
2025-08-01,AOS,1
2025-08-01,APH,0
2025-08-01,APP,2
2025-08-01,BKR,11
2025-08-01,BSX,8
2025-08-01,BXC,3
2025-08-01,CMI,27
2025-08-01,COST,51
2025-08-01,DASH,27
2025-08-01,EME,1
2025-08-01,FNV,1
2025-08-01,GAU,1
2025-08-01,GRMN,19
2025-08-01,INCY,3
2025-08-01,ISRG,1
2025-08-01,IVZ,23
2025-08-01,LULU,40
2025-08-01,MA,66
2025-08-01,MAS,0
2025-08-01,META,66
2025-08-01,RMD,9
2025-08-01,ROP,0
2025-08-01,SCHW,2
2025-08-01,UHS,2
2025-08-02,ADBE,115
2025-08-02,APH,1
2025-08-02,APP,2
2025-08-02,BKR,7
2025-08-02,BSX,0
2025-08-02,BTU,1
2025-08-02,CMI,9
2025-08-02,COST,41
2025-08-02,CRSP,1
2025-08-02,DASH,12
2025-08-02,EME,0
2025-08-02,GRMN,13
2025-08-02,INCY,0
2025-08-02,ISRG,1
2025-08-02,IVZ,19
2025-08-02,LULU,7
2025-08-02,MA,35
2025-08-02,MAS,1
2025-08-02,META,32
2025-08-02,RMD,1
2025-08-02,ROP,1
2025-08-02,SCHW,8
2025-08-02,UHS,1
2025-08-03,ADBE,137
2025-08-03,APH,1
2025-08-03,APP,3
2025-08-03,BKR,2
2025-08-03,BSX,0
2025-08-03,CMI,16
2025-08-03,COST,175
2025-08-03,DASH,6
2025-08-03,EME,1
2025-08-03,GRMN,5
2025-08-03,INCY,1
2025-08-03,ISRG,2
2025-08-03,IVZ,24
2025-08-03,LULU,5
2025-08-03,MA,25
2025-08-03,MAS,0
2025-08-03,META,43
2025-08-03,RMD,1
2025-08-03,ROP,0
2025-08-03,SCHW,5
2025-08-03,UHS,0
2025-08-04,ADBE,144
2025-08-04,APH,39
2025-08-04,APP,2
2025-08-04,BACHY,1
2025-08-04,BKR,6
2025-08-04,BSX,1
2025-08-04,BTU,3
2025-08-04,BXC,1
2025-08-04,CHEF,4
2025-08-04,CLMT,1
2025-08-04,CMI,10
2025-08-04,COST,109
2025-08-04,CRSP,3
2025-08-04,DASH,14
2025-08-04,EME,1
2025-08-04,GRMN,23
2025-08-04,INCY,4
2025-08-04,ISRG,2
2025-08-04,IVZ,21
2025-08-04,LULU,9
2025-08-04,MA,53
2025-08-04,MAS,2
2025-08-04,META,25
2025-08-04,RMD,0
2025-08-04,ROP,1
2025-08-04,SCHW,39
2025-08-04,UHS,2
2025-08-05,ADBE,179
2025-08-05,AOS,1
2025-08-05,APH,23
2025-08-05,APP,5
2025-08-05,ARGT,1
2025-08-05,BKR,7
2025-08-05,BSX,1
2025-08-05,CHEF,1
2025-08-05,CMI,25
2025-08-05,COST,121
2025-08-05,CRSP,7
2025-08-05,DASH,26
2025-08-05,EME,0
2025-08-05,GRMN,27
2025-08-05,INCY,12
2025-08-05,ISRG,2
2025-08-05,IVZ,32
2025-08-05,LULU,18
2025-08-05,MA,48
2025-08-05,MAS,3
2025-08-05,META,54
2025-08-05,RMD,1
2025-08-05,ROP,0
2025-08-05,SCHW,59
2025-08-05,UHS,1
2025-08-06,ADBE,169
2025-08-06,APH,3
2025-08-06,APP,7
2025-08-06,BKR,4
2025-08-06,BSX,31
2025-08-06,CMI,21
2025-08-06,COST,52
2025-08-06,CRSP,1
2025-08-06,DASH,25
2025-08-06,EME,3
2025-08-06,GRMN,9
2025-08-06,INCY,5
2025-08-06,ISRG,2
2025-08-06,IVZ,28
2025-08-06,LULU,6
2025-08-06,MA,43
2025-08-06,MAS,0
2025-08-06,META,38
2025-08-06,RMD,2
2025-08-06,ROP,1
2025-08-06,SCHW,19
2025-08-06,UHS,1
2025-08-07,ADBE,207
2025-08-07,APH,1
2025-08-07,APP,16
2025-08-07,BKR,11
2025-08-07,BSX,37
2025-08-07,BTU,1
2025-08-07,CLMT,1
2025-08-07,CMI,22
2025-08-07,COST,118
2025-08-07,CRSP,2
2025-08-07,DASH,74
2025-08-07,EME,1
2025-08-07,GRMN,34
2025-08-07,INCY,1
2025-08-07,ISRG,6
2025-08-07,IVZ,19
2025-08-07,LULU,23
2025-08-07,MA,37
2025-08-07,MAS,1
2025-08-07,META,29
2025-08-07,RMD,3
2025-08-07,ROP,2
2025-08-07,SCHW,10
2025-08-07,UHS,1
2025-08-08,ADBE,152
2025-08-08,AOS,2
2025-08-08,APH,6
2025-08-08,APP,10
2025-08-08,BKR,13
2025-08-08,BSX,4
2025-08-08,BTU,1
2025-08-08,CLMT,5
2025-08-08,CMI,20
2025-08-08,COST,65
2025-08-08,DASH,38
2025-08-08,EME,0
2025-08-08,FNV,3
2025-08-08,GRMN,12
2025-08-08,INCY,0
2025-08-08,ISRG,3
2025-08-08,IVZ,15
2025-08-08,LULU,12
2025-08-08,MA,78
2025-08-08,MAS,0
2025-08-08,META,38
2025-08-08,RMD,1
2025-08-08,ROP,0
2025-08-08,SCHW,20
2025-08-08,UHS,0
2025-08-09,ADBE,126
2025-08-09,APH,4
2025-08-09,APP,13
2025-08-09,BKR,3
2025-08-09,BSX,0
2025-08-09,BTU,1
2025-08-09,CMI,17
2025-08-09,COST,55
2025-08-09,DASH,15
2025-08-09,EME,0
2025-08-09,GRMN,11
2025-08-09,INCY,0
2025-08-09,ISRG,0
2025-08-09,IVZ,13
2025-08-09,LULU,8
2025-08-09,MA,49
2025-08-09,MAS,0
2025-08-09,META,26
2025-08-09,RMD,3
2025-08-09,ROP,3
2025-08-09,SCHW,23
2025-08-09,UHS,0
2025-08-10,ADBE,115
2025-08-10,APH,1
2025-08-10,APP,3
2025-08-10,BKR,0
2025-08-10,BSX,0
2025-08-10,CLMT,1
2025-08-10,CMI,12
2025-08-10,COST,32
2025-08-10,CRSP,1
2025-08-10,DASH,18
2025-08-10,EME,0
2025-08-10,GRMN,10
2025-08-10,INCY,0
2025-08-10,ISRG,1
2025-08-10,IVZ,17
2025-08-10,LULU,6
2025-08-10,MA,11
2025-08-10,MAS,1
2025-08-10,META,16
2025-08-10,RMD,2
2025-08-10,ROP,0
2025-08-10,SCHW,17
2025-08-10,UHS,0
2025-08-11,ADBE,131
2025-08-11,APH,1
2025-08-11,APP,0
2025-08-11,BKR,4
2025-08-11,BSX,2
2025-08-11,BXC,1
2025-08-11,CMI,19
2025-08-11,COST,60
2025-08-11,CRSP,1
2025-08-11,DASH,16
2025-08-11,EME,0
2025-08-11,FNV,6
2025-08-11,GRMN,17
2025-08-11,INCY,1
2025-08-11,ISRG,3
2025-08-11,IVZ,18
2025-08-11,LULU,5
2025-08-11,MA,23
2025-08-11,MAS,0
2025-08-11,META,26
2025-08-11,RMD,3
2025-08-11,ROP,0
2025-08-11,SCHW,13
2025-08-11,UHS,0
2025-08-12,ADBE,230
2025-08-12,AOS,2
2025-08-12,APH,1
2025-08-12,APP,0
2025-08-12,BKR,2
2025-08-12,BSX,8
2025-08-12,CHEF,1
2025-08-12,CLMT,1
2025-08-12,CMI,18
2025-08-12,COST,60
2025-08-12,CRSP,1
2025-08-12,DASH,73
2025-08-12,EME,0
2025-08-12,FNV,7
2025-08-12,GRMN,16
2025-08-12,INCY,2
2025-08-12,ISRG,3
2025-08-12,IVZ,27
2025-08-12,LULU,7
2025-08-12,MA,40
2025-08-12,MAS,0
2025-08-12,META,15
2025-08-12,RMD,2
2025-08-12,ROP,0
2025-08-12,SCHW,25
2025-08-12,UHS,1
2025-08-13,ADBE,250
2025-08-13,APH,3
2025-08-13,APP,3
2025-08-13,BKR,3
2025-08-13,BSX,8
2025-08-13,CLMT,1
2025-08-13,CMI,28
2025-08-13,COST,46
2025-08-13,CRSP,1
2025-08-13,DASH,78
2025-08-13,EME,0
2025-08-13,FNV,3
2025-08-13,GAU,4
2025-08-13,GRMN,18
2025-08-13,INCY,2
2025-08-13,ISRG,3
2025-08-13,IVZ,20
2025-08-13,LULU,9
2025-08-13,MA,44
2025-08-13,MAS,1
2025-08-13,META,33
2025-08-13,RMD,2
2025-08-13,ROP,0
2025-08-13,SCHW,22
2025-08-13,UHS,0
2025-08-14,ADBE,227
2025-08-14,AOS,1
2025-08-14,APH,4
2025-08-14,APP,2
2025-08-14,BKR,0
2025-08-14,BSX,2
2025-08-14,CMI,18
2025-08-14,COST,74
2025-08-14,CRSP,2
2025-08-14,DASH,52
2025-08-14,EME,0
2025-08-14,FNV,2
2025-08-14,GAU,4
2025-08-14,GRMN,12
2025-08-14,INCY,0
2025-08-14,ISRG,4
2025-08-14,IVZ,28
2025-08-14,LULU,17
2025-08-14,MA,45
2025-08-14,MAS,0
2025-08-14,META,63
2025-08-14,RMD,3
2025-08-14,ROP,0
2025-08-14,SCHW,21
2025-08-14,UHS,1
2025-08-15,ADBE,184
2025-08-15,AOS,2
2025-08-15,APH,5
2025-08-15,APP,4
2025-08-15,BKR,12
2025-08-15,BSX,3
2025-08-15,CMI,18
2025-08-15,COST,85
2025-08-15,CRSP,1
2025-08-15,DASH,93
2025-08-15,EME,0
2025-08-15,FNV,1
2025-08-15,GAU,2
2025-08-15,GRMN,24
2025-08-15,INCY,2
2025-08-15,ISRG,5
2025-08-15,IVZ,61
2025-08-15,LULU,22
2025-08-15,MA,62
2025-08-15,MAS,2
2025-08-15,META,75
2025-08-15,RMD,1
2025-08-15,ROP,1
2025-08-15,SCHW,40
2025-08-15,UHS,1
2025-08-16,ADBE,98
2025-08-16,APH,2
2025-08-16,APP,2
2025-08-16,BKR,6
2025-08-16,BSX,2
2025-08-16,CMI,77
2025-08-16,COST,102
2025-08-16,CRSP,1
2025-08-16,DASH,12
2025-08-16,EME,0
2025-08-16,FNV,1
2025-08-16,GRMN,8
2025-08-16,INCY,2
2025-08-16,ISRG,1
2025-08-16,IVZ,24
2025-08-16,LULU,9
2025-08-16,MA,24
2025-08-16,MAS,0
2025-08-16,META,24
2025-08-16,RMD,1
2025-08-16,ROP,1
2025-08-16,SCHW,11
2025-08-16,UHS,0
2025-08-17,ADBE,79
2025-08-17,APH,0
2025-08-17,APP,2
2025-08-17,BKR,1
2025-08-17,BSX,0
2025-08-17,CMI,11
2025-08-17,COST,52
2025-08-17,CRSP,2
2025-08-17,DASH,44
2025-08-17,EME,0
2025-08-17,GAU,1
2025-08-17,GRMN,10
2025-08-17,INCY,0
2025-08-17,ISRG,3
2025-08-17,IVZ,17
2025-08-17,LULU,3
2025-08-17,MA,17
2025-08-17,MAS,0
2025-08-17,META,28
2025-08-17,RMD,0
2025-08-17,ROP,0
2025-08-17,SCHW,28
2025-08-17,UHS,0
2025-08-18,ADBE,108
2025-08-18,APH,8
2025-08-18,APP,1
2025-08-18,BACHY,1
2025-08-18,BKR,2
2025-08-18,BSX,5
2025-08-18,CHEF,1
2025-08-18,CMI,20
2025-08-18,COST,45
2025-08-18,CRSP,1
2025-08-18,DASH,9
2025-08-18,EME,0
2025-08-18,FNV,2
2025-08-18,GRMN,17
2025-08-18,INCY,5
2025-08-18,ISRG,0
2025-08-18,IVZ,30
2025-08-18,LULU,14
2025-08-18,MA,49
2025-08-18,MAS,0
2025-08-18,META,30
2025-08-18,RMD,3
2025-08-18,ROP,0
2025-08-18,SCHW,22
2025-08-18,UHS,1
2025-08-19,ADBE,155
2025-08-19,APH,2
2025-08-19,APP,1
2025-08-19,BKR,4
2025-08-19,BSX,0
2025-08-19,BTU,9
2025-08-19,CMI,23
2025-08-19,COST,57
2025-08-19,CRSP,1
2025-08-19,DASH,22
2025-08-19,EME,2
2025-08-19,FNV,1
2025-08-19,GAU,1
2025-08-19,GRMN,14
2025-08-19,INCY,1
2025-08-19,ISRG,3
2025-08-19,IVZ,28
2025-08-19,LULU,20
2025-08-19,MA,33
2025-08-19,MAS,1
2025-08-19,META,95
2025-08-19,RMD,2
2025-08-19,ROP,0
2025-08-19,SCHW,18
2025-08-19,UHS,0
2025-08-20,ADBE,175
2025-08-20,APH,1
2025-08-20,APP,2
2025-08-20,BACHY,1
2025-08-20,BHP,2
2025-08-20,BKR,4
2025-08-20,BSX,3
2025-08-20,BTU,2
2025-08-20,CHEF,1
2025-08-20,CMI,44
2025-08-20,COST,318
2025-08-20,DASH,21
2025-08-20,EME,1
2025-08-20,FNV,1
2025-08-20,GAU,1
2025-08-20,GRMN,20
2025-08-20,INCY,2
2025-08-20,ISRG,3
2025-08-20,IVZ,31
2025-08-20,LULU,22
2025-08-20,MA,65
2025-08-20,MAS,0
2025-08-20,META,81
2025-08-20,RMD,0
2025-08-20,ROP,1
2025-08-20,SCHW,11
2025-08-20,UHS,0
2025-08-21,ADBE,183
2025-08-21,APH,4
2025-08-21,APP,4
2025-08-21,BKR,3
2025-08-21,BSX,6
2025-08-21,BXC,1
2025-08-21,CHEF,1
2025-08-21,CMI,27
2025-08-21,COST,78
2025-08-21,CRSP,1
2025-08-21,DASH,23
2025-08-21,EME,0
2025-08-21,FNV,1
2025-08-21,GRMN,16
2025-08-21,INCY,5
2025-08-21,ISRG,4
2025-08-21,IVZ,41
2025-08-21,LULU,16
2025-08-21,MA,44
2025-08-21,MAS,2
2025-08-21,META,69
2025-08-21,RMD,3
2025-08-21,ROP,2
2025-08-21,SCHW,9
2025-08-21,UHS,1
2025-08-22,ADBE,120
2025-08-22,APH,2
2025-08-22,APP,5
2025-08-22,BKR,6
2025-08-22,BSX,6
2025-08-22,CMI,36
2025-08-22,COST,59
2025-08-22,CRSP,2
2025-08-22,DASH,18
2025-08-22,EME,0
2025-08-22,FNV,2
2025-08-22,GRMN,18
2025-08-22,INCY,0
2025-08-22,ISRG,3
2025-08-22,IVZ,24
2025-08-22,LULU,14
2025-08-22,MA,33
2025-08-22,MAS,1
2025-08-22,META,56
2025-08-22,RMD,2
2025-08-22,ROP,0
2025-08-22,SCHW,6
2025-08-22,UHS,0
2025-08-23,ADBE,71
2025-08-23,APH,1
2025-08-23,APP,1
2025-08-23,BKR,2
2025-08-23,BSX,2
2025-08-23,CMI,8
2025-08-23,COST,47
2025-08-23,DASH,13
2025-08-23,EME,0
2025-08-23,FNV,1
2025-08-23,GRMN,34
2025-08-23,INCY,1
2025-08-23,ISRG,1
2025-08-23,IVZ,13
2025-08-23,LULU,26
2025-08-23,MA,15
2025-08-23,MAS,1
2025-08-23,META,22
2025-08-23,RMD,0
2025-08-23,ROP,1
2025-08-23,SCHW,8
2025-08-23,UHS,0
2025-08-24,ADBE,86
2025-08-24,APH,0
2025-08-24,APP,2
2025-08-24,BKR,4
2025-08-24,BSX,3
2025-08-24,CMI,19
2025-08-24,COST,47
2025-08-24,DASH,5
2025-08-24,EME,0
2025-08-24,FNV,1
2025-08-24,GRMN,16
2025-08-24,INCY,0
2025-08-24,ISRG,0
2025-08-24,IVZ,24
2025-08-24,LULU,10
2025-08-24,MA,8
2025-08-24,MAS,0
2025-08-24,META,20
2025-08-24,RMD,0
2025-08-24,ROP,1
2025-08-24,SCHW,6
2025-08-24,UHS,0
2025-08-25,ADBE,116
2025-08-25,APH,1
2025-08-25,APP,1
2025-08-25,BKR,4
2025-08-25,BSX,2
2025-08-25,CMI,17
2025-08-25,COST,62
2025-08-25,CRSP,3
2025-08-25,DASH,28
2025-08-25,EME,0
2025-08-25,FNV,3
2025-08-25,GRMN,10
2025-08-25,INCY,4
2025-08-25,ISRG,5
2025-08-25,IVZ,23
2025-08-25,LULU,9
2025-08-25,MA,38
2025-08-25,MAS,0
2025-08-25,META,87
2025-08-25,RMD,0
2025-08-25,ROP,2
2025-08-25,SCHW,13
2025-08-25,UHS,1
2025-08-26,ADBE,138
2025-08-26,AOS,1
2025-08-26,APH,6
2025-08-26,APP,6
2025-08-26,BHP,1
2025-08-26,BKR,6
2025-08-26,BSX,3
2025-08-26,CHEF,1
2025-08-26,CLMT,2
2025-08-26,CMI,14
2025-08-26,COST,62
2025-08-26,DASH,26
2025-08-26,EME,0
2025-08-26,GRMN,11
2025-08-26,INCY,0
2025-08-26,ISRG,2
2025-08-26,IVZ,34
2025-08-26,LULU,31
2025-08-26,MA,64
2025-08-26,MAS,0
2025-08-26,META,35
2025-08-26,RMD,0
2025-08-26,ROP,1
2025-08-26,SCHW,18
2025-08-26,UHS,1
2025-08-27,ADBE,202
2025-08-27,AOS,2
2025-08-27,APH,2
2025-08-27,APP,7
2025-08-27,BACHY,1
2025-08-27,BKR,2
2025-08-27,BSX,1
2025-08-27,CHEF,4
2025-08-27,CMI,89
2025-08-27,COST,78
2025-08-27,CRSP,1
2025-08-27,DASH,114
2025-08-27,EME,1
2025-08-27,GRMN,15
2025-08-27,INCY,10
2025-08-27,ISRG,5
2025-08-27,IVZ,49
2025-08-27,LULU,22
2025-08-27,MA,83
2025-08-27,MAS,0
2025-08-27,META,56
2025-08-27,RMD,0
2025-08-27,ROP,0
2025-08-27,SCHW,20
2025-08-27,UHS,2
2025-08-28,ADBE,183
2025-08-28,AOS,1
2025-08-28,APH,7
2025-08-28,APP,2
2025-08-28,BKR,1
2025-08-28,BSX,4
2025-08-28,BXC,2
2025-08-28,CHEF,1
2025-08-28,CMI,35
2025-08-28,COST,129
2025-08-28,CRSP,2
2025-08-28,DASH,20
2025-08-28,EME,1
2025-08-28,FNV,2
2025-08-28,GRMN,18
2025-08-28,INCY,3
2025-08-28,ISRG,2
2025-08-28,IVZ,30
2025-08-28,LULU,10
2025-08-28,MA,38
2025-08-28,MAS,0
2025-08-28,META,45
2025-08-28,RMD,2
2025-08-28,ROP,2
2025-08-28,SCHW,10
2025-08-28,UHS,1
2025-08-29,ADBE,160
2025-08-29,APH,4
2025-08-29,APP,2
2025-08-29,BACHY,1
2025-08-29,BHP,1
2025-08-29,BKR,14
2025-08-29,BSX,6
2025-08-29,BTU,1
2025-08-29,CMI,35
2025-08-29,COST,80
2025-08-29,CRSP,2
2025-08-29,DASH,10
2025-08-29,EME,1
2025-08-29,FNV,2
2025-08-29,GAU,1
2025-08-29,GRMN,16
2025-08-29,INCY,1
2025-08-29,ISRG,4
2025-08-29,IVZ,33
2025-08-29,LULU,30
2025-08-29,MA,51
2025-08-29,MAS,0
2025-08-29,META,46
2025-08-29,RMD,1
2025-08-29,ROP,0
2025-08-29,SCHW,5
2025-08-29,UHS,2
2025-08-30,ADBE,107
2025-08-30,APH,2
2025-08-30,APP,1
2025-08-30,BKR,2
2025-08-30,BSX,1
2025-08-30,CMI,11
2025-08-30,COST,66
2025-08-30,DASH,7
2025-08-30,EME,0
2025-08-30,GRMN,8
2025-08-30,INCY,0
2025-08-30,ISRG,1
2025-08-30,IVZ,15
2025-08-30,LULU,7
2025-08-30,MA,25
2025-08-30,MAS,0
2025-08-30,META,51
2025-08-30,RMD,0
2025-08-30,ROP,0
2025-08-30,SCHW,13
2025-08-30,UHS,1
2025-08-31,ADBE,49
2025-08-31,APH,2
2025-08-31,APP,1
2025-08-31,BKR,3
2025-08-31,BSX,0
2025-08-31,CMI,8
2025-08-31,COST,55
2025-08-31,CRSP,1
2025-08-31,DASH,5
2025-08-31,EME,0
2025-08-31,GRMN,4
2025-08-31,INCY,0
2025-08-31,ISRG,2
2025-08-31,IVZ,7
2025-08-31,LULU,11
2025-08-31,MA,21
2025-08-31,MAS,0
2025-08-31,META,31
2025-08-31,RMD,0
2025-08-31,ROP,0
2025-08-31,SCHW,2
2025-08-31,UHS,0
2025-09-01,ADBE,148
2025-09-01,APH,2
2025-09-01,APP,1
2025-09-01,BACHY,2
2025-09-01,BKR,4
2025-09-01,BSX,2
2025-09-01,CMI,8
2025-09-01,COST,144
2025-09-01,DASH,7
2025-09-01,EME,0
2025-09-01,GRMN,4
2025-09-01,INCY,0
2025-09-01,ISRG,1
2025-09-01,IVZ,12
2025-09-01,LULU,8
2025-09-01,MA,35
2025-09-01,MAS,1
2025-09-01,META,13
2025-09-01,RMD,1
2025-09-01,ROP,0
2025-09-01,SCHW,6
2025-09-01,UHS,0
2025-09-02,ADBE,138
2025-09-02,APH,8
2025-09-02,APP,3
2025-09-02,ARGT,1
2025-09-02,BKR,4
2025-09-02,BSX,4
2025-09-02,BTU,1
2025-09-02,CMI,43
2025-09-02,COST,332
2025-09-02,CRSP,2
2025-09-02,DASH,14
2025-09-02,EME,1
2025-09-02,FNV,1
2025-09-02,GRMN,12
2025-09-02,INCY,2
2025-09-02,ISRG,4
2025-09-02,IVZ,41
2025-09-02,LULU,6
2025-09-02,MA,35
2025-09-02,MAS,0
2025-09-02,META,39
2025-09-02,RMD,3
2025-09-02,ROP,1
2025-09-02,SCHW,12
2025-09-02,UHS,0
2025-09-03,ADBE,109
2025-09-03,APH,2
2025-09-03,APP,0
2025-09-03,BKR,2
2025-09-03,BSX,1
2025-09-03,BTU,2
2025-09-03,CLMT,1
2025-09-03,CMI,21
2025-09-03,COST,35
2025-09-03,CRSP,1
2025-09-03,DASH,9
2025-09-03,EME,0
2025-09-03,GRMN,19
2025-09-03,INCY,2
2025-09-03,ISRG,4
2025-09-03,IVZ,20
2025-09-03,LULU,9
2025-09-03,MA,25
2025-09-03,MAS,0
2025-09-03,META,43
2025-09-03,RMD,2
2025-09-03,ROP,1
2025-09-03,SCHW,13
2025-09-03,UHS,0
2025-09-04,ADBE,223
2025-09-04,APH,2
2025-09-04,APP,3
2025-09-04,ARGT,1
2025-09-04,BKR,8
2025-09-04,BSX,12
2025-09-04,CHEF,1
2025-09-04,CMI,19
2025-09-04,COST,96
2025-09-04,DASH,13
2025-09-04,EME,2
2025-09-04,GRMN,24
2025-09-04,INCY,1
2025-09-04,ISRG,4
2025-09-04,IVZ,24
2025-09-04,LULU,45
2025-09-04,MA,56
2025-09-04,MAS,0
2025-09-04,META,70
2025-09-04,RMD,3
2025-09-04,ROP,1
2025-09-04,SCHW,7
2025-09-04,UHS,0
2025-09-05,ADBE,196
2025-09-05,APH,2
2025-09-05,APP,7
2025-09-05,BKR,5
2025-09-05,BSX,3
2025-09-05,CLMT,1
2025-09-05,CMI,22
2025-09-05,COST,413
2025-09-05,DASH,11
2025-09-05,EME,6
2025-09-05,FNV,1
2025-09-05,GRMN,15
2025-09-05,INCY,1
2025-09-05,ISRG,1
2025-09-05,IVZ,30
2025-09-05,LULU,93
2025-09-05,MA,36
2025-09-05,MAS,4
2025-09-05,META,71
2025-09-05,RMD,1
2025-09-05,ROP,0
2025-09-05,SCHW,16
2025-09-05,UHS,0
2025-09-06,ADBE,166
2025-09-06,APH,1
2025-09-06,APP,7
2025-09-06,BKR,2
2025-09-06,BSX,8
2025-09-06,BTU,1
2025-09-06,CMI,14
2025-09-06,COST,39
2025-09-06,DASH,20
2025-09-06,EME,5
2025-09-06,GRMN,11
2025-09-06,INCY,0
2025-09-06,ISRG,3
2025-09-06,IVZ,11
2025-09-06,LULU,28
2025-09-06,MA,23
2025-09-06,MAS,0
2025-09-06,META,39
2025-09-06,RMD,1
2025-09-06,ROP,0
2025-09-06,SCHW,12
2025-09-06,UHS,0
2025-09-07,ADBE,108
2025-09-07,APH,1
2025-09-07,APP,4
2025-09-07,BKR,0
2025-09-07,BSX,1
2025-09-07,CMI,14
2025-09-07,COST,37
2025-09-07,DASH,9
2025-09-07,EME,2
2025-09-07,FNV,1
2025-09-07,GRMN,8
2025-09-07,INCY,0
2025-09-07,ISRG,2
2025-09-07,IVZ,11
2025-09-07,LULU,23
2025-09-07,MA,35
2025-09-07,MAS,0
2025-09-07,META,19
2025-09-07,RMD,0
2025-09-07,ROP,0
2025-09-07,SCHW,9
2025-09-07,UHS,1
2025-09-08,ADBE,148
2025-09-08,APH,1
2025-09-08,APP,83
2025-09-08,ARGT,3
2025-09-08,BKR,7
2025-09-08,BSX,3
2025-09-08,CMI,35
2025-09-08,COST,45
2025-09-08,DASH,18
2025-09-08,EME,68
2025-09-08,FNV,1
2025-09-08,GRMN,23
2025-09-08,INCY,3
2025-09-08,ISRG,1
2025-09-08,IVZ,16
2025-09-08,LULU,13
2025-09-08,MA,38
2025-09-08,MAS,0
2025-09-08,META,41
2025-09-08,RMD,1
2025-09-08,ROP,2
2025-09-08,SCHW,8
2025-09-08,UHS,0
2025-09-09,ADBE,199
2025-09-09,AOS,1
2025-09-09,APH,1
2025-09-09,APP,44
2025-09-09,ARGT,2
2025-09-09,BHP,1
2025-09-09,BKR,5
2025-09-09,BSX,6
2025-09-09,BTU,1
2025-09-09,CMI,17
2025-09-09,COST,122
2025-09-09,CRSP,4
2025-09-09,DASH,53
2025-09-09,EME,31
2025-09-09,FNV,1
2025-09-09,GRMN,19
2025-09-09,INCY,1
2025-09-09,ISRG,2
2025-09-09,IVZ,35
2025-09-09,LULU,10
2025-09-09,MA,86
2025-09-09,MAS,0
2025-09-09,META,104
2025-09-09,RMD,0
2025-09-09,ROP,1
2025-09-09,SCHW,29
2025-09-09,UHS,0
2025-09-10,ADBE,482
2025-09-10,AOS,1
2025-09-10,APH,3
2025-09-10,APP,10
2025-09-10,BACHY,1
2025-09-10,BKR,6
2025-09-10,BSX,3
2025-09-10,BTU,2
2025-09-10,CLMT,1
2025-09-10,CMI,28
2025-09-10,COST,68
2025-09-10,DASH,35
2025-09-10,EME,5
2025-09-10,FNV,3
2025-09-10,GAU,1
2025-09-10,GRMN,17
2025-09-10,INCY,1
2025-09-10,ISRG,2
2025-09-10,IVZ,29
2025-09-10,LULU,17
2025-09-10,MA,55
2025-09-10,MAS,0
2025-09-10,META,60
2025-09-10,RMD,2
2025-09-10,ROP,0
2025-09-10,SCHW,18
2025-09-10,UHS,2
2025-09-11,ADBE,186
2025-09-11,APH,4
2025-09-11,APP,1
2025-09-11,ARGT,1
2025-09-11,BACHY,1
2025-09-11,BHP,1
2025-09-11,BKR,4
2025-09-11,BSX,3
2025-09-11,CMI,25
2025-09-11,COST,58
2025-09-11,CRSP,2
2025-09-11,DASH,28
2025-09-11,EME,2
2025-09-11,FNV,2
2025-09-11,GRMN,15
2025-09-11,INCY,3
2025-09-11,ISRG,2
2025-09-11,IVZ,25
2025-09-11,LULU,29
2025-09-11,MA,38
2025-09-11,MAS,0
2025-09-11,META,66
2025-09-11,RMD,1
2025-09-11,ROP,0
2025-09-11,SCHW,17
2025-09-11,UHS,1
2025-09-12,ADBE,250
2025-09-12,APH,5
2025-09-12,APP,4
2025-09-12,ARGT,1
2025-09-12,BHP,2
2025-09-12,BKR,5
2025-09-12,BSX,3
2025-09-12,CHEF,1
2025-09-12,CMI,43
2025-09-12,COST,88
2025-09-12,CRSP,1
2025-09-12,DASH,79
2025-09-12,EME,1
2025-09-12,GRMN,16
2025-09-12,INCY,0
2025-09-12,ISRG,7
2025-09-12,IVZ,32
2025-09-12,LULU,16
2025-09-12,MA,45
2025-09-12,MAS,0
2025-09-12,META,59
2025-09-12,RMD,1
2025-09-12,ROP,0
2025-09-12,SCHW,12
2025-09-12,UHS,1
2025-09-13,ADBE,116
2025-09-13,APH,1
2025-09-13,APP,5
2025-09-13,BHP,1
2025-09-13,BKR,2
2025-09-13,BSX,2
2025-09-13,BTU,1
2025-09-13,CMI,20
2025-09-13,COST,86
2025-09-13,CRSP,1
2025-09-13,DASH,12
2025-09-13,EME,2
2025-09-13,GRMN,8
2025-09-13,INCY,2
2025-09-13,ISRG,9
2025-09-13,IVZ,32
2025-09-13,LULU,4
2025-09-13,MA,22
2025-09-13,MAS,0
2025-09-13,META,41
2025-09-13,RMD,1
2025-09-13,ROP,0
2025-09-13,SCHW,15
2025-09-13,UHS,0
2025-09-14,ADBE,92
2025-09-14,APH,4
2025-09-14,APP,4
2025-09-14,BKR,3
2025-09-14,BSX,1
2025-09-14,CMI,3
2025-09-14,COST,38
2025-09-14,DASH,9
2025-09-14,EME,2
2025-09-14,FNV,2
2025-09-14,GRMN,10
2025-09-14,INCY,3
2025-09-14,ISRG,4
2025-09-14,IVZ,53
2025-09-14,LULU,23
2025-09-14,MA,21
2025-09-14,MAS,0
2025-09-14,META,57
2025-09-14,RMD,1
2025-09-14,ROP,0
2025-09-14,SCHW,48
2025-09-14,UHS,0
2025-09-15,ADBE,137
2025-09-15,AOS,1
2025-09-15,APH,0
2025-09-15,APP,7
2025-09-15,BHP,2
2025-09-15,BKR,3
2025-09-15,BSX,4
2025-09-15,BTU,1
2025-09-15,BXC,1
2025-09-15,CMI,19
2025-09-15,COST,424
2025-09-15,DASH,20
2025-09-15,EME,0
2025-09-15,FNV,1
2025-09-15,GRMN,21
2025-09-15,INCY,1
2025-09-15,ISRG,4
2025-09-15,IVZ,43
2025-09-15,LULU,25
2025-09-15,MA,52
2025-09-15,MAS,0
2025-09-15,META,60
2025-09-15,RMD,1
2025-09-15,ROP,0
2025-09-15,SCHW,33
2025-09-15,UHS,2
2025-09-16,ADBE,104
2025-09-16,APH,2
2025-09-16,APP,4
2025-09-16,ARGT,1
2025-09-16,BHP,1
2025-09-16,BKR,3
2025-09-16,BSX,2
2025-09-16,CMI,27
2025-09-16,COST,279
2025-09-16,DASH,12
2025-09-16,EME,4
2025-09-16,FNV,2
2025-09-16,GAU,1
2025-09-16,GRMN,19
2025-09-16,INCY,2
2025-09-16,ISRG,5
2025-09-16,IVZ,32
2025-09-16,LULU,30
2025-09-16,MA,57
2025-09-16,MAS,0
2025-09-16,META,44
2025-09-16,RMD,1
2025-09-16,ROP,2
2025-09-16,SCHW,22
2025-09-16,UHS,2
2025-09-17,ADBE,135
2025-09-17,APH,4
2025-09-17,APP,2
2025-09-17,BHP,5
2025-09-17,BKR,5
2025-09-17,BSX,3
2025-09-17,CMI,21
2025-09-17,COST,62
2025-09-17,CRSP,3
2025-09-17,DASH,33
2025-09-17,EME,0
2025-09-17,FNV,1
2025-09-17,GRMN,41
2025-09-17,INCY,3
2025-09-17,ISRG,1
2025-09-17,IVZ,31
2025-09-17,LULU,27
2025-09-17,MA,44
2025-09-17,MAS,0
2025-09-17,META,36
2025-09-17,RMD,0
2025-09-17,ROP,0
2025-09-17,SCHW,25
2025-09-17,UHS,0
2025-09-18,ADBE,98
2025-09-18,AOS,1
2025-09-18,APH,1
2025-09-18,APP,1
2025-09-18,BACHY,1
2025-09-18,BHP,4
2025-09-18,BKR,2
2025-09-18,BSX,2
2025-09-18,CMI,16
2025-09-18,COST,37
2025-09-18,CRSP,4
2025-09-18,DASH,47
2025-09-18,EME,0
2025-09-18,GAU,1
2025-09-18,GRMN,86
2025-09-18,INCY,3
2025-09-18,ISRG,4
2025-09-18,IVZ,28
2025-09-18,LULU,16
2025-09-18,MA,37
2025-09-18,MAS,0
2025-09-18,META,46
2025-09-18,RMD,1
2025-09-18,ROP,0
2025-09-18,SCHW,20
2025-09-18,UHS,0
2025-09-19,ADBE,177
2025-09-19,APH,4
2025-09-19,APP,2
2025-09-19,BHP,5
2025-09-19,BKR,12
2025-09-19,BSX,5
2025-09-19,BTU,4
2025-09-19,CMI,31
2025-09-19,COST,64
2025-09-19,DASH,27
2025-09-19,EME,2
2025-09-19,FNV,4
2025-09-19,GOLD,1
2025-09-19,GRMN,33
2025-09-19,INCY,8
2025-09-19,ISRG,5
2025-09-19,IVZ,43
2025-09-19,LULU,19
2025-09-19,MA,54
2025-09-19,MAS,0
2025-09-19,META,36
2025-09-19,RMD,1
2025-09-19,ROP,0
2025-09-19,SCHW,39
2025-09-19,UHS,2
2025-09-20,ADBE,106
2025-09-20,AOS,1
2025-09-20,APH,0
2025-09-20,APP,3
2025-09-20,BHP,1
2025-09-20,BKR,3
2025-09-20,BSX,1
2025-09-20,BTU,1
2025-09-20,CMI,12
2025-09-20,COST,89
2025-09-20,DASH,41
2025-09-20,EME,3
2025-09-20,GRMN,20
2025-09-20,INCY,7
2025-09-20,ISRG,2
2025-09-20,IVZ,36
2025-09-20,LULU,10
2025-09-20,MA,31
2025-09-20,MAS,0
2025-09-20,META,61
2025-09-20,RMD,1
2025-09-20,ROP,0
2025-09-20,SCHW,38
2025-09-20,UHS,2
2025-09-21,ADBE,98
2025-09-21,APH,0
2025-09-21,APP,2
2025-09-21,BKR,2
2025-09-21,BSX,2
2025-09-21,CMI,20
2025-09-21,COST,415
2025-09-21,DASH,5
2025-09-21,EME,0
2025-09-21,GRMN,70
2025-09-21,INCY,1
2025-09-21,ISRG,4
2025-09-21,IVZ,30
2025-09-21,LULU,5
2025-09-21,MA,53
2025-09-21,MAS,0
2025-09-21,META,67
2025-09-21,RMD,1
2025-09-21,ROP,0
2025-09-21,SCHW,22
2025-09-21,UHS,0
2025-09-22,ADBE,210
2025-09-22,APH,4
2025-09-22,APP,8
2025-09-22,ARGT,7
2025-09-22,BKR,10
2025-09-22,BSX,7
2025-09-22,CMI,23
2025-09-22,COST,592
2025-09-22,CRSP,2
2025-09-22,DASH,17
2025-09-22,EME,2
2025-09-22,GRMN,44
2025-09-22,INCY,4
2025-09-22,ISRG,1
2025-09-22,IVZ,49
2025-09-22,LULU,22
2025-09-22,MA,38
2025-09-22,MAS,0
2025-09-22,META,95
2025-09-22,RMD,2
2025-09-22,ROP,1
2025-09-22,SCHW,23
2025-09-22,UHS,2
2025-09-23,ADBE,176
2025-09-23,APH,2
2025-09-23,APP,2
2025-09-23,ARGT,3
2025-09-23,BKR,5
2025-09-23,BSX,7
2025-09-23,CMI,17
2025-09-23,COST,215
2025-09-23,CRSP,2
2025-09-23,DASH,19
2025-09-23,EME,1
2025-09-23,FNV,2
2025-09-23,GAU,1
2025-09-23,GRMN,23
2025-09-23,INCY,2
2025-09-23,ISRG,2
2025-09-23,IVZ,35
2025-09-23,LULU,14
2025-09-23,MA,64
2025-09-23,MAS,1
2025-09-23,META,59
2025-09-23,RMD,1
2025-09-23,ROP,0
2025-09-23,SCHW,27
2025-09-23,UHS,3
2025-09-24,ADBE,205
2025-09-24,AOS,1
2025-09-24,APH,1
2025-09-24,APP,3
2025-09-24,ARGT,3
2025-09-24,BACHY,2
2025-09-24,BKR,5
2025-09-24,BSX,3
2025-09-24,CMI,24
2025-09-24,COST,110
2025-09-24,DASH,36
2025-09-24,EME,0
2025-09-24,FNV,2
2025-09-24,GRMN,21
2025-09-24,INCY,2
2025-09-24,ISRG,5
2025-09-24,IVZ,31
2025-09-24,LULU,10
2025-09-24,MA,56
2025-09-24,MAS,1
2025-09-24,META,31
2025-09-24,RMD,1
2025-09-24,ROP,0
2025-09-24,SCHW,24
2025-09-24,UHS,1
2025-09-25,ADBE,142
2025-09-25,AOS,1
2025-09-25,APH,3
2025-09-25,APP,1
2025-09-25,ARGT,1
2025-09-25,BHP,1
2025-09-25,BKR,8
2025-09-25,BSX,4
2025-09-25,BTU,2
2025-09-25,CMI,21
2025-09-25,COST,132
2025-09-25,DASH,24
2025-09-25,EME,2
2025-09-25,GRMN,22
2025-09-25,INCY,2
2025-09-25,ISRG,2
2025-09-25,IVZ,33
2025-09-25,LULU,10
2025-09-25,MA,42
2025-09-25,MAS,0
2025-09-25,META,87
2025-09-25,RMD,2
2025-09-25,ROP,1
2025-09-25,SCHW,39
2025-09-25,UHS,2
2025-09-26,ADBE,133
2025-09-26,APH,1
2025-09-26,APP,8
2025-09-26,ARGT,2
2025-09-26,BKR,9
2025-09-26,BSX,3
2025-09-26,BTU,1
2025-09-26,BXC,1
2025-09-26,CHEF,1
2025-09-26,CMI,16
2025-09-26,COST,210
2025-09-26,DASH,19
2025-09-26,EME,0
2025-09-26,FNV,1
2025-09-26,GRMN,23
2025-09-26,INCY,2
2025-09-26,ISRG,3
2025-09-26,IVZ,23
2025-09-26,LULU,8
2025-09-26,MA,55
2025-09-26,MAS,0
2025-09-26,META,85
2025-09-26,RMD,4
2025-09-26,ROP,0
2025-09-26,SCHW,16
2025-09-26,UHS,0
2025-09-27,ADBE,183
2025-09-27,AOS,2
2025-09-27,APH,0
2025-09-27,APP,3
2025-09-27,BHP,1
2025-09-27,BKR,1
2025-09-27,BSX,0
2025-09-27,CMI,12
2025-09-27,COST,54
2025-09-27,DASH,14
2025-09-27,EME,2
2025-09-27,FNV,1
2025-09-27,GRMN,45
2025-09-27,INCY,0
2025-09-27,ISRG,6
2025-09-27,IVZ,8
2025-09-27,LULU,5
2025-09-27,MA,31
2025-09-27,MAS,1
2025-09-27,META,25
2025-09-27,RMD,1
2025-09-27,ROP,0
2025-09-27,SCHW,8
2025-09-27,UHS,0
2025-09-28,ADBE,99
2025-09-28,APH,0
2025-09-28,APP,0
2025-09-28,BHP,2
2025-09-28,BKR,2
2025-09-28,BSX,1
2025-09-28,CMI,10
2025-09-28,COST,76
2025-09-28,DASH,13
2025-09-28,EME,2
2025-09-28,GRMN,23
2025-09-28,INCY,4
2025-09-28,ISRG,0
2025-09-28,IVZ,29
2025-09-28,LULU,6
2025-09-28,MA,26
2025-09-28,MAS,0
2025-09-28,META,17
2025-09-28,RMD,0
2025-09-28,ROP,0
2025-09-28,SCHW,34
2025-09-28,UHS,0
2025-09-29,ADBE,136
2025-09-29,APH,2
2025-09-29,APP,6
2025-09-29,BKR,4
2025-09-29,BSX,5
2025-09-29,BTU,4
2025-09-29,CHEF,1
2025-09-29,CMI,8
2025-09-29,COST,75
2025-09-29,DASH,38
2025-09-29,EME,0
2025-09-29,GRMN,8
2025-09-29,INCY,3
2025-09-29,ISRG,6
2025-09-29,IVZ,56
2025-09-29,LULU,7
2025-09-29,MA,37
2025-09-29,MAS,0
2025-09-29,META,45
2025-09-29,RMD,2
2025-09-29,ROP,0
2025-09-29,SCHW,38
2025-09-29,UHS,6
2025-09-30,ADBE,239
2025-09-30,AOS,1
2025-09-30,APH,1
2025-09-30,APP,6
2025-09-30,ARGT,2
2025-09-30,BHP,2
2025-09-30,BKR,7
2025-09-30,BSX,5
2025-09-30,BXC,1
2025-09-30,CMI,13
2025-09-30,COST,57
2025-09-30,CRSP,1
2025-09-30,DASH,77
2025-09-30,EME,1
2025-09-30,FNV,1
2025-09-30,GRMN,33
2025-09-30,INCY,6
2025-09-30,ISRG,1
2025-09-30,IVZ,46
2025-09-30,LULU,76
2025-09-30,MA,65
2025-09-30,MAS,0
2025-09-30,META,374
2025-09-30,RMD,0
2025-09-30,ROP,1
2025-09-30,SCHW,31
2025-09-30,UHS,0
2025-10-01,ADBE,160
2025-10-01,APH,1
2025-10-01,APP,6
2025-10-01,BHP,1
2025-10-01,BKR,24
2025-10-01,BSX,3
2025-10-01,BTU,1
2025-10-01,CMI,8
2025-10-01,COST,41
2025-10-01,CRSP,4
2025-10-01,DASH,19
2025-10-01,EME,2
2025-10-01,GAU,1
2025-10-01,GRMN,19
2025-10-01,INCY,1
2025-10-01,ISRG,1
2025-10-01,IVZ,25
2025-10-01,LULU,9
2025-10-01,MA,33
2025-10-01,MAS,0
2025-10-01,META,42
2025-10-01,RMD,0
2025-10-01,ROP,3
2025-10-01,SCHW,22
2025-10-01,UHS,0
2025-10-02,ADBE,149
2025-10-02,AOS,1
2025-10-02,APH,3
2025-10-02,APP,2
2025-10-02,ARGT,2
2025-10-02,BACHY,1
2025-10-02,BHP,1
2025-10-02,BKR,2
2025-10-02,BSX,7
2025-10-02,CHEF,1
2025-10-02,CMI,10
2025-10-02,COST,55
2025-10-02,CRSP,2
2025-10-02,DASH,39
2025-10-02,EME,1
2025-10-02,FNV,3
2025-10-02,GAU,2
2025-10-02,GRMN,20
2025-10-02,INCY,1
2025-10-02,ISRG,5
2025-10-02,IVZ,35
2025-10-02,LULU,12
2025-10-02,MA,29
2025-10-02,MAS,1
2025-10-02,META,82
2025-10-02,RMD,1
2025-10-02,ROP,2
2025-10-02,SCHW,17
2025-10-02,UHS,1
2025-10-03,ADBE,133
2025-10-03,AOS,2
2025-10-03,APH,3
2025-10-03,APP,11
2025-10-03,ATI,1
2025-10-03,BKR,13
2025-10-03,BSX,5
2025-10-03,BTU,4
2025-10-03,CMI,26
2025-10-03,COST,348
2025-10-03,CRSP,2
2025-10-03,DASH,14
2025-10-03,EME,0
2025-10-03,GOLD,1
2025-10-03,GRMN,24
2025-10-03,INCY,1
2025-10-03,ISRG,6
2025-10-03,IVZ,43
2025-10-03,LULU,13
2025-10-03,MA,43
2025-10-03,MAS,1
2025-10-03,META,58
2025-10-03,RMD,0
2025-10-03,ROP,0
2025-10-03,SCHW,24
2025-10-03,UHS,1
2025-10-04,ADBE,78
2025-10-04,APH,0
2025-10-04,APP,1
2025-10-04,BKR,3
2025-10-04,BSX,3
2025-10-04,BTU,2
2025-10-04,CMI,15
2025-10-04,COST,97
2025-10-04,DASH,19
2025-10-04,EME,0
2025-10-04,GRMN,15
2025-10-04,INCY,0
2025-10-04,ISRG,1
2025-10-04,IVZ,17
2025-10-04,LULU,4
2025-10-04,MA,17
2025-10-04,MAS,0
2025-10-04,META,22
2025-10-04,RMD,0
2025-10-04,ROP,0
2025-10-04,SCHW,14
2025-10-04,UHS,0
2025-10-05,ADBE,89
2025-10-05,APH,0
2025-10-05,APP,1
2025-10-05,BKR,3
2025-10-05,BSX,1
2025-10-05,CMI,10
2025-10-05,COST,45
2025-10-05,DASH,12
2025-10-05,EME,0
2025-10-05,GRMN,33
2025-10-05,INCY,0
2025-10-05,ISRG,2
2025-10-05,IVZ,35
2025-10-05,LULU,4
2025-10-05,MA,15
2025-10-05,MAS,1
2025-10-05,META,21
2025-10-05,RMD,0
2025-10-05,ROP,0
2025-10-05,SCHW,30
2025-10-05,UHS,0
2025-10-06,ADBE,154
2025-10-06,AOS,2
2025-10-06,APH,2
2025-10-06,APP,7
2025-10-06,ATI,1
2025-10-06,BKR,5
2025-10-06,BSX,3
2025-10-06,BTU,3
2025-10-06,CMI,9
2025-10-06,COST,90
2025-10-06,DASH,30
2025-10-06,EEM,1
2025-10-06,EME,1
2025-10-06,FNV,3
2025-10-06,GAU,2
2025-10-06,GRMN,27
2025-10-06,INCY,0
2025-10-06,ISRG,2
2025-10-06,IVZ,37
2025-10-06,LULU,10
2025-10-06,MA,39
2025-10-06,MAS,0
2025-10-06,META,37
2025-10-06,RMD,1
2025-10-06,ROP,0
2025-10-06,SCHW,26
2025-10-06,UHS,0
2025-10-07,ADBE,128
2025-10-07,AOS,3
2025-10-07,APH,1
2025-10-07,APP,21
2025-10-07,ATI,2
2025-10-07,BKR,8
2025-10-07,BSX,0
2025-10-07,CMI,26
2025-10-07,COST,88
2025-10-07,DASH,52
2025-10-07,EME,0
2025-10-07,GAU,2
2025-10-07,GRMN,34
2025-10-07,INCY,2
2025-10-07,ISRG,3
2025-10-07,IVZ,39
2025-10-07,LULU,4
2025-10-07,MA,40
2025-10-07,MAS,0
2025-10-07,META,19
2025-10-07,RMD,0
2025-10-07,ROP,0
2025-10-07,SCHW,12
2025-10-07,UHS,0
2025-10-08,ADBE,156
2025-10-08,AOS,2
2025-10-08,APH,2
2025-10-08,APP,16
2025-10-08,BHP,2
2025-10-08,BKR,2
2025-10-08,BSX,3
2025-10-08,BTU,1
2025-10-08,CMI,69
2025-10-08,COST,165
2025-10-08,CRSP,4
2025-10-08,DASH,96
2025-10-08,EEM,1
2025-10-08,EME,1
2025-10-08,FNV,2
2025-10-08,GAU,2
2025-10-08,GRMN,28
2025-10-08,INCY,5
2025-10-08,ISRG,3
2025-10-08,IVZ,21
2025-10-08,LULU,11
2025-10-08,MA,46
2025-10-08,MAS,0
2025-10-08,META,45
2025-10-08,RMD,1
2025-10-08,ROP,1
2025-10-08,SCHW,27
2025-10-08,UHS,0
2025-10-09,ADBE,136
2025-10-09,AOS,1
2025-10-09,APH,1
2025-10-09,APP,4
2025-10-09,ARGT,4
2025-10-09,ATI,4
2025-10-09,BKR,2
2025-10-09,BSX,3
2025-10-09,CMI,42
2025-10-09,COST,178
2025-10-09,CRSP,4
2025-10-09,DASH,45
2025-10-09,EEM,1
2025-10-09,EME,0
2025-10-09,GAU,2
2025-10-09,GRMN,25
2025-10-09,INCY,2
2025-10-09,ISRG,5
2025-10-09,IVZ,26
2025-10-09,LULU,34
2025-10-09,MA,68
2025-10-09,MAS,0
2025-10-09,META,41
2025-10-09,RMD,2
2025-10-09,ROP,0
2025-10-09,SCHW,17
2025-10-09,UHS,1
2025-10-10,ADBE,186
2025-10-10,AOS,1
2025-10-10,APH,3
2025-10-10,APP,10
2025-10-10,ARGT,1
2025-10-10,ATI,1
2025-10-10,BHP,3
2025-10-10,BKR,18
2025-10-10,BSX,6
2025-10-10,CMI,37
2025-10-10,COST,149
2025-10-10,CRSP,3
2025-10-10,DASH,46
2025-10-10,EEM,1
2025-10-10,EME,1
2025-10-10,FNV,1
2025-10-10,GAU,1
2025-10-10,GRMN,18
2025-10-10,INCY,1
2025-10-10,ISRG,6
2025-10-10,IVZ,21
2025-10-10,LULU,13
2025-10-10,MA,61
2025-10-10,MAS,0
2025-10-10,META,46
2025-10-10,RMD,0
2025-10-10,ROP,0
2025-10-10,SCHW,13
2025-10-10,UHS,0
2025-10-11,ADBE,102
2025-10-11,APH,1
2025-10-11,APP,1
2025-10-11,BKR,0
2025-10-11,BSX,2
2025-10-11,CMI,9
2025-10-11,COST,108
2025-10-11,DASH,16
2025-10-11,EEM,1
2025-10-11,EME,0
2025-10-11,FNV,3
2025-10-11,GOLD,1
2025-10-11,GRMN,9
2025-10-11,INCY,0
2025-10-11,ISRG,2
2025-10-11,IVZ,15
2025-10-11,LULU,6
2025-10-11,MA,29
2025-10-11,MAS,0
2025-10-11,META,28
2025-10-11,RMD,0
2025-10-11,ROP,1
2025-10-11,SCHW,27
2025-10-11,UHS,1
2025-10-12,ADBE,102
2025-10-12,AOS,1
2025-10-12,APH,0
2025-10-12,APP,1
2025-10-12,BKR,1
2025-10-12,BSX,0
2025-10-12,CMI,7
2025-10-12,COST,44
2025-10-12,CRSP,1
2025-10-12,DASH,5
2025-10-12,EME,0
2025-10-12,GRMN,11
2025-10-12,INCY,1
2025-10-12,ISRG,7
2025-10-12,IVZ,24
2025-10-12,LULU,2
2025-10-12,MA,20
2025-10-12,MAS,0
2025-10-12,META,33
2025-10-12,RMD,0
2025-10-12,ROP,0
2025-10-12,SCHW,38
2025-10-12,UHS,0
2025-10-13,ADBE,202
2025-10-13,AOS,6
2025-10-13,APH,6
2025-10-13,APP,4
2025-10-13,ARGT,1
2025-10-13,BHP,3
2025-10-13,BKR,1
2025-10-13,BSX,4
2025-10-13,CMI,29
2025-10-13,COST,60
2025-10-13,CRSP,2
2025-10-13,DASH,47
2025-10-13,EME,1
2025-10-13,FNV,1
2025-10-13,GRMN,21
2025-10-13,INCY,3
2025-10-13,ISRG,4
2025-10-13,IVZ,17
2025-10-13,LULU,10
2025-10-13,MA,89
2025-10-13,MAS,0
2025-10-13,META,27
2025-10-13,RMD,3
2025-10-13,ROP,1
2025-10-13,SCHW,27
2025-10-13,UHS,1
2025-10-14,ADBE,220
2025-10-14,AOS,3
2025-10-14,APH,4
2025-10-14,APP,1
2025-10-14,ARGT,8
2025-10-14,ATI,1
2025-10-14,BACHY,1
2025-10-14,BHP,8
2025-10-14,BKR,5
2025-10-14,BSX,3
2025-10-14,BXC,1
2025-10-14,CMI,27
2025-10-14,COST,62
2025-10-14,DASH,44
2025-10-14,EEM,2
2025-10-14,EME,0
2025-10-14,EPAM,2
2025-10-14,FNV,1
2025-10-14,GAU,1
2025-10-14,GRMN,26
2025-10-14,INCY,1
2025-10-14,ISRG,2
2025-10-14,IVZ,14
2025-10-14,LULU,14
2025-10-14,MA,69
2025-10-14,MAS,0
2025-10-14,META,35
2025-10-14,RMD,3
2025-10-14,ROP,0
2025-10-14,SCHW,16
2025-10-14,UHS,0
2025-10-15,ADBE,126
2025-10-15,AOS,2
2025-10-15,APH,3
2025-10-15,APP,2
2025-10-15,ARGT,3
2025-10-15,ATI,1
2025-10-15,BKR,5
2025-10-15,BSX,2
2025-10-15,CHEF,1
2025-10-15,CMI,24
2025-10-15,COST,45
2025-10-15,CRSP,2
2025-10-15,DASH,16
2025-10-15,EEM,2
2025-10-15,EME,1
2025-10-15,EPAM,1
2025-10-15,FNV,3
2025-10-15,GAU,1
2025-10-15,GRMN,16
2025-10-15,INCY,1
2025-10-15,ISRG,9
2025-10-15,IVZ,22
2025-10-15,LULU,8
2025-10-15,MA,41
2025-10-15,MAS,0
2025-10-15,META,22
2025-10-15,RMD,1
2025-10-15,ROP,1
2025-10-15,SCHW,16
2025-10-15,UHS,0
2025-10-16,ADBE,113
2025-10-16,AOS,1
2025-10-16,APH,5
2025-10-16,APP,3
2025-10-16,ARGT,1
2025-10-16,BHP,3
2025-10-16,BKR,4
2025-10-16,BSX,3
2025-10-16,CMI,23
2025-10-16,COST,57
2025-10-16,CRSP,1
2025-10-16,CTVA,3
2025-10-16,DASH,55
2025-10-16,EEM,3
2025-10-16,EME,1
2025-10-16,EPAM,1
2025-10-16,FFIV,3
2025-10-16,FNV,7
2025-10-16,GAU,1
2025-10-16,GRMN,15
2025-10-16,INCY,7
2025-10-16,ISRG,12
2025-10-16,IVZ,32
2025-10-16,LULU,10
2025-10-16,MA,51
2025-10-16,MAS,0
2025-10-16,META,64
2025-10-16,RMD,0
2025-10-16,ROP,4
2025-10-16,SCHW,34
2025-10-16,UHS,0
2025-10-17,ADBE,158
2025-10-17,APH,4
2025-10-17,APP,0
2025-10-17,BACHY,1
2025-10-17,BHP,2
2025-10-17,BKR,9
2025-10-17,BSX,10
2025-10-17,CMI,27
2025-10-17,COST,40
2025-10-17,CRSP,2
2025-10-17,CTVA,1
2025-10-17,DASH,62
2025-10-17,EEM,1
2025-10-17,EME,0
2025-10-17,EPAM,1
2025-10-17,FNV,2
2025-10-17,GAU,1
2025-10-17,GRMN,17
2025-10-17,INCY,2
2025-10-17,ISRG,4
2025-10-17,IVZ,19
2025-10-17,LULU,6
2025-10-17,MA,37
2025-10-17,MAS,1
2025-10-17,META,39
2025-10-17,RMD,0
2025-10-17,ROP,0
2025-10-17,SCHW,20
2025-10-17,UHS,2
2025-10-18,ADBE,111
2025-10-18,APH,1
2025-10-18,APP,0
2025-10-18,BHP,1
2025-10-18,BKR,1
2025-10-18,BSX,3
2025-10-18,CMI,15
2025-10-18,COST,51
2025-10-18,DASH,10
2025-10-18,EME,0
2025-10-18,FFIV,1
2025-10-18,GRMN,10
2025-10-18,INCY,2
2025-10-18,ISRG,1
2025-10-18,IVZ,14
2025-10-18,LULU,5
2025-10-18,MA,33
2025-10-18,MAS,1
2025-10-18,META,57
2025-10-18,RMD,1
2025-10-18,ROP,0
2025-10-18,SCHW,11
2025-10-18,UHS,1
2025-10-19,ADBE,102
2025-10-19,AOS,1
2025-10-19,APH,4
2025-10-19,APP,0
2025-10-19,BKR,3
2025-10-19,BSX,4
2025-10-19,CMI,29
2025-10-19,COST,55
2025-10-19,CTVA,1
2025-10-19,DASH,7
2025-10-19,EME,0
2025-10-19,FFIV,1
2025-10-19,GRMN,15
2025-10-19,INCY,1
2025-10-19,ISRG,4
2025-10-19,IVZ,25
2025-10-19,LULU,2
2025-10-19,MA,34
2025-10-19,MAS,0
2025-10-19,META,11
2025-10-19,RMD,0
2025-10-19,ROP,2
2025-10-19,SCHW,35
2025-10-19,UHS,0
2025-10-20,ADBE,168
2025-10-20,APH,2
2025-10-20,APP,3
2025-10-20,ARGT,1
2025-10-20,BHP,1
2025-10-20,BKR,10
2025-10-20,BSX,9
2025-10-20,CMI,15
2025-10-20,COST,59
2025-10-20,DASH,36
2025-10-20,EEM,1
2025-10-20,EME,0
2025-10-20,FFIV,1
2025-10-20,FNV,1
2025-10-20,GAU,2
2025-10-20,GRMN,14
2025-10-20,INCY,3
2025-10-20,ISRG,6
2025-10-20,IVZ,25
2025-10-20,LULU,8
2025-10-20,MA,33
2025-10-20,MAS,1
2025-10-20,META,36
2025-10-20,RMD,0
2025-10-20,ROP,1
2025-10-20,SCHW,26
2025-10-20,UHS,2
2025-10-21,ADBE,192
2025-10-21,AOS,2
2025-10-21,APH,2
2025-10-21,APP,4
2025-10-21,ARGT,3
2025-10-21,ATI,1
2025-10-21,BHP,4
2025-10-21,BKR,10
2025-10-21,BSX,14
2025-10-21,BTU,1
2025-10-21,CMI,41
2025-10-21,COST,57
2025-10-21,CRSP,1
2025-10-21,CTVA,2
2025-10-21,DASH,81
2025-10-21,EEM,2
2025-10-21,EME,0
2025-10-21,EPAM,6
2025-10-21,FFIV,1
2025-10-21,GRMN,20
2025-10-21,INCY,1
2025-10-21,ISRG,18
2025-10-21,IVZ,24
2025-10-21,LULU,12
2025-10-21,MA,45
2025-10-21,MAS,0
2025-10-21,META,33
2025-10-21,RMD,2
2025-10-21,ROP,0
2025-10-21,SCHW,22
2025-10-21,UHS,0
2025-10-22,ADBE,261
2025-10-22,APH,13
2025-10-22,APP,6
2025-10-22,BHP,1
2025-10-22,BKR,13
2025-10-22,BSX,34
2025-10-22,CLMT,1
2025-10-22,CMI,45
2025-10-22,COST,50
2025-10-22,CTVA,3
2025-10-22,DASH,57
2025-10-22,EEM,2
2025-10-22,EME,0
2025-10-22,EPAM,4
2025-10-22,FFIV,2
2025-10-22,FNV,1
2025-10-22,GAU,1
2025-10-22,GRMN,16
2025-10-22,INCY,2
2025-10-22,ISRG,52
2025-10-22,IVZ,26
2025-10-22,LULU,6
2025-10-22,MA,63
2025-10-22,MAS,0
2025-10-22,META,112
2025-10-22,RMD,2
2025-10-22,ROP,0
2025-10-22,SCHW,18
2025-10-22,UHS,0
2025-10-23,ADBE,250
2025-10-23,AOS,1
2025-10-23,APH,4
2025-10-23,APP,3
2025-10-23,ARGT,1
2025-10-23,BHP,5
2025-10-23,BKR,19
2025-10-23,BSX,18
2025-10-23,BTU,1
2025-10-23,CMI,23
2025-10-23,COST,88
2025-10-23,DASH,62
2025-10-23,EEM,3
2025-10-23,EME,2
2025-10-23,EPAM,5
2025-10-23,FFIV,2
2025-10-23,FNV,2
2025-10-23,GRMN,15
2025-10-23,INCY,1
2025-10-23,ISRG,20
2025-10-23,IVZ,34
2025-10-23,LULU,10
2025-10-23,MA,83
2025-10-23,MAS,1
2025-10-23,META,144
2025-10-23,RMD,1
2025-10-23,ROP,4
2025-10-23,SCHW,30
2025-10-23,UHS,0
2025-10-24,ADBE,180
2025-10-24,AOS,3
2025-10-24,APH,2
2025-10-24,APP,6
2025-10-24,BHP,1
2025-10-24,BKR,17
2025-10-24,BSX,2
2025-10-24,CLMT,1
2025-10-24,CMI,33
2025-10-24,COST,135
2025-10-24,CRSP,2
2025-10-24,CTVA,3
2025-10-24,DASH,32
2025-10-24,EEM,1
2025-10-24,EME,2
2025-10-24,EPAM,2
2025-10-24,FFIV,2
2025-10-24,FNV,1
2025-10-24,GOLD,1
2025-10-24,GRMN,24
2025-10-24,INCY,7
2025-10-24,ISRG,9
2025-10-24,IVZ,23
2025-10-24,LULU,10
2025-10-24,MA,52
2025-10-24,MAS,0
2025-10-24,META,130
2025-10-24,RMD,1
2025-10-24,ROP,5
2025-10-24,SCHW,14
2025-10-24,UHS,1
2025-10-25,ADBE,162
2025-10-25,APH,0
2025-10-25,APP,2
2025-10-25,BKR,9
2025-10-25,BSX,1
2025-10-25,BTU,1
2025-10-25,CMI,23
2025-10-25,COST,241
2025-10-25,DASH,58
2025-10-25,EME,1
2025-10-25,FFIV,2
2025-10-25,GRMN,21
2025-10-25,INCY,2
2025-10-25,ISRG,14
2025-10-25,IVZ,24
2025-10-25,LULU,6
2025-10-25,MA,29
2025-10-25,MAS,1
2025-10-25,META,175
2025-10-25,RMD,2
2025-10-25,ROP,1
2025-10-25,SCHW,25
2025-10-25,UHS,0
2025-10-26,ADBE,86
2025-10-26,APH,5
2025-10-26,APP,1
2025-10-26,BACHY,1
2025-10-26,BKR,3
2025-10-26,BSX,0
2025-10-26,CLMT,1
2025-10-26,CMI,11
2025-10-26,COST,92
2025-10-26,DASH,9
2025-10-26,EME,0
2025-10-26,FFIV,2
2025-10-26,GRMN,12
2025-10-26,INCY,2
2025-10-26,ISRG,5
2025-10-26,IVZ,25
2025-10-26,LULU,3
2025-10-26,MA,45
2025-10-26,MAS,0
2025-10-26,META,34
2025-10-26,RMD,1
2025-10-26,ROP,0
2025-10-26,SCHW,17
2025-10-26,UHS,3
2025-10-27,ADBE,103
2025-10-27,AOS,2
2025-10-27,APH,5
2025-10-27,APP,0
2025-10-27,ARGT,12
2025-10-27,BHP,1
2025-10-27,BKR,9
2025-10-27,BSX,5
2025-10-27,BTU,1
2025-10-27,CHEF,2
2025-10-27,CLMT,1
2025-10-27,CMI,40
2025-10-27,COST,49
2025-10-27,CRSP,2
2025-10-27,CTVA,1
2025-10-27,DASH,21
2025-10-27,EEM,2
2025-10-27,EME,0
2025-10-27,EPAM,1
2025-10-27,FFIV,15
2025-10-27,FNV,1
2025-10-27,GOLD,1
2025-10-27,GRMN,11
2025-10-27,INCY,4
2025-10-27,ISRG,3
2025-10-27,IVZ,23
2025-10-27,LULU,10
2025-10-27,MA,31
2025-10-27,MAS,1
2025-10-27,META,91
2025-10-27,RMD,1
2025-10-27,ROP,1
2025-10-27,SCHW,9
2025-10-27,UHS,0
2025-10-28,ADBE,203
2025-10-28,AEM,2
2025-10-28,AOS,15
2025-10-28,APH,2
2025-10-28,APP,5
2025-10-28,ARGT,1
2025-10-28,ATI,16
2025-10-28,BHP,3
2025-10-28,BKR,8
2025-10-28,BSX,9
2025-10-28,BTU,1
2025-10-28,CHEF,1
2025-10-28,CMI,102
2025-10-28,COST,71
2025-10-28,CRSP,3
2025-10-28,CTVA,1
2025-10-28,DASH,62
2025-10-28,EEM,1
2025-10-28,EME,2
2025-10-28,EPAM,2
2025-10-28,FFIV,24
2025-10-28,GRMN,17
2025-10-28,INCY,5
2025-10-28,ISRG,4
2025-10-28,IVZ,23
2025-10-28,LULU,22
2025-10-28,MA,45
2025-10-28,MAS,2
2025-10-28,META,133
2025-10-28,RMD,4
2025-10-28,ROP,0
2025-10-28,SCHW,19
2025-10-28,UHS,0
2025-10-29,ADBE,236
2025-10-29,AEM,4
2025-10-29,AOS,4
2025-10-29,APH,1
2025-10-29,APP,2
2025-10-29,ARGT,1
2025-10-29,ATI,5
2025-10-29,BHP,4
2025-10-29,BKR,8
2025-10-29,BSX,9
2025-10-29,CHEF,8
2025-10-29,CMI,32
2025-10-29,COST,143
2025-10-29,CRSP,2
2025-10-29,CTVA,2
2025-10-29,DASH,60
2025-10-29,EEM,1
2025-10-29,EME,1
2025-10-29,EPAM,1
2025-10-29,FFIV,2
2025-10-29,FNV,2
2025-10-29,GAU,1
2025-10-29,GRMN,34
2025-10-29,INCY,1
2025-10-29,ISRG,5
2025-10-29,IVZ,27
2025-10-29,LULU,19
2025-10-29,MA,59
2025-10-29,MAS,3
2025-10-29,META,83
2025-10-29,RMD,0
2025-10-29,ROP,1
2025-10-29,SCHW,17
2025-10-29,UHS,0
2025-10-30,ADBE,191
2025-10-30,AEM,3
2025-10-30,AOS,2
2025-10-30,APH,1
2025-10-30,APP,4
2025-10-30,ATI,2
2025-10-30,BACHY,1
2025-10-30,BHP,5
2025-10-30,BKR,3
2025-10-30,BSX,1
2025-10-30,BTU,6
2025-10-30,CHEF,3
2025-10-30,CMI,42
2025-10-30,COST,68
2025-10-30,CTVA,6
2025-10-30,DASH,181
2025-10-30,EEM,2
2025-10-30,EME,4
2025-10-30,EPAM,1
2025-10-30,FFIV,1
2025-10-30,GAU,1
2025-10-30,GRMN,18
2025-10-30,INCY,5
2025-10-30,ISRG,5
2025-10-30,IVZ,34
2025-10-30,LULU,22
2025-10-30,MA,95
2025-10-30,MAS,0
2025-10-30,META,203
2025-10-30,RMD,4
2025-10-30,ROP,1
2025-10-30,SCHW,15
2025-10-30,UHS,0
2025-10-31,ADBE,200
2025-10-31,AEM,1
2025-10-31,AOS,2
2025-10-31,APH,1
2025-10-31,APP,5
2025-10-31,ARGT,1
2025-10-31,ATI,2
2025-10-31,BHP,2
2025-10-31,BKR,6
2025-10-31,BSX,7
2025-10-31,BTU,6
2025-10-31,BXC,1
2025-10-31,CHEF,1
2025-10-31,CMI,57
2025-10-31,COST,154
2025-10-31,CTVA,1
2025-10-31,DASH,91
2025-10-31,EEM,1
2025-10-31,EME,2
2025-10-31,EPAM,4
2025-10-31,FFIV,1
2025-10-31,FNV,1
2025-10-31,GRMN,21
2025-10-31,INCY,0
2025-10-31,ISRG,1
2025-10-31,IVZ,17
2025-10-31,LULU,19
2025-10-31,MA,69
2025-10-31,MAS,1
2025-10-31,META,173
2025-10-31,RMD,4
2025-10-31,ROP,1
2025-10-31,SCHW,16
2025-10-31,UHS,1
2025-11-01,ADBE,198
2025-11-01,AOS,2
2025-11-01,APH,0
2025-11-01,APP,2
2025-11-01,BKR,6
2025-11-01,BSX,1
2025-11-01,CMI,16
2025-11-01,COST,68
2025-11-01,DASH,59
2025-11-01,EME,0
2025-11-01,GRMN,7
2025-11-01,INCY,0
2025-11-01,ISRG,2
2025-11-01,IVZ,20
2025-11-01,LULU,6
2025-11-01,MA,45
2025-11-01,MAS,1
2025-11-01,META,59
2025-11-01,RMD,1
2025-11-01,ROP,0
2025-11-01,SCHW,23
2025-11-01,UHS,0
2025-11-02,ADBE,90
2025-11-02,APH,0
2025-11-02,APP,2
2025-11-02,ARGT,1
2025-11-02,ATI,1
2025-11-02,BACHY,1
2025-11-02,BHP,1
2025-11-02,BKR,1
2025-11-02,BSX,0
2025-11-02,BTU,1
2025-11-02,CMI,6
2025-11-02,COST,44
2025-11-02,CTVA,1
2025-11-02,DASH,23
2025-11-02,EEM,2
2025-11-02,EME,1
2025-11-02,FFIV,2
2025-11-02,GRMN,12
2025-11-02,INCY,1
2025-11-02,ISRG,3
2025-11-02,IVZ,18
2025-11-02,LULU,6
2025-11-02,MA,21
2025-11-02,MAS,1
2025-11-02,META,33
2025-11-02,RMD,0
2025-11-02,ROP,1
2025-11-02,SCHW,14
2025-11-02,UHS,1
2025-11-03,ADBE,174
2025-11-03,APH,3
2025-11-03,APP,3
2025-11-03,ARGT,1
2025-11-03,BHP,2
2025-11-03,BKR,9
2025-11-03,BSX,1
2025-11-03,BTU,1
2025-11-03,BXC,2
2025-11-03,CMI,18
2025-11-03,COST,47
2025-11-03,CRSP,4
2025-11-03,CTVA,1
2025-11-03,DASH,16
2025-11-03,EEM,1
2025-11-03,EME,0
2025-11-03,EPAM,4
2025-11-03,FFIV,2
2025-11-03,FNV,2
2025-11-03,GAU,1
2025-11-03,GRMN,24
2025-11-03,INCY,2
2025-11-03,ISRG,6
2025-11-03,IVZ,30
2025-11-03,LULU,10
2025-11-03,MA,32
2025-11-03,MAS,1
2025-11-03,META,34
2025-11-03,RMD,5
2025-11-03,ROP,2
2025-11-03,SCHW,9
2025-11-03,UHS,2
2025-11-04,ADBE,145
2025-11-04,AEM,1
2025-11-04,AOS,4
2025-11-04,APH,1
2025-11-04,APP,3
2025-11-04,ATI,1
2025-11-04,BHP,1
2025-11-04,BKR,3
2025-11-04,BSX,8
2025-11-04,BTU,1
2025-11-04,BXC,5
2025-11-04,CLMT,1
2025-11-04,CMI,21
2025-11-04,COST,65
2025-11-04,CRSP,2
2025-11-04,CTVA,11
2025-11-04,DASH,83
2025-11-04,EEM,1
2025-11-04,EME,0
2025-11-04,FNV,4
2025-11-04,GRMN,13
2025-11-04,INCY,8
2025-11-04,ISRG,4
2025-11-04,IVZ,74
2025-11-04,LULU,15
2025-11-04,MA,52
2025-11-04,MAS,33
2025-11-04,META,72
2025-11-04,RMD,1
2025-11-04,ROP,1
2025-11-04,SCHW,35
2025-11-04,UHS,1
2025-11-05,ADBE,111
2025-11-05,APH,2
2025-11-05,APP,8
2025-11-05,ARGT,1
2025-11-05,ATI,1
2025-11-05,BHP,1
2025-11-05,BKR,8
2025-11-05,BSX,7
2025-11-05,BXC,2
2025-11-05,CMI,19
2025-11-05,COR,2
2025-11-05,COST,76
2025-11-05,CRSP,2
2025-11-05,CTVA,7
2025-11-05,DASH,39
2025-11-05,EEM,1
2025-11-05,EME,1
2025-11-05,EPAM,3
2025-11-05,FFIV,1
2025-11-05,FNV,4
2025-11-05,GRMN,12
2025-11-05,INCY,2
2025-11-05,ISRG,2
2025-11-05,IVZ,55
2025-11-05,LULU,16
2025-11-05,MA,33
2025-11-05,MAS,14
2025-11-05,META,48
2025-11-05,RMD,0
2025-11-05,ROP,2
2025-11-05,SCHW,32
2025-11-05,UHS,0
2025-11-06,ADBE,163
2025-11-06,AEM,5
2025-11-06,AOS,1
2025-11-06,APH,1
2025-11-06,APP,27
2025-11-06,BKR,4
2025-11-06,BSX,1
2025-11-06,BXC,1
2025-11-06,CHEF,3
2025-11-06,CLMT,1
2025-11-06,CMI,35
2025-11-06,COR,6
2025-11-06,COST,109
2025-11-06,CRSP,1
2025-11-06,CTVA,2
2025-11-06,DASH,132
2025-11-06,EEM,3
2025-11-06,EME,0
2025-11-06,EPAM,15
2025-11-06,FFIV,3
2025-11-06,FNV,3
2025-11-06,GAU,4
2025-11-06,GRMN,49
2025-11-06,INCY,2
2025-11-06,ISRG,7
2025-11-06,IVZ,53
2025-11-06,LULU,15
2025-11-06,MA,79
2025-11-06,MAS,1
2025-11-06,META,167
2025-11-06,RMD,0
2025-11-06,ROP,1
2025-11-06,SCHW,43
2025-11-06,UHS,1
2025-11-07,ADBE,131
2025-11-07,AEM,4
2025-11-07,APH,1
2025-11-07,APP,4
2025-11-07,BKR,8
2025-11-07,BSX,4
2025-11-07,CLMT,5
2025-11-07,CMI,96
2025-11-07,COR,3
2025-11-07,COST,85
2025-11-07,CRSP,1
2025-11-07,DASH,76
2025-11-07,EEM,1
2025-11-07,EME,1
2025-11-07,EPAM,3
2025-11-07,FFIV,1
2025-11-07,GAU,2
2025-11-07,GRMN,23
2025-11-07,INCY,1
2025-11-07,ISRG,2
2025-11-07,IVZ,59
2025-11-07,LULU,8
2025-11-07,MA,51
2025-11-07,MAS,0
2025-11-07,META,111
2025-11-07,RMD,3
2025-11-07,ROP,2
2025-11-07,SCHW,28
2025-11-07,UHS,0
2025-11-08,ADBE,117
2025-11-08,AOS,1
2025-11-08,APH,3
2025-11-08,APP,7
2025-11-08,ATI,1
2025-11-08,BKR,3
2025-11-08,BSX,3
2025-11-08,CMI,21
2025-11-08,COR,3
2025-11-08,COST,385
2025-11-08,CRSP,3
2025-11-08,DASH,24
2025-11-08,EME,0
2025-11-08,EPAM,2
2025-11-08,GAU,2
2025-11-08,GRMN,9
2025-11-08,INCY,2
2025-11-08,ISRG,3
2025-11-08,IVZ,73
2025-11-08,LULU,14
2025-11-08,MA,30
2025-11-08,MAS,2
2025-11-08,META,48
2025-11-08,RMD,1
2025-11-08,ROP,0
2025-11-08,SCHW,46
2025-11-08,UHS,1
2025-11-09,ADBE,106
2025-11-09,APH,2
2025-11-09,APP,4
2025-11-09,ATI,1
2025-11-09,BKR,2
2025-11-09,BSX,2
2025-11-09,CMI,20
2025-11-09,COST,56
2025-11-09,CRSP,1
2025-11-09,DASH,12
2025-11-09,EME,2
2025-11-09,FFIV,1
2025-11-09,FNV,1
2025-11-09,GAU,1
2025-11-09,GRMN,13
2025-11-09,INCY,0
2025-11-09,ISRG,5
2025-11-09,IVZ,51
2025-11-09,LULU,7
2025-11-09,MA,39
2025-11-09,MAS,0
2025-11-09,META,25
2025-11-09,RMD,0
2025-11-09,ROP,2
2025-11-09,SCHW,32
2025-11-09,UHS,0
2025-11-10,ADBE,133
2025-11-10,AEM,7
2025-11-10,APH,5
2025-11-10,APP,1
2025-11-10,APTV,1
2025-11-10,BKR,3
2025-11-10,BSX,5
2025-11-10,BXC,1
2025-11-10,CLMT,2
2025-11-10,CMI,19
2025-11-10,COR,2
2025-11-10,COST,44
2025-11-10,CRSP,6
2025-11-10,CTVA,1
2025-11-10,DASH,18
2025-11-10,EEM,2
2025-11-10,EME,1
2025-11-10,EPAM,3
2025-11-10,FNV,1
2025-11-10,GOLD,1
2025-11-10,GRMN,13
2025-11-10,INCY,1
2025-11-10,ISRG,3
2025-11-10,IVZ,38
2025-11-10,LULU,6
2025-11-10,MA,51
2025-11-10,MAS,1
2025-11-10,META,38
2025-11-10,RMD,1
2025-11-10,ROP,0
2025-11-10,SCHW,15
2025-11-10,UHS,1
2025-11-11,ADBE,151
2025-11-11,AEM,1
2025-11-11,APH,2
2025-11-11,APP,6
2025-11-11,APTV,4
2025-11-11,BACHY,1
2025-11-11,BHP,1
2025-11-11,BKR,8
2025-11-11,BSX,2
2025-11-11,BTU,1
2025-11-11,BXC,1
2025-11-11,CLMT,1
2025-11-11,CMI,20
2025-11-11,COR,4
2025-11-11,COST,93
2025-11-11,CRSP,6
2025-11-11,CTVA,5
2025-11-11,DASH,23
2025-11-11,EEM,1
2025-11-11,EME,3
2025-11-11,EPAM,3
2025-11-11,FNV,1
2025-11-11,GAU,1
2025-11-11,GRMN,26
2025-11-11,INCY,2
2025-11-11,ISRG,8
2025-11-11,IVZ,61
2025-11-11,LULU,12
2025-11-11,MA,95
2025-11-11,MAS,2
2025-11-11,META,54
2025-11-11,RMD,1
2025-11-11,ROP,3
2025-11-11,SCHW,33
2025-11-11,UHS,3
2025-11-12,ADBE,171
2025-11-12,AEM,3
2025-11-12,AOS,4
2025-11-12,APH,4
2025-11-12,APP,6
2025-11-12,APTV,1
2025-11-12,BHP,1
2025-11-12,BKR,11
2025-11-12,BSX,4
2025-11-12,BXC,1
2025-11-12,CLMT,1
2025-11-12,CMI,41
2025-11-12,COR,5
2025-11-12,COST,96
2025-11-12,CRSP,4
2025-11-12,DASH,97
2025-11-12,EEM,4
2025-11-12,EME,1
2025-11-12,FFIV,3
2025-11-12,FNV,1
2025-11-12,GAU,1
2025-11-12,GRMN,16
2025-11-12,INCY,5
2025-11-12,ISRG,5
2025-11-12,IVZ,54
2025-11-12,LULU,9
2025-11-12,MA,91
2025-11-12,MAS,1
2025-11-12,META,63
2025-11-12,RMD,1
2025-11-12,ROP,1
2025-11-12,SCHW,39
2025-11-12,UHS,4
2025-11-13,ADBE,96
2025-11-13,AEM,5
2025-11-13,AOS,2
2025-11-13,APH,1
2025-11-13,APP,3
2025-11-13,ARGT,2
2025-11-13,ATI,5
2025-11-13,BHP,1
2025-11-13,BKR,5
2025-11-13,BSX,8
2025-11-13,CLMT,1
2025-11-13,CMI,22
2025-11-13,COST,196
2025-11-13,CRSP,1
2025-11-13,CTVA,1
2025-11-13,DASH,40
2025-11-13,DXCM,4
2025-11-13,EEM,1
2025-11-13,EME,0
2025-11-13,EPAM,2
2025-11-13,FNV,1
2025-11-13,GAU,1
2025-11-13,GRMN,21
2025-11-13,INCY,0
2025-11-13,ISRG,6
2025-11-13,IVZ,31
2025-11-13,LULU,20
2025-11-13,MA,61
2025-11-13,MAS,2
2025-11-13,META,37
2025-11-13,RMD,2
2025-11-13,ROP,1
2025-11-13,SCHW,16
2025-11-13,UHS,0
2025-11-14,ADBE,157
2025-11-14,AEM,3
2025-11-14,AOS,1
2025-11-14,APH,2
2025-11-14,APP,6
2025-11-14,APTV,1
2025-11-14,ARGT,1
2025-11-14,ATI,1
2025-11-14,B,4
2025-11-14,BHP,3
2025-11-14,BKR,18
2025-11-14,BSX,5
2025-11-14,CLMT,1
2025-11-14,CMI,20
2025-11-14,COR,1
2025-11-14,COST,73
2025-11-14,DASH,47
2025-11-14,DXCM,2
2025-11-14,EME,2
2025-11-14,FFIV,2
2025-11-14,FNV,2
2025-11-14,GAU,1
2025-11-14,GRMN,23
2025-11-14,INCY,2
2025-11-14,ISRG,4
2025-11-14,IVZ,51
2025-11-14,LULU,12
2025-11-14,MA,65
2025-11-14,MAS,1
2025-11-14,META,41
2025-11-14,RMD,2
2025-11-14,ROP,2
2025-11-14,SCHW,29
2025-11-14,UHS,0
2025-11-15,ADBE,203
2025-11-15,AEM,1
2025-11-15,APH,2
2025-11-15,APP,7
2025-11-15,B,1
2025-11-15,BHP,1
2025-11-15,BKR,7
2025-11-15,BSX,1
2025-11-15,CHEF,1
2025-11-15,CMI,39
2025-11-15,COST,107
2025-11-15,DASH,11
2025-11-15,DXCM,1
2025-11-15,EME,0
2025-11-15,FFIV,1
2025-11-15,GRMN,22
2025-11-15,INCY,1
2025-11-15,ISRG,8
2025-11-15,IVZ,67
2025-11-15,LULU,14
2025-11-15,MA,92
2025-11-15,MAS,2
2025-11-15,META,66
2025-11-15,RMD,2
2025-11-15,ROP,1
2025-11-15,SCHW,46
2025-11-15,UHS,1
2025-11-16,ADBE,178
2025-11-16,AEM,1
2025-11-16,APH,1
2025-11-16,APP,3
2025-11-16,APTV,1
2025-11-16,B,1
2025-11-16,BHP,1
2025-11-16,BKR,8
2025-11-16,BSX,5
2025-11-16,CMI,11
2025-11-16,COR,1
2025-11-16,COST,58
2025-11-16,DASH,17
2025-11-16,EME,0
2025-11-16,GRMN,65
2025-11-16,INCY,0
2025-11-16,ISRG,9
2025-11-16,IVZ,54
2025-11-16,LULU,12
2025-11-16,MA,39
2025-11-16,MAS,6
2025-11-16,META,91
2025-11-16,RMD,0
2025-11-16,ROP,3
2025-11-16,SCHW,44
2025-11-16,UHS,1
2025-11-17,ADBE,158
2025-11-17,AEM,5
2025-11-17,AOS,1
2025-11-17,APH,0
2025-11-17,APP,1
2025-11-17,ATI,1
2025-11-17,B,4
2025-11-17,BKR,15
2025-11-17,BSX,5
2025-11-17,BTU,2
2025-11-17,CMI,47
2025-11-17,COR,2
2025-11-17,COST,406
2025-11-17,CRSP,3
2025-11-17,DASH,30
2025-11-17,DXCM,1
2025-11-17,EEM,1
2025-11-17,EME,0
2025-11-17,EPAM,2
2025-11-17,FNV,3
2025-11-17,GAU,2
2025-11-17,GRMN,22
2025-11-17,INCY,1
2025-11-17,ISRG,5
2025-11-17,IVZ,36
2025-11-17,LULU,25
2025-11-17,MA,60
2025-11-17,MAS,1
2025-11-17,META,53
2025-11-17,RMD,1
2025-11-17,ROP,1
2025-11-17,SCHW,57
2025-11-17,UHS,0
2025-11-18,ADBE,216
2025-11-18,AEM,1
2025-11-18,AOS,2
2025-11-18,APH,2
2025-11-18,APP,2
2025-11-18,ATI,2
2025-11-18,B,5
2025-11-18,BHP,3
2025-11-18,BKR,1
2025-11-18,BSX,5
2025-11-18,CHEF,1
2025-11-18,CMI,42
2025-11-18,COR,1
2025-11-18,COST,89
2025-11-18,CTVA,1
2025-11-18,DASH,112
2025-11-18,DXCM,1
2025-11-18,EEM,1
2025-11-18,EME,1
2025-11-18,EPAM,2
2025-11-18,FFIV,2
2025-11-18,GRMN,18
2025-11-18,INCY,0
2025-11-18,ISRG,1
2025-11-18,IVZ,39
2025-11-18,LULU,27
2025-11-18,MA,87
2025-11-18,MAS,0
2025-11-18,META,72
2025-11-18,RMD,1
2025-11-18,ROP,1
2025-11-18,SCHW,25
2025-11-18,UHS,0
2025-11-19,ADBE,173
2025-11-19,APH,1
2025-11-19,APP,2
2025-11-19,APTV,3
2025-11-19,ATI,1
2025-11-19,BHP,1
2025-11-19,BKR,2
2025-11-19,BSX,5
2025-11-19,CHEF,1
2025-11-19,CLMT,1
2025-11-19,CMI,47
2025-11-19,COST,88
2025-11-19,CTVA,1
2025-11-19,DASH,82
2025-11-19,DXCM,2
2025-11-19,EEM,1
2025-11-19,EME,0
2025-11-19,FFIV,2
2025-11-19,FNV,1
2025-11-19,GRMN,16
2025-11-19,INCY,2
2025-11-19,ISRG,0
2025-11-19,IVZ,29
2025-11-19,LULU,11
2025-11-19,MA,78
2025-11-19,MAS,0
2025-11-19,META,58
2025-11-19,RMD,2
2025-11-19,ROP,2
2025-11-19,SCHW,23
2025-11-19,UHS,1
2025-11-20,ADBE,173
2025-11-20,AEM,2
2025-11-20,AOS,1
2025-11-20,APH,5
2025-11-20,APP,2
2025-11-20,APTV,2
2025-11-20,B,1
2025-11-20,BHP,1
2025-11-20,BKR,4
2025-11-20,BSX,1
2025-11-20,BTU,1
2025-11-20,CMI,57
2025-11-20,COST,109
2025-11-20,DASH,27
2025-11-20,DXCM,4
2025-11-20,EME,1
2025-11-20,EPAM,2
2025-11-20,FFIV,1
2025-11-20,FNV,3
2025-11-20,GAU,1
2025-11-20,GRMN,25
2025-11-20,INCY,2
2025-11-20,ISRG,3
2025-11-20,IVZ,40
2025-11-20,LULU,46
2025-11-20,MA,65
2025-11-20,MAS,0
2025-11-20,META,77
2025-11-20,RMD,0
2025-11-20,ROP,1
2025-11-20,SCHW,37
2025-11-20,UHS,2
2025-11-21,ADBE,194
2025-11-21,AEM,1
2025-11-21,AOS,1
2025-11-21,APH,2
2025-11-21,APP,3
2025-11-21,ATI,1
2025-11-21,B,2
2025-11-21,BACHY,1
2025-11-21,BHP,1
2025-11-21,BKR,6
2025-11-21,BSX,4
2025-11-21,BXC,1
2025-11-21,CMI,39
2025-11-21,COR,2
2025-11-21,COST,105
2025-11-21,CRSP,2
2025-11-21,CTVA,2
2025-11-21,DASH,42
2025-11-21,DXCM,2
2025-11-21,EME,1
2025-11-21,FFIV,1
2025-11-21,FNV,1
2025-11-21,GRMN,30
2025-11-21,INCY,0
2025-11-21,ISRG,0
2025-11-21,IVZ,30
2025-11-21,LULU,16
2025-11-21,MA,45
2025-11-21,MAS,1
2025-11-21,META,89
2025-11-21,RMD,3
2025-11-21,ROP,0
2025-11-21,SCHW,21
2025-11-21,UHS,1
2025-11-22,ADBE,115
2025-11-22,APH,4
2025-11-22,APP,4
2025-11-22,BKR,2
2025-11-22,BSX,6
2025-11-22,CMI,38
2025-11-22,COST,442
2025-11-22,DASH,11
2025-11-22,EFX,1
2025-11-22,EME,0
2025-11-22,GRMN,15
2025-11-22,INCY,2
2025-11-22,ISRG,1
2025-11-22,IVZ,61
2025-11-22,LULU,27
2025-11-22,MA,49
2025-11-22,MAS,2
2025-11-22,META,50
2025-11-22,RMD,3
2025-11-22,ROP,2
2025-11-22,SCHW,37
2025-11-22,UHS,0
2025-11-23,ADBE,118
2025-11-23,APH,1
2025-11-23,APP,4
2025-11-23,BACHY,1
2025-11-23,BHP,2
2025-11-23,BKR,2
2025-11-23,BSX,8
2025-11-23,CMI,14
2025-11-23,COST,152
2025-11-23,CRSP,1
2025-11-23,DASH,10
2025-11-23,DXCM,1
2025-11-23,EME,0
2025-11-23,GRMN,14
2025-11-23,INCY,1
2025-11-23,ISRG,4
2025-11-23,IVZ,40
2025-11-23,LULU,13
2025-11-23,MA,18
2025-11-23,MAS,0
2025-11-23,META,41
2025-11-23,RMD,0
2025-11-23,ROP,2
2025-11-23,SCHW,35
2025-11-23,UHS,0
2025-11-24,ADBE,169
2025-11-24,AEM,1
2025-11-24,APH,5
2025-11-24,APP,1
2025-11-24,APTV,2
2025-11-24,ATI,1
2025-11-24,B,7
2025-11-24,BACHY,2
2025-11-24,BHP,8
2025-11-24,BKR,5
2025-11-24,BSX,1
2025-11-24,BTU,1
2025-11-24,BXC,1
2025-11-24,CMI,24
2025-11-24,COR,1
2025-11-24,COST,149
2025-11-24,CTVA,1
2025-11-24,DASH,28
2025-11-24,EEM,1
2025-11-24,EME,0
2025-11-24,EPAM,3
2025-11-24,FFIV,1
2025-11-24,FNV,5
2025-11-24,GAU,1
2025-11-24,GRMN,29
2025-11-24,INCY,2
2025-11-24,ISRG,3
2025-11-24,IVZ,34
2025-11-24,LULU,19
2025-11-24,MA,49
2025-11-24,MAS,1
2025-11-24,META,62
2025-11-24,RMD,3
2025-11-24,ROP,0
2025-11-24,SCHW,18
2025-11-24,UHS,0
2025-11-25,ADBE,241
2025-11-25,AEM,1
2025-11-25,APH,1
2025-11-25,APP,4
2025-11-25,APTV,1
2025-11-25,B,5
2025-11-25,BHP,5
2025-11-25,BKR,6
2025-11-25,BSX,7
2025-11-25,CMI,41
2025-11-25,COST,109
2025-11-25,CRSP,2
2025-11-25,CTVA,1
2025-11-25,DASH,50
2025-11-25,DXCM,6
2025-11-25,EME,0
2025-11-25,EPAM,1
2025-11-25,FNV,3
2025-11-25,GAU,1
2025-11-25,GRMN,24
2025-11-25,INCY,1
2025-11-25,ISRG,6
2025-11-25,IVZ,64
2025-11-25,LULU,39
2025-11-25,MA,88
2025-11-25,MAS,1
2025-11-25,META,113
2025-11-25,RMD,0
2025-11-25,ROP,1
2025-11-25,SCHW,95
2025-11-25,UHS,0
2025-11-26,ADBE,159
2025-11-26,AEM,2
2025-11-26,APH,4
2025-11-26,APP,4
2025-11-26,APTV,1
2025-11-26,B,2
2025-11-26,BHP,4
2025-11-26,BKR,5
2025-11-26,BSX,5
2025-11-26,CMI,16
2025-11-26,COR,1
2025-11-26,COST,464
2025-11-26,CRSP,1
2025-11-26,CTVA,1
2025-11-26,DASH,17
2025-11-26,DXCM,2
2025-11-26,EFX,1
2025-11-26,EME,0
2025-11-26,EPAM,2
2025-11-26,FFIV,1
2025-11-26,FNV,1
2025-11-26,GAU,1
2025-11-26,GRMN,34
2025-11-26,INCY,3
2025-11-26,ISRG,3
2025-11-26,IVZ,49
2025-11-26,LULU,71
2025-11-26,MA,71
2025-11-26,MAS,3
2025-11-26,META,111
2025-11-26,RMD,0
2025-11-26,ROP,0
2025-11-26,SCHW,80
2025-11-26,UHS,1
2025-11-27,ADBE,159
2025-11-27,AEM,1
2025-11-27,APH,0
2025-11-27,APP,0
2025-11-27,APTV,1
2025-11-27,ATI,1
2025-11-27,B,2
2025-11-27,BHP,2
2025-11-27,BKR,13
2025-11-27,BSX,3
2025-11-27,CMI,8
2025-11-27,COR,3
2025-11-27,COST,96
2025-11-27,CRSP,1
2025-11-27,DASH,11
2025-11-27,DXCM,1
2025-11-27,EEM,1
2025-11-27,EFX,1
2025-11-27,EME,1
2025-11-27,FNV,1
2025-11-27,GAU,1
2025-11-27,GRMN,27
2025-11-27,INCY,1
2025-11-27,ISRG,1
2025-11-27,IVZ,32
2025-11-27,LULU,20
2025-11-27,MA,40
2025-11-27,MAS,1
2025-11-27,META,29
2025-11-27,RMD,1
2025-11-27,ROP,1
2025-11-27,SCHW,72
2025-11-27,UHS,1
2025-11-28,ADBE,274
2025-11-28,APH,3
2025-11-28,APP,0
2025-11-28,B,2
2025-11-28,BHP,2
2025-11-28,BKR,9
2025-11-28,BSX,4
2025-11-28,CHEF,1
2025-11-28,CMI,28
2025-11-28,COR,1
2025-11-28,COST,197
2025-11-28,CRSP,2
2025-11-28,CTVA,1
2025-11-28,DASH,7
2025-11-28,DXCM,2
2025-11-28,EME,0
2025-11-28,GAU,1
2025-11-28,GRMN,36
2025-11-28,INCY,1
2025-11-28,ISRG,5
2025-11-28,IVZ,43
2025-11-28,LULU,41
2025-11-28,MA,127
2025-11-28,MAS,0
2025-11-28,META,52
2025-11-28,RMD,3
2025-11-28,ROP,2
2025-11-28,SCHW,94
2025-11-28,UHS,0
2025-11-29,ADBE,504
2025-11-29,AOS,1
2025-11-29,APH,3
2025-11-29,APP,0
2025-11-29,ARGT,1
2025-11-29,BKR,1
2025-11-29,BSX,9
2025-11-29,CMI,23
2025-11-29,COST,71
2025-11-29,CRSP,3
2025-11-29,DASH,7
2025-11-29,EEM,1
2025-11-29,EME,1
2025-11-29,FNV,1
2025-11-29,GRMN,29
2025-11-29,INCY,0
2025-11-29,ISRG,3
2025-11-29,IVZ,41
2025-11-29,LULU,107
2025-11-29,MA,317
2025-11-29,MAS,2
2025-11-29,META,61
2025-11-29,RMD,0
2025-11-29,ROP,2
2025-11-29,SCHW,85
2025-11-29,UHS,1
2025-11-30,ADBE,476
2025-11-30,AEM,1
2025-11-30,APH,0
2025-11-30,APP,1
2025-11-30,B,1
2025-11-30,BKR,3
2025-11-30,BSX,2
2025-11-30,CMI,13
2025-11-30,COST,48
2025-11-30,CTVA,1
2025-11-30,DASH,4
2025-11-30,EME,0
2025-11-30,GRMN,25
2025-11-30,INCY,0
2025-11-30,ISRG,7
2025-11-30,IVZ,24
2025-11-30,LULU,17
2025-11-30,MA,320
2025-11-30,MAS,1
2025-11-30,META,25
2025-11-30,RMD,0
2025-11-30,ROP,0
2025-11-30,SCHW,18
2025-11-30,UHS,0
2025-12-01,ADBE,624
2025-12-01,AEM,1
2025-12-01,AOS,1
2025-12-01,APH,2
2025-12-01,APP,1
2025-12-01,APTV,1
2025-12-01,ATI,1
2025-12-01,B,2
2025-12-01,BHP,8
2025-12-01,BKR,2
2025-12-01,BSX,5
2025-12-01,BXC,1
2025-12-01,CMI,19
2025-12-01,COR,1
2025-12-01,COST,54
2025-12-01,CRSP,1
2025-12-01,CTVA,1
2025-12-01,DASH,16
2025-12-01,DXCM,2
2025-12-01,EEM,2
2025-12-01,EFX,1
2025-12-01,EME,2
2025-12-01,EPAM,1
2025-12-01,FFIV,2
2025-12-01,FNV,1
2025-12-01,GAU,1
2025-12-01,GRMN,20
2025-12-01,INCY,0
2025-12-01,ISRG,1
2025-12-01,IVZ,18
2025-12-01,LULU,36
2025-12-01,MA,374
2025-12-01,MAS,0
2025-12-01,META,55
2025-12-01,RMD,0
2025-12-01,ROP,0
2025-12-01,SCHW,11
2025-12-01,UHS,2
2025-12-02,ADBE,259
2025-12-02,AEM,3
2025-12-02,AOS,1
2025-12-02,APH,3
2025-12-02,APP,1
2025-12-02,B,3
2025-12-02,BKR,2
2025-12-02,BSX,4
2025-12-02,CHEF,1
2025-12-02,CMI,30
2025-12-02,COR,3
2025-12-02,COST,277
2025-12-02,CRSP,1
2025-12-02,DASH,23
2025-12-02,DXCM,5
2025-12-02,EEM,2
2025-12-02,EFX,1
2025-12-02,EME,0
2025-12-02,EPAM,1
2025-12-02,FFIV,1
2025-12-02,FNV,2
2025-12-02,GOLD,1
2025-12-02,GRMN,35
2025-12-02,INCY,2
2025-12-02,ISRG,4
2025-12-02,IVZ,65
2025-12-02,LULU,18
2025-12-02,MA,81
2025-12-02,MAS,2
2025-12-02,META,55
2025-12-02,RMD,1
2025-12-02,ROP,4
2025-12-02,SCHW,47
2025-12-02,UHS,3
2025-12-03,ADBE,218
2025-12-03,AOS,1
2025-12-03,APH,2
2025-12-03,APP,6
2025-12-03,APTV,2
2025-12-03,ARGT,1
2025-12-03,ATI,1
2025-12-03,B,2
2025-12-03,BKR,4
2025-12-03,BSX,4
2025-12-03,CHEF,1
2025-12-03,CMI,39
2025-12-03,COR,5
2025-12-03,COST,216
2025-12-03,CRSP,1
2025-12-03,DASH,37
2025-12-03,DXCM,3
2025-12-03,EEM,2
2025-12-03,EME,3
2025-12-03,EPAM,1
2025-12-03,FNV,2
2025-12-03,GRMN,20
2025-12-03,INCY,0
2025-12-03,ISRG,1
2025-12-03,IVZ,40
2025-12-03,LULU,9
2025-12-03,MA,78
2025-12-03,MAS,1
2025-12-03,META,38
2025-12-03,RMD,2
2025-12-03,ROP,2
2025-12-03,SCHW,91
2025-12-03,UHS,0
2025-12-04,ADBE,139
2025-12-04,AOS,2
2025-12-04,APH,0
2025-12-04,APP,6
2025-12-04,APTV,2
2025-12-04,ATI,2
2025-12-04,BKR,0
2025-12-04,BSX,2
2025-12-04,BTU,1
2025-12-04,CLMT,2
2025-12-04,CMI,36
2025-12-04,COST,72
2025-12-04,CRSP,1
2025-12-04,CTVA,2
2025-12-04,DASH,26
2025-12-04,DXCM,4
2025-12-04,EEM,1
2025-12-04,EFX,6
2025-12-04,EME,0
2025-12-04,EPAM,2
2025-12-04,FNV,1
2025-12-04,GOLD,1
2025-12-04,GRMN,19
2025-12-04,INCY,4
2025-12-04,ISRG,5
2025-12-04,IVZ,63
2025-12-04,LULU,16
2025-12-04,MA,44
2025-12-04,MAS,0
2025-12-04,META,100
2025-12-04,RMD,0
2025-12-04,ROP,0
2025-12-04,SCHW,26
2025-12-04,UHS,0
2025-12-05,ADBE,80
2025-12-05,AEM,1
2025-12-05,AOS,1
2025-12-05,APH,0
2025-12-05,APP,1
2025-12-05,APTV,1
2025-12-05,BKR,2
2025-12-05,BSX,4
2025-12-05,CHEF,1
2025-12-05,CMI,31
2025-12-05,COR,1
2025-12-05,COST,41
2025-12-05,DASH,16
2025-12-05,DXCM,2
2025-12-05,EEM,2
2025-12-05,EME,0
2025-12-05,FFIV,2
2025-12-05,FNV,2
2025-12-05,GRMN,10
2025-12-05,INCY,5
2025-12-05,ISRG,5
2025-12-05,IVZ,54
2025-12-05,LULU,7
2025-12-05,MA,48
2025-12-05,MAS,1
2025-12-05,META,58
2025-12-05,RMD,2
2025-12-05,ROP,0
2025-12-05,SCHW,28
2025-12-05,UHS,1
2025-12-06,ADBE,0
2025-12-06,APH,0
2025-12-06,APP,0
2025-12-06,BKR,0
2025-12-06,BSX,0
2025-12-06,CMI,0
2025-12-06,COST,0
2025-12-06,CTVA,1
2025-12-06,DASH,0
2025-12-06,EFX,1
2025-12-06,EME,0
2025-12-06,FFIV,1
2025-12-06,GOLD,1
2025-12-06,GRMN,0
2025-12-06,INCY,0
2025-12-06,ISRG,0
2025-12-06,IVZ,0
2025-12-06,LULU,0
2025-12-06,MA,0
2025-12-06,MAS,0
2025-12-06,META,1
2025-12-06,RMD,0
2025-12-06,ROP,0
2025-12-06,SCHW,0
2025-12-06,UHS,0
2025-12-07,ADBE,109
2025-12-07,AOS,2
2025-12-07,APH,1
2025-12-07,APP,1
2025-12-07,APTV,1
2025-12-07,BKR,10
2025-12-07,BSX,1
2025-12-07,BTU,1
2025-12-07,CMI,29
2025-12-07,COST,57
2025-12-07,CRSP,1
2025-12-07,DASH,13
2025-12-07,EME,0
2025-12-07,GRMN,10
2025-12-07,INCY,5
2025-12-07,ISRG,6
2025-12-07,IVZ,47
2025-12-07,LULU,5
2025-12-07,MA,15
2025-12-07,MAS,0
2025-12-07,META,35
2025-12-07,RMD,1
2025-12-07,ROP,0
2025-12-07,SCHW,28
2025-12-07,UHS,0
2025-12-08,ADBE,140
2025-12-08,AEM,6
2025-12-08,AOS,1
2025-12-08,APH,1
2025-12-08,APP,3
2025-12-08,APTV,1
2025-12-08,ATI,3
2025-12-08,B,3
2025-12-08,BHP,1
2025-12-08,BKR,5
2025-12-08,BSX,5
2025-12-08,BTU,1
2025-12-08,CMI,22
2025-12-08,COR,1
2025-12-08,COST,72
2025-12-08,CRSP,1
2025-12-08,CTVA,2
2025-12-08,DASH,20
2025-12-08,DXCM,2
2025-12-08,EEM,2
2025-12-08,EFX,3
2025-12-08,EME,0
2025-12-08,FNV,1
2025-12-08,GOLD,1
2025-12-08,GRMN,15
2025-12-08,INCY,8
2025-12-08,ISRG,1
2025-12-08,IVZ,29
2025-12-08,LULU,20
2025-12-08,MA,59
2025-12-08,MAS,1
2025-12-08,META,60
2025-12-08,RMD,1
2025-12-08,ROP,1
2025-12-08,SCHW,24
2025-12-08,UHS,0
2025-12-09,ADBE,211
2025-12-09,AEM,7
2025-12-09,APH,2
2025-12-09,APP,3
2025-12-09,APTV,4
2025-12-09,B,7
2025-12-09,BACHY,1
2025-12-09,BHP,2
2025-12-09,BKR,4
2025-12-09,BSX,1
2025-12-09,CHEF,1
2025-12-09,CLMT,1
2025-12-09,CMI,50
2025-12-09,COR,2
2025-12-09,COST,73
2025-12-09,CRSP,2
2025-12-09,CTVA,3
2025-12-09,DASH,10
2025-12-09,DXCM,3
2025-12-09,EFX,2
2025-12-09,EME,1
2025-12-09,EPAM,7
2025-12-09,FFIV,4
2025-12-09,GOLD,2
2025-12-09,GRMN,14
2025-12-09,INCY,3
2025-12-09,ISRG,5
2025-12-09,IVZ,45
2025-12-09,LULU,21
2025-12-09,MA,61
2025-12-09,MAS,1
2025-12-09,META,46
2025-12-09,RMD,2
2025-12-09,ROP,1
2025-12-09,SCHW,32
2025-12-09,UHS,2
2025-12-10,ADBE,349
2025-12-10,AEM,8
2025-12-10,APH,3
2025-12-10,APP,1
2025-12-10,APTV,4
2025-12-10,B,2
2025-12-10,BACHY,1
2025-12-10,BKR,2
2025-12-10,BSX,4
2025-12-10,CMI,41
2025-12-10,COR,2
2025-12-10,COST,99
2025-12-10,CRSP,1
2025-12-10,DASH,33
2025-12-10,DXCM,2
2025-12-10,EEM,2
2025-12-10,EFX,2
2025-12-10,EME,2
2025-12-10,EPAM,2
2025-12-10,FFIV,3
2025-12-10,FNV,2
2025-12-10,GRMN,35
2025-12-10,INCY,4
2025-12-10,ISRG,4
2025-12-10,IVZ,44
2025-12-10,LULU,17
2025-12-10,MA,79
2025-12-10,MAS,0
2025-12-10,META,53
2025-12-10,RMD,2
2025-12-10,ROP,0
2025-12-10,SCHW,31
2025-12-10,UHS,1
2025-12-11,ADBE,281
2025-12-11,AEM,5
2025-12-11,AOS,1
2025-12-11,APH,3
2025-12-11,APP,3
2025-12-11,APTV,3
2025-12-11,ATI,7
2025-12-11,B,3
2025-12-11,BACHY,1
2025-12-11,BKR,2
2025-12-11,BSX,3
2025-12-11,CLMT,1
2025-12-11,CMI,16
2025-12-11,COST,71
2025-12-11,DASH,158
2025-12-11,DXCM,4
2025-12-11,EME,1
2025-12-11,EPAM,2
2025-12-11,FNV,1
2025-12-11,GRMN,15
2025-12-11,INCY,2
2025-12-11,ISRG,3
2025-12-11,IVZ,84
2025-12-11,LULU,29
2025-12-11,MA,44
2025-12-11,MAS,0
2025-12-11,META,48
2025-12-11,RMD,1
2025-12-11,ROP,0
2025-12-11,SCHW,46
2025-12-11,UHS,0
2025-12-12,ADBE,134
2025-12-12,APH,3
2025-12-12,APP,3
2025-12-12,ARGT,1
2025-12-12,ATI,2
2025-12-12,B,3
2025-12-12,BACHY,1
2025-12-12,BKR,10
2025-12-12,BSX,7
2025-12-12,BTU,1
2025-12-12,CMI,25
2025-12-12,COR,2
2025-12-12,COST,133
2025-12-12,CRSP,1
2025-12-12,DASH,40
2025-12-12,DXCM,1
2025-12-12,EEM,2
2025-12-12,EFX,1
2025-12-12,EME,0
2025-12-12,FFIV,1
2025-12-12,FNV,1
2025-12-12,GOLD,1
2025-12-12,GRMN,13
2025-12-12,INCY,2
2025-12-12,ISRG,1
2025-12-12,IVZ,72
2025-12-12,LULU,137
2025-12-12,MA,95
2025-12-12,MAS,1
2025-12-12,META,79
2025-12-12,RMD,0
2025-12-12,ROP,0
2025-12-12,SCHW,70
2025-12-12,UHS,1
2025-12-13,ADBE,157
2025-12-13,APH,3
2025-12-13,APP,4
2025-12-13,BKR,2
2025-12-13,BSX,0
2025-12-13,BTU,1
2025-12-13,CMI,11
2025-12-13,COST,62
2025-12-13,CTVA,1
2025-12-13,DASH,37
2025-12-13,DXCM,1
2025-12-13,EEM,1
2025-12-13,EME,0
2025-12-13,GRMN,14
2025-12-13,INCY,1
2025-12-13,ISRG,3
2025-12-13,IVZ,57
2025-12-13,LULU,48
2025-12-13,MA,58
2025-12-13,MAS,0
2025-12-13,META,53
2025-12-13,RMD,0
2025-12-13,ROP,0
2025-12-13,SCHW,37
2025-12-13,UHS,2
2025-12-14,ADBE,75
2025-12-14,APH,1
2025-12-14,APP,3
2025-12-14,B,1
2025-12-14,BKR,0
2025-12-14,BSX,0
2025-12-14,CMI,13
2025-12-14,COST,49
2025-12-14,DASH,26
2025-12-14,EEM,2
2025-12-14,EME,0
2025-12-14,GRMN,8
2025-12-14,INCY,0
2025-12-14,ISRG,7
2025-12-14,IVZ,23
2025-12-14,LULU,16
2025-12-14,MA,13
2025-12-14,MAS,0
2025-12-14,META,29
2025-12-14,RMD,0
2025-12-14,ROP,0
2025-12-14,SCHW,16
2025-12-14,UHS,0
2025-12-15,ADBE,129
2025-12-15,AEM,1
2025-12-15,AOS,1
2025-12-15,APH,1
2025-12-15,APP,2
2025-12-15,ARGT,1
2025-12-15,B,1
2025-12-15,BKR,13
2025-12-15,BSX,0
2025-12-15,BTU,1
2025-12-15,BXC,1
2025-12-15,CMI,68
2025-12-15,COR,13
2025-12-15,COST,70
2025-12-15,DASH,29
2025-12-15,DXCM,1
2025-12-15,EEM,1
2025-12-15,EME,2
2025-12-15,EPAM,1
2025-12-15,FFIV,1
2025-12-15,GOLD,1
2025-12-15,GRMN,19
2025-12-15,INCY,1
2025-12-15,ISRG,1
2025-12-15,IVZ,30
2025-12-15,LULU,15
2025-12-15,MA,40
2025-12-15,MAS,2
2025-12-15,META,32
2025-12-15,RMD,0
2025-12-15,ROP,0
2025-12-15,SCHW,20
2025-12-15,UHS,0
2025-12-16,ADBE,201
2025-12-16,AEM,6
2025-12-16,AOS,1
2025-12-16,APH,2
2025-12-16,APP,3
2025-12-16,ATI,2
2025-12-16,B,3
2025-12-16,BHP,1
2025-12-16,BKR,6
2025-12-16,BSX,1
2025-12-16,CLMT,1
2025-12-16,CMI,63
2025-12-16,COR,3
2025-12-16,COST,85
2025-12-16,CRSP,1
2025-12-16,CTVA,3
2025-12-16,DASH,17
2025-12-16,DXCM,3
2025-12-16,EEM,1
2025-12-16,EME,1
2025-12-16,EPAM,2
2025-12-16,FFIV,2
2025-12-16,FNV,1
2025-12-16,GOLD,1
2025-12-16,GRMN,13
2025-12-16,INCY,2
2025-12-16,ISRG,3
2025-12-16,IVZ,43
2025-12-16,LULU,11
2025-12-16,MA,59
2025-12-16,MAS,1
2025-12-16,META,41
2025-12-16,RMD,0
2025-12-16,ROP,0
2025-12-16,SCHW,12
2025-12-16,UHS,2
2025-12-17,ADBE,201
2025-12-17,AEM,6
2025-12-17,APH,3
2025-12-17,APP,4
2025-12-17,APTV,1
2025-12-17,ARGT,1
2025-12-17,B,6
2025-12-17,BKR,13
2025-12-17,BSX,2
2025-12-17,BTU,1
2025-12-17,CMI,89
2025-12-17,COST,116
2025-12-17,CRSP,1
2025-12-17,CTVA,1
2025-12-17,DASH,24
2025-12-17,DXCM,4
2025-12-17,EEM,1
2025-12-17,EFX,4
2025-12-17,EME,0
2025-12-17,FFIV,2
2025-12-17,FNV,1
2025-12-17,GRMN,9
2025-12-17,INCY,1
2025-12-17,ISRG,4
2025-12-17,IVZ,60
2025-12-17,LULU,9
2025-12-17,MA,60
2025-12-17,MAS,1
2025-12-17,META,56
2025-12-17,RMD,1
2025-12-17,ROP,2
2025-12-17,SCHW,26
2025-12-17,UHS,0
2025-12-18,ADBE,163
2025-12-18,AEM,5
2025-12-18,AOS,1
2025-12-18,APH,3
2025-12-18,APP,4
2025-12-18,APTV,2
2025-12-18,ATI,1
2025-12-18,B,2
2025-12-18,BKR,8
2025-12-18,BSX,7
2025-12-18,BTU,1
2025-12-18,BXC,1
2025-12-18,CMI,116
2025-12-18,COST,421
2025-12-18,CRSP,2
2025-12-18,CTVA,3
2025-12-18,DASH,54
2025-12-18,DXCM,4
2025-12-18,EFX,1
2025-12-18,EME,0
2025-12-18,FFIV,1
2025-12-18,GRMN,24
2025-12-18,INCY,4
2025-12-18,ISRG,10
2025-12-18,IVZ,68
2025-12-18,LULU,58
2025-12-18,MA,61
2025-12-18,MAS,10
2025-12-18,META,51
2025-12-18,RMD,2
2025-12-18,ROP,5
2025-12-18,SCHW,28
2025-12-18,UHS,2
2025-12-19,ADBE,200
2025-12-19,AEM,3
2025-12-19,APH,2
2025-12-19,APP,2
2025-12-19,APTV,1
2025-12-19,ATI,2
2025-12-19,B,2
2025-12-19,BHP,2
2025-12-19,BKR,5
2025-12-19,BSX,2
2025-12-19,BTU,3
2025-12-19,CMI,69
2025-12-19,COR,2
2025-12-19,COST,99
2025-12-19,CRSP,2
2025-12-19,CTVA,2
2025-12-19,DASH,19
2025-12-19,DXCM,4
2025-12-19,EEM,1
2025-12-19,EFX,1
2025-12-19,EME,1
2025-12-19,EPAM,1
2025-12-19,GRMN,16
2025-12-19,INCY,0
2025-12-19,ISRG,2
2025-12-19,IVZ,52
2025-12-19,LULU,39
2025-12-19,MA,80
2025-12-19,MAS,0
2025-12-19,META,41
2025-12-19,RMD,0
2025-12-19,ROP,0
2025-12-19,SCHW,53
2025-12-19,UHS,0
2025-12-20,ADBE,68
2025-12-20,APH,1
2025-12-20,APP,5
2025-12-20,ATI,1
2025-12-20,B,1
2025-12-20,BKR,3
2025-12-20,BSX,2
2025-12-20,CHEF,1
2025-12-20,CMI,73
2025-12-20,COST,61
2025-12-20,DASH,17
2025-12-20,EME,0
2025-12-20,GRMN,8
2025-12-20,INCY,1
2025-12-20,ISRG,3
2025-12-20,IVZ,49
2025-12-20,LULU,32
2025-12-20,MA,28
2025-12-20,MAS,0
2025-12-20,META,41
2025-12-20,RMD,0
2025-12-20,ROP,0
2025-12-20,SCHW,21
2025-12-20,UHS,0
2025-12-21,ADBE,130
2025-12-21,AEM,1
2025-12-21,AOS,1
2025-12-21,APH,3
2025-12-21,APP,8
2025-12-21,B,2
2025-12-21,BKR,2
2025-12-21,BSX,2
2025-12-21,CMI,128
2025-12-21,COR,1
2025-12-21,COST,91
2025-12-21,CTVA,1
2025-12-21,DASH,7
2025-12-21,EME,1
2025-12-21,FNV,1
2025-12-21,GAU,2
2025-12-21,GRMN,10
2025-12-21,INCY,1
2025-12-21,ISRG,1
2025-12-21,IVZ,29
2025-12-21,LULU,5
2025-12-21,MA,21
2025-12-21,MAS,1
2025-12-21,META,25
2025-12-21,RMD,0
2025-12-21,ROP,0
2025-12-21,SCHW,15
2025-12-21,UHS,0
2025-12-22,ADBE,118
2025-12-22,AEM,6
2025-12-22,APH,1
2025-12-22,APP,3
2025-12-22,APTV,2
2025-12-22,ARGT,1
2025-12-22,ATI,1
2025-12-22,B,6
2025-12-22,BKR,15
2025-12-22,BSX,2
2025-12-22,CLMT,1
2025-12-22,CMI,51
2025-12-22,COR,3
2025-12-22,COST,153
2025-12-22,CRSP,3
2025-12-22,CTVA,2
2025-12-22,DASH,17
2025-12-22,DXCM,4
2025-12-22,EEM,1
2025-12-22,EME,0
2025-12-22,EPAM,2
2025-12-22,FNV,1
2025-12-22,GAU,1
2025-12-22,GRMN,28
2025-12-22,INCY,1
2025-12-22,ISRG,4
2025-12-22,IVZ,29
2025-12-22,LULU,16
2025-12-22,MA,28
2025-12-22,MAS,0
2025-12-22,META,35
2025-12-22,RMD,0
2025-12-22,ROP,0
2025-12-22,SCHW,7
2025-12-22,UHS,0
2025-12-23,ADBE,152
2025-12-23,AEM,1
2025-12-23,AOS,1
2025-12-23,APH,4
2025-12-23,APP,4
2025-12-23,B,2
2025-12-23,BKR,2
2025-12-23,BSX,11
2025-12-23,BTU,3
2025-12-23,BXC,1
2025-12-23,CHEF,1
2025-12-23,CMI,55
2025-12-23,COR,2
2025-12-23,COST,117
2025-12-23,CRSP,5
2025-12-23,DASH,20
2025-12-23,DXCM,1
2025-12-23,EFX,1
2025-12-23,EME,0
2025-12-23,GRMN,29
2025-12-23,INCY,4
2025-12-23,ISRG,2
2025-12-23,IVZ,82
2025-12-23,LULU,20
2025-12-23,MA,66
2025-12-23,MAS,0
2025-12-23,META,68
2025-12-23,RMD,0
2025-12-23,ROP,1
2025-12-23,SCHW,30
2025-12-23,UHS,0
2025-12-24,ADBE,158
2025-12-24,AOS,1
2025-12-24,APH,1
2025-12-24,APP,0
2025-12-24,APTV,1
2025-12-24,B,3
2025-12-24,BHP,1
2025-12-24,BKR,4
2025-12-24,BSX,3
2025-12-24,CMI,84
2025-12-24,COR,1
2025-12-24,COST,152
2025-12-24,CRSP,3
2025-12-24,DASH,56
2025-12-24,EME,0
2025-12-24,FFIV,1
2025-12-24,FNV,1
2025-12-24,GRMN,33
2025-12-24,INCY,1
2025-12-24,ISRG,2
2025-12-24,IVZ,85
2025-12-24,LULU,16
2025-12-24,MA,105
2025-12-24,MAS,2
2025-12-24,META,57
2025-12-24,RMD,0
2025-12-24,ROP,0
2025-12-24,SCHW,14
2025-12-24,UHS,0
2025-12-25,ADBE,213
2025-12-25,APH,0
2025-12-25,APP,2
2025-12-25,BKR,1
2025-12-25,BSX,0
2025-12-25,CMI,48
2025-12-25,COR,1
2025-12-25,COST,60
2025-12-25,DASH,19
2025-12-25,EME,1
2025-12-25,GAU,1
2025-12-25,GRMN,15
2025-12-25,INCY,3
2025-12-25,ISRG,0
2025-12-25,IVZ,33
2025-12-25,LULU,15
2025-12-25,MA,23
2025-12-25,MAS,0
2025-12-25,META,16
2025-12-25,RMD,0
2025-12-25,ROP,1
2025-12-25,SCHW,14
2025-12-25,UHS,0
2025-12-26,ADBE,218
2025-12-26,AEM,2
2025-12-26,APH,3
2025-12-26,APP,2
2025-12-26,APTV,1
2025-12-26,B,1
2025-12-26,BHP,1
2025-12-26,BKR,7
2025-12-26,BSX,3
2025-12-26,CMI,39
2025-12-26,COR,1
2025-12-26,COST,81
2025-12-26,CRSP,2
2025-12-26,DASH,8
2025-12-26,EME,2
2025-12-26,GRMN,15
2025-12-26,INCY,2
2025-12-26,ISRG,0
2025-12-26,IVZ,31
2025-12-26,LULU,16
2025-12-26,MA,86
2025-12-26,MAS,1
2025-12-26,META,82
2025-12-26,RMD,1
2025-12-26,ROP,0
2025-12-26,SCHW,10
2025-12-26,UHS,0
2025-12-27,ADBE,147
2025-12-27,AOS,1
2025-12-27,APH,0
2025-12-27,APP,3
2025-12-27,BKR,1
2025-12-27,BSX,0
2025-12-27,CMI,5
2025-12-27,COST,117
2025-12-27,CRSP,1
2025-12-27,CTVA,1
2025-12-27,DASH,7
2025-12-27,EFX,1
2025-12-27,EME,3
2025-12-27,GRMN,10
2025-12-27,INCY,0
2025-12-27,ISRG,2
2025-12-27,IVZ,37
2025-12-27,LULU,17
2025-12-27,MA,54
2025-12-27,MAS,0
2025-12-27,META,76
2025-12-27,RMD,0
2025-12-27,ROP,0
2025-12-27,SCHW,6
2025-12-27,UHS,0
2025-12-28,ADBE,169
2025-12-28,AEM,1
2025-12-28,APH,2
2025-12-28,APP,1
2025-12-28,B,1
2025-12-28,BHP,1
2025-12-28,BKR,2
2025-12-28,BSX,0
2025-12-28,CMI,10
2025-12-28,COST,107
2025-12-28,CRSP,1
2025-12-28,DASH,7
2025-12-28,EEM,1
2025-12-28,EME,0
2025-12-28,FFIV,1
2025-12-28,FNV,1
2025-12-28,GRMN,11
2025-12-28,INCY,0
2025-12-28,ISRG,2
2025-12-28,IVZ,45
2025-12-28,LULU,21
2025-12-28,MA,28
2025-12-28,MAS,0
2025-12-28,META,27
2025-12-28,RMD,0
2025-12-28,ROP,0
2025-12-28,SCHW,13
2025-12-28,UHS,0
2025-12-29,ADBE,164
2025-12-29,AEM,2
2025-12-29,AOS,1
2025-12-29,APH,0
2025-12-29,APP,4
2025-12-29,ATI,1
2025-12-29,B,6
2025-12-29,BKR,5
2025-12-29,BSX,5
2025-12-29,CMI,41
2025-12-29,COR,2
2025-12-29,COST,519
2025-12-29,CRSP,2
2025-12-29,CTVA,2
2025-12-29,DASH,17
2025-12-29,DXCM,1
2025-12-29,EEM,1
2025-12-29,EME,0
2025-12-29,FNV,1
2025-12-29,GAU,1
2025-12-29,GRMN,33
2025-12-29,INCY,0
2025-12-29,ISRG,1
2025-12-29,IVZ,56
2025-12-29,LULU,32
2025-12-29,MA,64
2025-12-29,MAS,0
2025-12-29,META,90
2025-12-29,RMD,1
2025-12-29,ROP,0
2025-12-29,SCHW,19
2025-12-29,UHS,1
2025-12-30,ADBE,129
2025-12-30,AOS,1
2025-12-30,APH,0
2025-12-30,APP,9
2025-12-30,ATI,3
2025-12-30,B,3
2025-12-30,BBY,1
2025-12-30,BHP,2
2025-12-30,BKR,5
2025-12-30,BSX,3
2025-12-30,CHEF,1
2025-12-30,CMI,24
2025-12-30,COR,1
2025-12-30,COST,125
2025-12-30,CRSP,3
2025-12-30,DASH,13
2025-12-30,DXCM,2
2025-12-30,EME,0
2025-12-30,FFIV,1
2025-12-30,GRMN,22
2025-12-30,INCY,1
2025-12-30,ISRG,2
2025-12-30,IVZ,52
2025-12-30,LULU,39
2025-12-30,MA,21
2025-12-30,MAS,1
2025-12-30,META,97
2025-12-30,RMD,3
2025-12-30,ROP,0
2025-12-30,SCHW,23
2025-12-30,UHS,2
2025-12-31,ADBE,258
2025-12-31,AOS,3
2025-12-31,APH,5
2025-12-31,APP,2
2025-12-31,ARGT,1
2025-12-31,ATI,1
2025-12-31,BBY,1
2025-12-31,BHP,2
2025-12-31,BKR,4
2025-12-31,BSX,6
2025-12-31,CMI,29
2025-12-31,COST,180
2025-12-31,CRSP,3
2025-12-31,DASH,26
2025-12-31,EME,2
2025-12-31,FFIV,1
2025-12-31,FNV,1
2025-12-31,GRMN,26
2025-12-31,INCY,2
2025-12-31,ISRG,5
2025-12-31,IVZ,37
2025-12-31,LULU,15
2025-12-31,MA,43
2025-12-31,MAS,2
2025-12-31,META,87
2025-12-31,RMD,0
2025-12-31,ROP,2
2025-12-31,SCHW,11
2025-12-31,UHS,2
2026-01-01,ADBE,93
2026-01-01,APH,2
2026-01-01,APP,4
2026-01-01,BKR,3
2026-01-01,BSX,2
2026-01-01,CMI,41
2026-01-01,COST,171
2026-01-01,DASH,14
2026-01-01,DXCM,1
2026-01-01,EME,1
2026-01-01,EPAM,1
2026-01-01,GRMN,10
2026-01-01,INCY,0
2026-01-01,ISRG,2
2026-01-01,IVZ,39
2026-01-01,LULU,39
2026-01-01,MA,17
2026-01-01,MAS,1
2026-01-01,META,36
2026-01-01,RMD,0
2026-01-01,ROP,1
2026-01-01,SCHW,19
2026-01-01,UHS,4
2026-01-02,ADBE,270
2026-01-02,AOS,1
2026-01-02,APH,9
2026-01-02,APP,4
2026-01-02,APTV,1
2026-01-02,ARGT,1
2026-01-02,ATI,1
2026-01-02,B,1
2026-01-02,BBY,1
2026-01-02,BKR,4
2026-01-02,BSX,2
2026-01-02,CMI,45
2026-01-02,COR,2
2026-01-02,COST,61
2026-01-02,CRSP,1
2026-01-02,CTVA,1
2026-01-02,DASH,16
2026-01-02,EEM,1
2026-01-02,EFX,3
2026-01-02,EME,2
2026-01-02,EPAM,1
2026-01-02,GRMN,26
2026-01-02,INCY,2
2026-01-02,ISRG,2
2026-01-02,IVZ,34
2026-01-02,LULU,35
2026-01-02,MA,19
2026-01-02,MAS,0
2026-01-02,META,30
2026-01-02,RMD,2
2026-01-02,ROP,2
2026-01-02,SCHW,10
2026-01-02,UHS,0
2026-01-03,ADBE,117
2026-01-03,AEM,1
2026-01-03,APH,2
2026-01-03,APP,3
2026-01-03,B,1
2026-01-03,BKR,4
2026-01-03,BSX,0
2026-01-03,CMI,25
2026-01-03,COST,35
2026-01-03,DASH,14
2026-01-03,EEM,1
2026-01-03,EME,0
2026-01-03,GRMN,51
2026-01-03,INCY,0
2026-01-03,ISRG,4
2026-01-03,IVZ,18
2026-01-03,LULU,35
2026-01-03,MA,20
2026-01-03,MAS,0
2026-01-03,META,20
2026-01-03,RMD,2
2026-01-03,ROP,0
2026-01-03,SCHW,6
2026-01-03,UHS,0
2026-01-04,ADBE,81
2026-01-04,APH,3
2026-01-04,APP,1
2026-01-04,BBY,1
2026-01-04,BKR,2
2026-01-04,BSX,1
2026-01-04,CMI,13
2026-01-04,COST,36
2026-01-04,DASH,11
2026-01-04,DXCM,1
2026-01-04,EEM,1
2026-01-04,EME,0
2026-01-04,GRMN,12
2026-01-04,INCY,0
2026-01-04,ISRG,0
2026-01-04,IVZ,27
2026-01-04,LULU,4
2026-01-04,MA,12
2026-01-04,MAS,0
2026-01-04,META,33
2026-01-04,RMD,0
2026-01-04,ROP,0
2026-01-04,SCHW,3
2026-01-04,UHS,0
2026-01-05,ADBE,220
2026-01-05,AEM,1
2026-01-05,AOS,1
2026-01-05,APH,2
2026-01-05,APP,5
2026-01-05,APTV,4
2026-01-05,B,3
2026-01-05,BBY,2
2026-01-05,BHP,2
2026-01-05,BKR,18
2026-01-05,BSX,2
2026-01-05,BTU,1
2026-01-05,BXC,1
2026-01-05,CLMT,1
2026-01-05,CMI,44
2026-01-05,COR,3
2026-01-05,COST,362
2026-01-05,CRSP,3
2026-01-05,CTVA,1
2026-01-05,DASH,49
2026-01-05,DXCM,2
2026-01-05,EEM,2
2026-01-05,EME,0
2026-01-05,FFIV,5
2026-01-05,FNV,3
2026-01-05,GAU,1
2026-01-05,GRMN,19
2026-01-05,INCY,1
2026-01-05,ISRG,1
2026-01-05,IVZ,30
2026-01-05,LULU,14
2026-01-05,MA,34
2026-01-05,MAS,1
2026-01-05,META,41
2026-01-05,RMD,2
2026-01-05,ROP,0
2026-01-05,SCHW,8
2026-01-05,UHS,0
2026-01-06,ADBE,114
2026-01-06,AEM,2
2026-01-06,AOS,3
2026-01-06,APH,0
2026-01-06,APP,1
2026-01-06,APTV,3
2026-01-06,ATI,4
2026-01-06,B,7
2026-01-06,BHP,1
2026-01-06,BKR,14
2026-01-06,BSX,2
2026-01-06,BTU,1
2026-01-06,CHEF,2
2026-01-06,CLMT,4
2026-01-06,CMI,11
2026-01-06,COR,1
2026-01-06,COST,101
2026-01-06,CRSP,1
2026-01-06,CTVA,3
2026-01-06,DASH,23
2026-01-06,EEM,2
2026-01-06,EFX,7
2026-01-06,EME,1
2026-01-06,EPAM,2
2026-01-06,FFIV,2
2026-01-06,FNV,3
2026-01-06,GAU,1
2026-01-06,GRMN,28
2026-01-06,INCY,1
2026-01-06,ISRG,6
2026-01-06,IVZ,30
2026-01-06,LULU,11
2026-01-06,MA,34
2026-01-06,MAS,0
2026-01-06,META,19
2026-01-06,RMD,1
2026-01-06,ROP,1
2026-01-06,SCHW,18
2026-01-06,UHS,0
2026-01-07,ADBE,160
2026-01-07,AEM,2
2026-01-07,AOS,1
2026-01-07,APH,1
2026-01-07,APP,7
2026-01-07,APTV,3
2026-01-07,B,1
2026-01-07,BBY,2
2026-01-07,BKR,4
2026-01-07,BSX,3
2026-01-07,BTU,3
2026-01-07,CLMT,2
2026-01-07,CMI,21
2026-01-07,COR,1
2026-01-07,COST,72
2026-01-07,CRSP,1
2026-01-07,CTVA,5
2026-01-07,DASH,33
2026-01-07,DXCM,2
2026-01-07,EEM,1
2026-01-07,EFX,1
2026-01-07,EME,1
2026-01-07,FFIV,1
2026-01-07,FNV,1
2026-01-07,GAU,1
2026-01-07,GRMN,21
2026-01-07,INCY,6
2026-01-07,ISRG,1
2026-01-07,IVZ,37
2026-01-07,LULU,11
2026-01-07,MA,20
2026-01-07,MAS,1
2026-01-07,META,39
2026-01-07,RMD,0
2026-01-07,ROP,0
2026-01-07,SCHW,25
2026-01-07,UHS,1
2026-01-08,ADBE,171
2026-01-08,AEM,1
2026-01-08,AOS,1
2026-01-08,APH,3
2026-01-08,APP,5
2026-01-08,APTV,4
2026-01-08,B,1
2026-01-08,BBY,1
2026-01-08,BHP,2
2026-01-08,BKR,3
2026-01-08,BSX,4
2026-01-08,CLMT,1
2026-01-08,CMI,54
2026-01-08,COR,2
2026-01-08,COST,71
2026-01-08,CTVA,3
2026-01-08,DASH,11
2026-01-08,DXCM,2
2026-01-08,EEM,1
2026-01-08,EFX,1
2026-01-08,EME,0
2026-01-08,EPAM,2
2026-01-08,FFIV,3
2026-01-08,FNV,1
2026-01-08,GAU,2
2026-01-08,GRMN,17
2026-01-08,INCY,0
2026-01-08,ISRG,2
2026-01-08,IVZ,34
2026-01-08,LULU,17
2026-01-08,MA,70
2026-01-08,MAS,3
2026-01-08,META,39
2026-01-08,RMD,2
2026-01-08,ROP,0
2026-01-08,SCHW,15
2026-01-08,UHS,1
2026-01-09,ADBE,186
2026-01-09,AEM,1
2026-01-09,AOS,2
2026-01-09,APH,2
2026-01-09,APP,4
2026-01-09,APTV,6
2026-01-09,ARGT,2
2026-01-09,ATI,2
2026-01-09,B,2
2026-01-09,BBY,2
2026-01-09,BKR,8
2026-01-09,BSX,3
2026-01-09,CMI,14
2026-01-09,COR,2
2026-01-09,COST,123
2026-01-09,CRSP,1
2026-01-09,CTVA,2
2026-01-09,DASH,28
2026-01-09,DHI,14
2026-01-09,DXCM,1
2026-01-09,EEM,1
2026-01-09,EFX,1
2026-01-09,EME,0
2026-01-09,EPAM,2
2026-01-09,FNV,1
2026-01-09,GAU,1
2026-01-09,GRMN,13
2026-01-09,INCY,0
2026-01-09,ISRG,4
2026-01-09,IVZ,34
2026-01-09,LULU,18
2026-01-09,MA,37
2026-01-09,MAS,0
2026-01-09,META,115
2026-01-09,RMD,2
2026-01-09,ROP,0
2026-01-09,SCHW,16
2026-01-09,UHS,0
2026-01-10,ADBE,157
2026-01-10,AOS,1
2026-01-10,APH,1
2026-01-10,APP,9
2026-01-10,APTV,2
2026-01-10,ATI,1
2026-01-10,BKR,5
2026-01-10,BSX,2
2026-01-10,BTU,1
2026-01-10,CMI,22
2026-01-10,COST,78
2026-01-10,CRSP,1
2026-01-10,CTVA,2
2026-01-10,DASH,20
2026-01-10,EEM,1
2026-01-10,EME,1
2026-01-10,GRMN,23
2026-01-10,INCY,1
2026-01-10,ISRG,3
2026-01-10,IVZ,51
2026-01-10,LULU,8
2026-01-10,MA,44
2026-01-10,MAS,0
2026-01-10,META,65
2026-01-10,RMD,2
2026-01-10,ROP,1
2026-01-10,SCHW,15
2026-01-10,UHS,0
2026-01-11,ADBE,69
2026-01-11,APH,0
2026-01-11,APP,2
2026-01-11,APTV,1
2026-01-11,ATI,1
2026-01-11,B,1
2026-01-11,BHP,1
2026-01-11,BKR,6
2026-01-11,BSX,1
2026-01-11,CMI,18
2026-01-11,COST,58
2026-01-11,DASH,12
2026-01-11,DHI,1
2026-01-11,EEM,1
2026-01-11,EFX,2
2026-01-11,EME,0
2026-01-11,GRMN,12
2026-01-11,INCY,1
2026-01-11,ISRG,1
2026-01-11,IVZ,33
2026-01-11,LULU,6
2026-01-11,MA,22
2026-01-11,MAS,0
2026-01-11,META,25
2026-01-11,RMD,1
2026-01-11,ROP,0
2026-01-11,SCHW,10
2026-01-11,UHS,0
2026-01-12,ADBE,140
2026-01-12,AEM,2
2026-01-12,APH,4
2026-01-12,APP,0
2026-01-12,APTV,4
2026-01-12,ATI,1
2026-01-12,B,1
2026-01-12,BBY,2
2026-01-12,BHP,1
2026-01-12,BKR,6
2026-01-12,BSX,4
2026-01-12,CHEF,4
2026-01-12,CLMT,1
2026-01-12,CMI,16
2026-01-12,COR,3
2026-01-12,COST,43
2026-01-12,CRSP,5
2026-01-12,CTVA,1
2026-01-12,DASH,16
2026-01-12,DHI,2
2026-01-12,DXCM,8
2026-01-12,EEM,1
2026-01-12,EFX,4
2026-01-12,EME,2
2026-01-12,EPAM,1
2026-01-12,FFIV,1
2026-01-12,FNV,1
2026-01-12,GRMN,214
2026-01-12,INCY,0
2026-01-12,ISRG,1
2026-01-12,IVZ,34
2026-01-12,LULU,14
2026-01-12,MA,68
2026-01-12,MAS,0
2026-01-12,META,52
2026-01-12,RMD,1
2026-01-12,ROP,0
2026-01-12,SCHW,5
2026-01-12,UHS,2
2026-01-13,ADBE,205
2026-01-13,APH,8
2026-01-13,APP,3
2026-01-13,APTV,2
2026-01-13,ARGT,1
2026-01-13,B,1
2026-01-13,BBY,4
2026-01-13,BKR,2
2026-01-13,BSX,4
2026-01-13,CLMT,1
2026-01-13,CMI,19
2026-01-13,COR,1
2026-01-13,COST,69
2026-01-13,CRSP,4
2026-01-13,DASH,29
2026-01-13,DHI,5
2026-01-13,DXCM,4
2026-01-13,EEM,1
2026-01-13,EFX,4
2026-01-13,EME,0
2026-01-13,EPAM,3
2026-01-13,FFIV,2
2026-01-13,GRMN,41
2026-01-13,INCY,3
2026-01-13,ISRG,3
2026-01-13,IVZ,99
2026-01-13,LULU,26
2026-01-13,MA,93
2026-01-13,MAS,1
2026-01-13,META,92
2026-01-13,RMD,0
2026-01-13,ROP,2
2026-01-13,SCHW,14
2026-01-13,UHS,1
2026-01-14,ADBE,173
2026-01-14,AEM,2
2026-01-14,APH,3
2026-01-14,APP,5
2026-01-14,APTV,2
2026-01-14,ARGT,1
2026-01-14,ATI,1
2026-01-14,B,1
2026-01-14,BBY,1
2026-01-14,BHP,1
2026-01-14,BKR,1
2026-01-14,BSX,6
2026-01-14,CHEF,1
2026-01-14,CMI,33
2026-01-14,COST,68
2026-01-14,CRSP,1
2026-01-14,CTVA,2
2026-01-14,DASH,28
2026-01-14,DHI,8
2026-01-14,DXCM,3
2026-01-14,EEM,1
2026-01-14,EFX,3
2026-01-14,EME,1
2026-01-14,EPAM,4
2026-01-14,FFIV,1
2026-01-14,FNV,1
2026-01-14,GRMN,188
2026-01-14,INCY,3
2026-01-14,ISRG,2
2026-01-14,IVZ,28
2026-01-14,LULU,22
2026-01-14,MA,74
2026-01-14,MAS,0
2026-01-14,META,44
2026-01-14,RMD,0
2026-01-14,ROP,1
2026-01-14,SCHW,10
2026-01-14,UHS,3
2026-01-15,ADBE,168
2026-01-15,AEM,1
2026-01-15,AOS,2
2026-01-15,APH,1
2026-01-15,APP,3
2026-01-15,APTV,2
2026-01-15,ATI,5
2026-01-15,B,4
2026-01-15,BBY,3
2026-01-15,BHP,4
2026-01-15,BKR,2
2026-01-15,BSX,39
2026-01-15,CHEF,1
2026-01-15,CLMT,1
2026-01-15,CMI,15
2026-01-15,COST,88
2026-01-15,CRSP,1
2026-01-15,CTVA,3
2026-01-15,DASH,26
2026-01-15,DXCM,2
2026-01-15,EEM,5
2026-01-15,EFX,1
2026-01-15,EME,0
2026-01-15,EPAM,2
2026-01-15,FFIV,3
2026-01-15,FNV,1
2026-01-15,GRMN,130
2026-01-15,INCY,1
2026-01-15,ISRG,2
2026-01-15,IVZ,63
2026-01-15,LULU,12
2026-01-15,MA,68
2026-01-15,MAS,1
2026-01-15,META,101
2026-01-15,RMD,1
2026-01-15,ROP,1
2026-01-15,SCHW,6
2026-01-15,UHS,0
2026-01-16,ADBE,165
2026-01-16,AOS,1
2026-01-16,APH,2
2026-01-16,APP,2
2026-01-16,APTV,4
2026-01-16,ATI,3
2026-01-16,BBY,2
2026-01-16,BHP,2
2026-01-16,BKR,9
2026-01-16,BSX,13
2026-01-16,CMI,8
2026-01-16,COR,1
2026-01-16,COST,52
2026-01-16,CTVA,3
2026-01-16,DASH,46
2026-01-16,DHI,8
2026-01-16,DXCM,1
2026-01-16,EEM,1
2026-01-16,EFX,1
2026-01-16,EME,0
2026-01-16,GRMN,37
2026-01-16,INCY,0
2026-01-16,ISRG,6
2026-01-16,IVZ,37
2026-01-16,LULU,23
2026-01-16,MA,90
2026-01-16,MAS,1
2026-01-16,META,57
2026-01-16,RMD,0
2026-01-16,ROP,0
2026-01-16,SCHW,8
2026-01-16,UHS,0
2026-01-17,ADBE,150
2026-01-17,APH,2
2026-01-17,APP,1
2026-01-17,ATI,1
2026-01-17,BKR,1
2026-01-17,BSX,1
2026-01-17,CMI,8
2026-01-17,COST,69
2026-01-17,DASH,12
2026-01-17,DHI,2
2026-01-17,EFX,1
2026-01-17,EME,0
2026-01-17,FFIV,1
2026-01-17,GAU,1
2026-01-17,GRMN,10
2026-01-17,INCY,0
2026-01-17,ISRG,3
2026-01-17,IVZ,51
2026-01-17,LULU,9
2026-01-17,MA,37
2026-01-17,MAS,1
2026-01-17,META,31
2026-01-17,RMD,0
2026-01-17,ROP,0
2026-01-17,SCHW,16
2026-01-17,UHS,0
2026-01-18,ADBE,117
2026-01-18,APH,4
2026-01-18,APP,0
2026-01-18,ATI,1
2026-01-18,B,1
2026-01-18,BKR,3
2026-01-18,BSX,16
2026-01-18,CMI,9
2026-01-18,COST,31
2026-01-18,DASH,6
2026-01-18,DHI,4
2026-01-18,EME,0
2026-01-18,GRMN,5
2026-01-18,INCY,0
2026-01-18,ISRG,0
2026-01-18,IVZ,24
2026-01-18,LULU,6
2026-01-18,MA,23
2026-01-18,MAS,0
2026-01-18,META,54
2026-01-18,RMD,0
2026-01-18,ROP,1
2026-01-18,SCHW,27
2026-01-18,UHS,0
2026-01-19,ADBE,87
2026-01-19,APH,1
2026-01-19,APP,2
2026-01-19,APTV,1
2026-01-19,B,1
2026-01-19,BBY,1
2026-01-19,BKR,2
2026-01-19,BSX,5
2026-01-19,BTU,1
2026-01-19,BXC,1
2026-01-19,CMI,17
2026-01-19,COR,1
2026-01-19,COST,43
2026-01-19,CTVA,1
2026-01-19,DASH,9
2026-01-19,DHI,6
2026-01-19,DXCM,1
2026-01-19,EEM,1
2026-01-19,EME,0
2026-01-19,EPAM,3
2026-01-19,FFIV,1
2026-01-19,GRMN,10
2026-01-19,INCY,0
2026-01-19,ISRG,6
2026-01-19,IVZ,31
2026-01-19,LULU,6
2026-01-19,MA,34
2026-01-19,MAS,0
2026-01-19,META,15
2026-01-19,RMD,0
2026-01-19,ROP,0
2026-01-19,SCHW,29
2026-01-19,UHS,2
2026-01-20,ADBE,137
2026-01-20,AEM,3
2026-01-20,APH,4
2026-01-20,APP,2
2026-01-20,ATI,2
2026-01-20,B,8
2026-01-20,BBY,2
2026-01-20,BHP,5
2026-01-20,BKR,5
2026-01-20,BSX,3
2026-01-20,CMI,59
2026-01-20,COST,51
2026-01-20,CRSP,2
2026-01-20,CTVA,3
2026-01-20,DASH,26
2026-01-20,DHI,44
2026-01-20,EEM,3
2026-01-20,EFX,2
2026-01-20,EME,3
2026-01-20,FFIV,1
2026-01-20,FNV,2
2026-01-20,GAU,1
2026-01-20,GRMN,14
2026-01-20,INCY,2
2026-01-20,ISRG,4
2026-01-20,IVZ,41
2026-01-20,LULU,24
2026-01-20,MA,33
2026-01-20,MAS,0
2026-01-20,META,43
2026-01-20,RMD,2
2026-01-20,ROP,0
2026-01-20,SCHW,12
2026-01-20,UHS,1
2026-01-21,ADBE,175
2026-01-21,APH,2
2026-01-21,APP,1
2026-01-21,APTV,2
2026-01-21,B,1
2026-01-21,BKR,7
2026-01-21,BSX,7
2026-01-21,CMI,12
2026-01-21,COR,1
2026-01-21,COST,50
2026-01-21,CRSP,1
2026-01-21,CTVA,3
2026-01-21,DASH,25
2026-01-21,DECK,2
2026-01-21,DHI,16
2026-01-21,DXCM,1
2026-01-21,EEM,4
2026-01-21,EFX,3
2026-01-21,EME,0
2026-01-21,EPAM,1
2026-01-21,FFIV,2
2026-01-21,FNV,1
2026-01-21,GAU,1
2026-01-21,GOLD,1
2026-01-21,GRMN,31
2026-01-21,INCY,2
2026-01-21,ISRG,6
2026-01-21,IVZ,37
2026-01-21,LULU,211
2026-01-21,MA,42
2026-01-21,MAS,0
2026-01-21,META,64
2026-01-21,RMD,0
2026-01-21,ROP,1
2026-01-21,SCHW,34
2026-01-21,UHS,1
2026-01-22,ADBE,151
2026-01-22,AEM,1
2026-01-22,APH,3
2026-01-22,APP,6
2026-01-22,APTV,1
2026-01-22,ATI,2
2026-01-22,B,4
2026-01-22,BBY,3
2026-01-22,BKR,3
2026-01-22,BSX,4
2026-01-22,CMI,22
2026-01-22,COR,4
2026-01-22,COST,294
2026-01-22,CTVA,2
2026-01-22,DASH,50
2026-01-22,DECK,2
2026-01-22,DHI,7
2026-01-22,EEM,2
2026-01-22,EME,1
2026-01-22,FFIV,1
2026-01-22,FNV,1
2026-01-22,GRMN,50
2026-01-22,INCY,0
2026-01-22,ISRG,6
2026-01-22,IVZ,47
2026-01-22,LULU,12
2026-01-22,MA,72
2026-01-22,MAS,0
2026-01-22,META,47
2026-01-22,RMD,2
2026-01-22,ROP,0
2026-01-22,SCHW,25
2026-01-22,UHS,0
2026-01-23,ADBE,78
2026-01-23,AEM,1
2026-01-23,AOS,2
2026-01-23,APH,1
2026-01-23,APP,5
2026-01-23,APTV,1
2026-01-23,B,4
2026-01-23,BKR,4
2026-01-23,BSX,4
2026-01-23,CMI,13
2026-01-23,COR,1
2026-01-23,COST,80
2026-01-23,CTVA,4
2026-01-23,DASH,13
2026-01-23,DECK,1
2026-01-23,DHI,6
2026-01-23,EEM,2
2026-01-23,EFX,2
2026-01-23,EME,0
2026-01-23,EPAM,2
2026-01-23,FFIV,3
2026-01-23,GRMN,47
2026-01-23,INCY,0
2026-01-23,ISRG,10
2026-01-23,IVZ,24
2026-01-23,LULU,23
2026-01-23,MA,43
2026-01-23,MAS,2
2026-01-23,META,49
2026-01-23,RMD,1
2026-01-23,ROP,1
2026-01-23,SCHW,7
2026-01-23,UHS,1
2026-01-24,ADBE,106
2026-01-24,AOS,1
2026-01-24,APH,2
2026-01-24,APP,2
2026-01-24,B,1
2026-01-24,BBY,1
2026-01-24,BHP,1
2026-01-24,BKR,7
2026-01-24,BSX,6
2026-01-24,CMI,9
2026-01-24,COR,1
2026-01-24,COST,66
2026-01-24,CTVA,1
2026-01-24,DASH,18
2026-01-24,DECK,1
2026-01-24,DHI,3
2026-01-24,EME,2
2026-01-24,FNV,2
2026-01-24,GRMN,10
2026-01-24,INCY,2
2026-01-24,ISRG,6
2026-01-24,IVZ,39
2026-01-24,LULU,6
2026-01-24,MA,34
2026-01-24,MAS,2
2026-01-24,META,85
2026-01-24,RMD,0
2026-01-24,ROP,1
2026-01-24,SCHW,15
2026-01-24,UHS,1
2026-01-25,ADBE,83
2026-01-25,APH,2
2026-01-25,APP,1
2026-01-25,APTV,2
2026-01-25,BBY,1
2026-01-25,BKR,6
2026-01-25,BSX,1
2026-01-25,CMI,6
2026-01-25,COR,1
2026-01-25,COST,26
2026-01-25,DASH,81
2026-01-25,DECK,1
2026-01-25,DHI,2
2026-01-25,DXCM,1
2026-01-25,EEM,1
2026-01-25,EME,0
2026-01-25,GRMN,8
2026-01-25,INCY,1
2026-01-25,ISRG,0
2026-01-25,IVZ,11
2026-01-25,LULU,3
2026-01-25,MA,19
2026-01-25,MAS,0
2026-01-25,META,48
2026-01-25,RMD,0
2026-01-25,ROP,0
2026-01-25,SCHW,16
2026-01-25,UHS,1
2026-01-26,ADBE,116
2026-01-26,AEM,3
2026-01-26,AOS,1
2026-01-26,APH,1
2026-01-26,APP,8
2026-01-26,APTV,1
2026-01-26,ARGT,1
2026-01-26,ATI,2
2026-01-26,B,5
2026-01-26,BACHY,1
2026-01-26,BBY,1
2026-01-26,BHP,2
2026-01-26,BKR,38
2026-01-26,BSX,5
2026-01-26,CMI,13
2026-01-26,COR,1
2026-01-26,COST,52
2026-01-26,DASH,21
2026-01-26,DECK,6
2026-01-26,DHI,2
2026-01-26,EEM,3
2026-01-26,EFX,2
2026-01-26,EME,0
2026-01-26,EPAM,2
2026-01-26,FFIV,2
2026-01-26,FNV,6
2026-01-26,GRMN,13
2026-01-26,INCY,2
2026-01-26,ISRG,1
2026-01-26,IVZ,46
2026-01-26,LULU,14
2026-01-26,MA,43
2026-01-26,MAS,1
2026-01-26,META,98
2026-01-26,RMD,1
2026-01-26,ROP,0
2026-01-26,SCHW,9
2026-01-26,UHS,2
2026-01-27,ADBE,83
2026-01-27,AOS,1
2026-01-27,APH,5
2026-01-27,APP,2
2026-01-27,APTV,1
2026-01-27,ATI,1
2026-01-27,B,2
2026-01-27,BBY,1
2026-01-27,BHP,3
2026-01-27,BKR,33
2026-01-27,BSX,1
2026-01-27,CMI,14
2026-01-27,COST,53
2026-01-27,CRSP,1
2026-01-27,CTVA,3
2026-01-27,DASH,20
2026-01-27,DECK,1
2026-01-27,DHI,4
2026-01-27,DXCM,4
2026-01-27,EEM,3
2026-01-27,EME,2
2026-01-27,EPAM,1
2026-01-27,FFIV,14
2026-01-27,FIX,1
2026-01-27,GOLD,1
2026-01-27,GRMN,13
2026-01-27,INCY,4
2026-01-27,ISRG,3
2026-01-27,IVZ,51
2026-01-27,LULU,34
2026-01-27,MA,39
2026-01-27,MAS,1
2026-01-27,META,161
2026-01-27,RMD,3
2026-01-27,ROP,2
2026-01-27,SCHW,5
2026-01-27,UHS,0
2026-01-28,ADBE,117
2026-01-28,AEM,3
2026-01-28,AOS,4
2026-01-28,APH,22
2026-01-28,APP,3
2026-01-28,APTV,2
2026-01-28,ARGT,1
2026-01-28,B,5
2026-01-28,BBY,2
2026-01-28,BHP,1
2026-01-28,BKR,13
2026-01-28,BSX,5
2026-01-28,CHEF,1
2026-01-28,CMI,21
2026-01-28,COST,53
2026-01-28,CTVA,2
2026-01-28,DASH,24
2026-01-28,DECK,4
2026-01-28,DHI,1
2026-01-28,DXCM,1
2026-01-28,EEM,4
2026-01-28,EFX,3
2026-01-28,EME,0
2026-01-28,EPAM,1
2026-01-28,FFIV,21
2026-01-28,FIX,2
2026-01-28,FNV,1
2026-01-28,GAU,1
2026-01-28,GOLD,1
2026-01-28,GRMN,8
2026-01-28,INCY,2
2026-01-28,ISRG,4
2026-01-28,IVZ,31
2026-01-28,LULU,20
2026-01-28,MA,80
2026-01-28,MAS,0
2026-01-28,META,144
2026-01-28,RMD,1
2026-01-28,ROP,3
2026-01-28,SCHW,31
2026-01-28,UHS,0
2026-01-29,ADBE,188
2026-01-29,AEM,9
2026-01-29,AOS,25
2026-01-29,APH,9
2026-01-29,APP,4
2026-01-29,APTV,2
2026-01-29,B,7
2026-01-29,BBY,3
2026-01-29,BHP,4
2026-01-29,BKR,9
2026-01-29,BSX,5
2026-01-29,CHEF,1
2026-01-29,CMI,23
2026-01-29,COR,3
2026-01-29,COST,204
2026-01-29,CRSP,1
2026-01-29,CTVA,1
2026-01-29,DASH,26
2026-01-29,DECK,24
2026-01-29,DHI,3
2026-01-29,DXCM,3
2026-01-29,EEM,1
2026-01-29,EFX,3
2026-01-29,EME,0
2026-01-29,EPAM,1
2026-01-29,FFIV,2
2026-01-29,FIX,2
2026-01-29,FNV,1
2026-01-29,GAU,1
2026-01-29,GOLD,1
2026-01-29,GRMN,15
2026-01-29,INCY,2
2026-01-29,ISRG,1
2026-01-29,IVZ,38
2026-01-29,LULU,14
2026-01-29,MA,79
2026-01-29,MAS,0
2026-01-29,META,127
2026-01-29,RMD,3
2026-01-29,ROP,2
2026-01-29,SCHW,19
2026-01-29,UHS,0
2026-01-30,ADBE,144
2026-01-30,AEM,5
2026-01-30,AOS,5
2026-01-30,APH,3
2026-01-30,APP,2
2026-01-30,APTV,2
2026-01-30,ATI,2
2026-01-30,B,2
2026-01-30,BBY,1
2026-01-30,BHP,4
2026-01-30,BKR,9
2026-01-30,BSX,3
2026-01-30,CLMT,1
2026-01-30,CMI,46
2026-01-30,COR,2
2026-01-30,COST,53
2026-01-30,CRSP,1
2026-01-30,CTVA,2
2026-01-30,DASH,21
2026-01-30,DECK,34
2026-01-30,DHI,4
2026-01-30,DXCM,2
2026-01-30,EEM,1
2026-01-30,EFX,4
2026-01-30,EME,0
2026-01-30,FFIV,1
2026-01-30,FIX,2
2026-01-30,FNV,2
2026-01-30,GAU,1
2026-01-30,GRMN,12
2026-01-30,INCY,1
2026-01-30,ISRG,4
2026-01-30,IVZ,43
2026-01-30,LULU,12
2026-01-30,MA,50
2026-01-30,MAS,1
2026-01-30,META,124
2026-01-30,RMD,22
2026-01-30,ROP,2
2026-01-30,SCHW,15
2026-01-30,UHS,0
2026-01-31,ADBE,135
2026-01-31,AEM,2
2026-01-31,AOS,1
2026-01-31,APH,2
2026-01-31,APP,2
2026-01-31,BBY,1
2026-01-31,BHP,1
2026-01-31,BKR,1
2026-01-31,BSX,2
2026-01-31,CMI,27
2026-01-31,COR,2
2026-01-31,COST,95
2026-01-31,CTVA,1
2026-01-31,DASH,12
2026-01-31,DECK,5
2026-01-31,DHI,1
2026-01-31,EEM,2
2026-01-31,EFX,1
2026-01-31,EME,0
2026-01-31,FIX,2
2026-01-31,GOLD,2
2026-01-31,GRMN,8
2026-01-31,INCY,1
2026-01-31,ISRG,4
2026-01-31,IVZ,48
2026-01-31,LULU,10
2026-01-31,MA,26
2026-01-31,MAS,0
2026-01-31,META,33
2026-01-31,RMD,21
2026-01-31,ROP,1
2026-01-31,SCHW,14
2026-01-31,UHS,1
2026-02-01,ADBE,157
2026-02-01,AEM,1
2026-02-01,AOS,1
2026-02-01,APH,1
2026-02-01,APP,3
2026-02-01,ATI,1
2026-02-01,B,1
2026-02-01,BHP,1
2026-02-01,BKR,1
2026-02-01,BSX,1
2026-02-01,CMI,12
2026-02-01,COR,1
2026-02-01,COST,40
2026-02-01,CTVA,1
2026-02-01,DASH,4
2026-02-01,DECK,4
2026-02-01,DXCM,2
2026-02-01,EEM,1
2026-02-01,EFX,2
2026-02-01,EME,0
2026-02-01,FFIV,1
2026-02-01,FIX,1
2026-02-01,GOLD,1
2026-02-01,GRMN,10
2026-02-01,INCY,0
2026-02-01,ISRG,1
2026-02-01,IVZ,32
2026-02-01,LULU,3
2026-02-01,MA,26
2026-02-01,MAS,0
2026-02-01,META,26
2026-02-01,RMD,0
2026-02-01,ROP,1
2026-02-01,SCHW,11
2026-02-01,UHS,0
2026-02-02,ADBE,135
2026-02-02,AEM,2
2026-02-02,APH,1
2026-02-02,APP,1
2026-02-02,APTV,31
2026-02-02,ATI,3
2026-02-02,B,2
2026-02-02,BBY,7
2026-02-02,BHP,5
2026-02-02,BKR,8
2026-02-02,BSX,3
2026-02-02,CHEF,2
2026-02-02,CMI,40
2026-02-02,COST,88
2026-02-02,CTVA,1
2026-02-02,DASH,43
2026-02-02,DECK,9
2026-02-02,EEM,2
2026-02-02,EFX,1
2026-02-02,EME,0
2026-02-02,EPAM,2
2026-02-02,FIX,3
2026-02-02,FNV,1
2026-02-02,GAU,1
2026-02-02,GRMN,7
2026-02-02,INCY,0
2026-02-02,ISRG,2
2026-02-02,IVZ,53
2026-02-02,LULU,11
2026-02-02,MA,34
2026-02-02,MAS,1
2026-02-02,META,41
2026-02-02,RMD,3
2026-02-02,ROP,0
2026-02-02,SCHW,6
2026-02-02,UHS,0
2026-02-03,ADBE,94
2026-02-03,AEM,3
2026-02-03,AOS,2
2026-02-03,APH,0
2026-02-03,APP,3
2026-02-03,APTV,6
2026-02-03,ATI,21
2026-02-03,B,2
2026-02-03,BBY,3
2026-02-03,BHP,4
2026-02-03,BKR,5
2026-02-03,BSX,3
2026-02-03,CMI,21
2026-02-03,COR,2
2026-02-03,COST,203
2026-02-03,CTVA,15
2026-02-03,DASH,14
2026-02-03,DECK,2
2026-02-03,DHI,7
2026-02-03,EEM,7
2026-02-03,EFX,6
2026-02-03,EME,1
2026-02-03,EPAM,2
2026-02-03,FFIV,1
2026-02-03,FNV,1
2026-02-03,GAU,1
2026-02-03,GRMN,13
2026-02-03,INCY,3
2026-02-03,ISRG,0
2026-02-03,IVZ,46
2026-02-03,LULU,8
2026-02-03,MA,17
2026-02-03,MAS,1
2026-02-03,META,24
2026-02-03,RMD,3
2026-02-03,ROP,1
2026-02-03,SCHW,9
2026-02-03,UHS,1
2026-02-04,ADBE,159
2026-02-04,ADP,16
2026-02-04,AEM,4
2026-02-04,APH,3
2026-02-04,APP,10
2026-02-04,APTV,1
2026-02-04,ATI,9
2026-02-04,B,2
2026-02-04,BHP,2
2026-02-04,BKR,4
2026-02-04,BSX,12
2026-02-04,BTU,2
2026-02-04,CMI,22
2026-02-04,COR,25
2026-02-04,COST,244
2026-02-04,CTVA,7
2026-02-04,DASH,23
2026-02-04,DECK,7
2026-02-04,DHI,2
2026-02-04,DXCM,1
2026-02-04,EEM,1
2026-02-04,EFX,27
2026-02-04,EME,1
2026-02-04,EPAM,3
2026-02-04,FFIV,1
2026-02-04,FIX,2
2026-02-04,FSLR,6
2026-02-04,GOLD,2
2026-02-04,GRMN,16
2026-02-04,INCY,2
2026-02-04,ISRG,5
2026-02-04,IVZ,25
2026-02-04,LULU,12
2026-02-04,MA,43
2026-02-04,MAS,1
2026-02-04,META,40
2026-02-04,RMD,0
2026-02-04,ROP,1
2026-02-04,SCHW,10
2026-02-04,UHS,3
2026-02-05,ADBE,105
2026-02-05,ADP,9
2026-02-05,AEM,3
2026-02-05,AOS,1
2026-02-05,APH,1
2026-02-05,APP,7
2026-02-05,ARGT,1
2026-02-05,ATI,1
2026-02-05,B,9
2026-02-05,BBY,1
2026-02-05,BHP,2
2026-02-05,BKR,2
2026-02-05,BSX,7
2026-02-05,BTU,12
2026-02-05,CMI,27
2026-02-05,COR,6
2026-02-05,COST,56
2026-02-05,CTVA,14
2026-02-05,DASH,29
2026-02-05,DECK,3
2026-02-05,DHI,2
2026-02-05,DXCM,4
2026-02-05,EEM,3
2026-02-05,EFX,20
2026-02-05,EME,0
2026-02-05,EPAM,1
2026-02-05,FIX,5
2026-02-05,FNV,1
2026-02-05,FSLR,3
2026-02-05,GAU,1
2026-02-05,GOLD,6
2026-02-05,GRMN,13
2026-02-05,INCY,0
2026-02-05,ISRG,1
2026-02-05,IVZ,29
2026-02-05,LULU,7
2026-02-05,MA,46
2026-02-05,MAS,0
2026-02-05,META,30
2026-02-05,RMD,1
2026-02-05,ROP,0
2026-02-05,SCHW,6
2026-02-05,UHS,0
2026-02-06,ADBE,88
2026-02-06,ADP,4
2026-02-06,AEM,1
2026-02-06,AOS,1
2026-02-06,APH,2
2026-02-06,APP,8
2026-02-06,ARGT,1
2026-02-06,B,2
2026-02-06,BBY,1
2026-02-06,BHP,4
2026-02-06,BKR,8
2026-02-06,BSX,4
2026-02-06,BTU,1
2026-02-06,CBOE,7
2026-02-06,CMI,19
2026-02-06,COR,2
2026-02-06,COST,97
2026-02-06,CTVA,2
2026-02-06,DASH,49
2026-02-06,DECK,2
2026-02-06,DHI,5
2026-02-06,DXCM,3
2026-02-06,EEM,4
2026-02-06,EFX,1
2026-02-06,EME,0
2026-02-06,EPAM,1
2026-02-06,FFIV,2
2026-02-06,FIX,3
2026-02-06,FSLR,6
2026-02-06,GOLD,1
2026-02-06,GRMN,6
2026-02-06,INCY,0
2026-02-06,ISRG,1
2026-02-06,IVZ,48
2026-02-06,LULU,23
2026-02-06,MA,48
2026-02-06,MAS,0
2026-02-06,META,41
2026-02-06,RMD,4
2026-02-06,ROP,1
2026-02-06,SCHW,11
2026-02-06,UHS,0
2026-02-07,ADBE,99
2026-02-07,ADP,2
2026-02-07,APH,3
2026-02-07,APP,9
2026-02-07,ARGT,1
2026-02-07,B,1
2026-02-07,BKR,1
2026-02-07,BSX,5
2026-02-07,CBOE,1
2026-02-07,CMI,53
2026-02-07,COST,41
2026-02-07,DASH,70
2026-02-07,DECK,2
2026-02-07,DHI,1
2026-02-07,EEM,1
2026-02-07,EFX,1
2026-02-07,EME,0
2026-02-07,FFIV,3
2026-02-07,FIX,1
2026-02-07,FSLR,1
2026-02-07,GRMN,7
2026-02-07,INCY,0
2026-02-07,ISRG,6
2026-02-07,IVZ,58
2026-02-07,LULU,24
2026-02-07,MA,30
2026-02-07,MAS,1
2026-02-07,META,34
2026-02-07,RMD,2
2026-02-07,ROP,1
2026-02-07,SCHW,18
2026-02-07,UHS,0
2026-02-08,ADBE,75
2026-02-08,AEM,1
2026-02-08,APH,1
2026-02-08,APP,9
2026-02-08,APTV,1
2026-02-08,BBY,1
2026-02-08,BKR,0
2026-02-08,BSX,2
2026-02-08,BTU,1
2026-02-08,CMI,14
2026-02-08,COR,1
2026-02-08,COST,25
2026-02-08,DASH,42
2026-02-08,DHI,1
2026-02-08,EEM,1
2026-02-08,EFX,2
2026-02-08,EME,0
2026-02-08,FIX,1
2026-02-08,GRMN,8
2026-02-08,INCY,3
2026-02-08,ISRG,1
2026-02-08,IVZ,23
2026-02-08,LULU,4
2026-02-08,MA,20
2026-02-08,MAS,1
2026-02-08,META,27
2026-02-08,RMD,0
2026-02-08,ROP,2
2026-02-08,SCHW,7
2026-02-08,UHS,0
2026-02-09,ADBE,383
2026-02-09,ADP,10
2026-02-09,AEM,3
2026-02-09,APH,1
2026-02-09,APP,15
2026-02-09,ARGT,1
2026-02-09,ATI,1
2026-02-09,B,4
2026-02-09,BBY,4
2026-02-09,BHP,1
2026-02-09,BKR,9
2026-02-09,BSX,4
2026-02-09,BTU,2
2026-02-09,CBOE,5
2026-02-09,CMI,13
2026-02-09,COR,2
2026-02-09,COST,55
2026-02-09,CTVA,3
2026-02-09,DASH,62
2026-02-09,DECK,1
2026-02-09,DHI,2
2026-02-09,DXCM,2
2026-02-09,EEM,5
2026-02-09,EFX,3
2026-02-09,EME,0
2026-02-09,FFIV,1
2026-02-09,FIX,3
2026-02-09,FNV,1
2026-02-09,FSLR,3
2026-02-09,GAU,1
2026-02-09,GOLD,2
2026-02-09,GRMN,8
2026-02-09,INCY,3
2026-02-09,ISRG,0
2026-02-09,IVZ,21
2026-02-09,LULU,5
2026-02-09,MA,37
2026-02-09,MAS,0
2026-02-09,META,52
2026-02-09,RMD,1
2026-02-09,ROP,1
2026-02-09,SCHW,19
2026-02-09,UHS,0
2026-02-10,ADBE,149
2026-02-10,ADP,9
2026-02-10,APH,3
2026-02-10,APP,8
2026-02-10,APTV,1
2026-02-10,ATI,2
2026-02-10,BBY,3
2026-02-10,BHP,1
2026-02-10,BKR,10
2026-02-10,BSX,1
2026-02-10,BTU,2
2026-02-10,CBOE,3
2026-02-10,CHEF,1
2026-02-10,CMI,14
2026-02-10,COR,5
2026-02-10,COST,241
2026-02-10,CTVA,1
2026-02-10,CVS,51
2026-02-10,DASH,29
2026-02-10,DDOG,53
2026-02-10,DECK,1
2026-02-10,DHI,2
2026-02-10,DXCM,2
2026-02-10,EEM,2
2026-02-10,EFX,1
2026-02-10,EME,0
2026-02-10,FIX,2
2026-02-10,FNV,1
2026-02-10,GRMN,12
2026-02-10,INCY,3
2026-02-10,ISRG,1
2026-02-10,IVZ,32
2026-02-10,LULU,17
2026-02-10,MA,40
2026-02-10,MAS,6
2026-02-10,META,59
2026-02-10,RMD,1
2026-02-10,ROP,2
2026-02-10,SCHW,32
2026-02-10,UHS,0
2026-02-11,ADBE,103
2026-02-11,ADP,3
2026-02-11,AEM,1
2026-02-11,AOS,1
2026-02-11,APH,0
2026-02-11,APP,10
2026-02-11,ATI,2
2026-02-11,B,1
2026-02-11,BBY,2
2026-02-11,BKR,6
2026-02-11,BSX,5
2026-02-11,BTU,2
2026-02-11,BXC,1
2026-02-11,CBOE,2
2026-02-11,CHEF,15
2026-02-11,CMI,25
2026-02-11,COR,1
2026-02-11,COST,119
2026-02-11,CVS,10
2026-02-11,DASH,383
2026-02-11,DDOG,19
2026-02-11,DECK,3
2026-02-11,DHI,1
2026-02-11,DXCM,4
2026-02-11,EEM,1
2026-02-11,EFX,4
2026-02-11,EME,1
2026-02-11,EPAM,1
2026-02-11,FSLR,2
2026-02-11,GAU,3
2026-02-11,GOLD,1
2026-02-11,GRMN,12
2026-02-11,INCY,1
2026-02-11,ISRG,1
2026-02-11,IVZ,33
2026-02-11,LULU,24
2026-02-11,MA,47
2026-02-11,MAS,0
2026-02-11,META,41
2026-02-11,RMD,3
2026-02-11,ROP,0
2026-02-11,SCHW,35
2026-02-11,UHS,2
2026-02-12,ADBE,101
2026-02-12,ADP,3
2026-02-12,AEM,3
2026-02-12,AOS,2
2026-02-12,APH,1
2026-02-12,APP,48
2026-02-12,APTV,1
2026-02-12,ARGT,1
2026-02-12,ATI,1
2026-02-12,B,1
2026-02-12,BBY,1
2026-02-12,BHP,1
2026-02-12,BKR,9
2026-02-12,BSX,20
2026-02-12,BTU,3
2026-02-12,CBOE,4
2026-02-12,CHEF,1
2026-02-12,CMI,11
2026-02-12,COR,2
2026-02-12,COST,83
2026-02-12,CRSP,3
2026-02-12,CVS,2
2026-02-12,DASH,32
2026-02-12,DDOG,7
2026-02-12,DECK,1
2026-02-12,DHI,2
2026-02-12,DXCM,16
2026-02-12,EEM,3
2026-02-12,EFX,1
2026-02-12,EME,0
2026-02-12,EPAM,2
2026-02-12,EXPE,2
2026-02-12,FFIV,2
2026-02-12,FIX,4
2026-02-12,FNV,1
2026-02-12,FSLR,4
2026-02-12,GAU,6
2026-02-12,GRMN,11
2026-02-12,INCY,4
2026-02-12,ISRG,0
2026-02-12,IVZ,41
2026-02-12,LULU,18
2026-02-12,MA,43
2026-02-12,MAS,0
2026-02-12,META,101
2026-02-12,RMD,2
2026-02-12,ROP,0
2026-02-12,SCHW,21
2026-02-12,UHS,0
2026-02-13,ADBE,118
2026-02-13,ADP,5
2026-02-13,AEM,3
2026-02-13,ANET,23
2026-02-13,APH,3
2026-02-13,APP,35
2026-02-13,APTV,2
2026-02-13,B,1
2026-02-13,BBY,2
2026-02-13,BKR,5
2026-02-13,BSX,2
2026-02-13,BTU,1
2026-02-13,CBOE,3
2026-02-13,CMI,11
2026-02-13,COR,3
2026-02-13,COST,52
2026-02-13,CRSP,4
2026-02-13,CTVA,1
2026-02-13,CVS,1
2026-02-13,DASH,235
2026-02-13,DDOG,8
2026-02-13,DECK,4
2026-02-13,DHI,1
2026-02-13,DXCM,18
2026-02-13,EEM,3
2026-02-13,EFX,1
2026-02-13,EME,1
2026-02-13,EPAM,1
2026-02-13,EXPE,30
2026-02-13,FFIV,1
2026-02-13,FIX,4
2026-02-13,FNV,2
2026-02-13,FSLR,1
2026-02-13,GAU,7
2026-02-13,GRMN,7
2026-02-13,INCY,2
2026-02-13,ISRG,0
2026-02-13,IVZ,38
2026-02-13,LULU,11
2026-02-13,MA,42
2026-02-13,MAS,2
2026-02-13,META,42
2026-02-13,RMD,1
2026-02-13,ROP,1
2026-02-13,SCHW,13
2026-02-13,UHS,0
2026-02-14,ADBE,123
2026-02-14,AEM,1
2026-02-14,ANET,1
2026-02-14,APH,2
2026-02-14,APP,15
2026-02-14,APTV,2
2026-02-14,BBY,1
2026-02-14,BHP,1
2026-02-14,BKR,5
2026-02-14,BSX,7
2026-02-14,CMI,6
2026-02-14,COST,56
2026-02-14,CVS,2
2026-02-14,DASH,40
2026-02-14,DECK,2
2026-02-14,EFX,1
2026-02-14,EME,0
2026-02-14,FFIV,1
2026-02-14,FSLR,2
2026-02-14,GAU,1
2026-02-14,GRMN,6
2026-02-14,INCY,2
2026-02-14,ISRG,0
2026-02-14,IVZ,20
2026-02-14,LULU,13
2026-02-14,MA,35
2026-02-14,MAS,1
2026-02-14,META,29
2026-02-14,RMD,2
2026-02-14,ROP,0
2026-02-14,SCHW,20
2026-02-14,UHS,0
2026-02-15,ADBE,122
2026-02-15,ADP,1
2026-02-15,ANET,1
2026-02-15,APH,1
2026-02-15,APP,7
2026-02-15,APTV,1
2026-02-15,B,1
2026-02-15,BBY,1
2026-02-15,BHP,1
2026-02-15,BKR,3
2026-02-15,BSX,7
2026-02-15,CBOE,1
2026-02-15,CMI,9
2026-02-15,COST,72
2026-02-15,CVS,4
2026-02-15,DASH,18
2026-02-15,DHI,1
2026-02-15,DXCM,1
2026-02-15,EEM,1
2026-02-15,EME,2
2026-02-15,EXPE,2
2026-02-15,FFIV,2
2026-02-15,FNV,1
2026-02-15,GRMN,5
2026-02-15,INCY,0
2026-02-15,ISRG,2
2026-02-15,IVZ,39
2026-02-15,LULU,13
2026-02-15,MA,23
2026-02-15,MAS,2
2026-02-15,META,26
2026-02-15,RMD,1
2026-02-15,ROP,0
2026-02-15,SCHW,33
2026-02-15,UHS,1
2026-02-16,ADBE,108
2026-02-16,ADP,1
2026-02-16,AEM,2
2026-02-16,ANET,2
2026-02-16,APH,1
2026-02-16,APP,32
2026-02-16,ATI,2
2026-02-16,BHP,1
2026-02-16,BKR,3
2026-02-16,BSX,8
2026-02-16,CHEF,1
2026-02-16,CMI,15
2026-02-16,COST,265
2026-02-16,CTVA,1
2026-02-16,CVS,1
2026-02-16,DASH,15
2026-02-16,DDOG,1
2026-02-16,DECK,1
2026-02-16,DHI,2
2026-02-16,EEM,1
2026-02-16,EME,0
2026-02-16,EPAM,1
2026-02-16,EXPE,2
2026-02-16,FIX,2
2026-02-16,FSLR,1
2026-02-16,GAU,2
2026-02-16,GRMN,16
2026-02-16,INCY,0
2026-02-16,ISRG,2
2026-02-16,IVZ,31
2026-02-16,LULU,7
2026-02-16,MA,42
2026-02-16,MAS,1
2026-02-16,META,23
2026-02-16,RMD,1
2026-02-16,ROP,0
2026-02-16,SCHW,27
2026-02-16,UHS,2
2026-02-17,ADBE,115
2026-02-17,ADP,8
2026-02-17,AEM,2
2026-02-17,ANET,11
2026-02-17,APH,0
2026-02-17,APP,3
2026-02-17,APTV,1
2026-02-17,B,1
2026-02-17,BBY,1
2026-02-17,BHP,5
2026-02-17,BKR,3
2026-02-17,BSX,7
2026-02-17,BTU,4
2026-02-17,CBOE,9
2026-02-17,CHEF,1
2026-02-17,CL,3
2026-02-17,CMI,37
2026-02-17,COR,1
2026-02-17,COST,85
2026-02-17,CRSP,3
2026-02-17,CTVA,3
2026-02-17,CVS,3
2026-02-17,DASH,30
2026-02-17,DDOG,8
2026-02-17,DECK,1
2026-02-17,DXCM,2
2026-02-17,EEM,3
2026-02-17,EFX,3
2026-02-17,EME,0
2026-02-17,EPAM,5
2026-02-17,EXPE,14
2026-02-17,FIX,6
2026-02-17,FNV,1
2026-02-17,FSLR,3
2026-02-17,GAU,1
2026-02-17,GRMN,4
2026-02-17,INCY,4
2026-02-17,ISRG,3
2026-02-17,IVZ,42
2026-02-17,LULU,9
2026-02-17,MA,45
2026-02-17,MAS,0
2026-02-17,META,54
2026-02-17,RMD,3
2026-02-17,ROP,1
2026-02-17,SCHW,20
2026-02-17,UHS,2
2026-02-18,ABBV,8
2026-02-18,ADBE,111
2026-02-18,ADP,3
2026-02-18,AEM,1
2026-02-18,ANET,17
2026-02-18,AOS,1
2026-02-18,APH,1
2026-02-18,APP,2
2026-02-18,APTV,3
2026-02-18,ATI,1
2026-02-18,B,3
2026-02-18,BBY,1
2026-02-18,BHP,1
2026-02-18,BKR,2
2026-02-18,BSX,2
2026-02-18,BTU,1
2026-02-18,CBOE,2
2026-02-18,CL,1
2026-02-18,CMI,37
2026-02-18,COR,4
2026-02-18,COST,90
2026-02-18,CRSP,3
2026-02-18,CTVA,3
2026-02-18,CVS,3
2026-02-18,DASH,28
2026-02-18,DDOG,3
2026-02-18,DECK,1
2026-02-18,DHI,2
2026-02-18,DXCM,1
2026-02-18,EBAY,38
2026-02-18,EEM,3
2026-02-18,EFX,4
2026-02-18,EME,0
2026-02-18,EPAM,1
2026-02-18,EXPE,2
2026-02-18,FFIV,2
2026-02-18,FIX,2
2026-02-18,FSLR,1
2026-02-18,GRMN,29
2026-02-18,INCY,1
2026-02-18,ISRG,0
2026-02-18,IVZ,26
2026-02-18,LULU,7
2026-02-18,MA,69
2026-02-18,MAS,0
2026-02-18,META,155
2026-02-18,RMD,1
2026-02-18,ROP,1
2026-02-18,SCHW,19
2026-02-18,UHS,0
2026-02-19,ABBV,9
2026-02-19,ADBE,171
2026-02-19,ADP,2
2026-02-19,AEM,1
2026-02-19,ANET,4
2026-02-19,AOS,1
2026-02-19,APH,0
2026-02-19,APP,6
2026-02-19,APTV,1
2026-02-19,ATI,4
2026-02-19,B,2
2026-02-19,BBY,2
2026-02-19,BKR,4
2026-02-19,BSX,3
2026-02-19,CBOE,1
2026-02-19,CL,3
2026-02-19,CLMT,1
2026-02-19,CMI,21
2026-02-19,COR,2
2026-02-19,COST,76
2026-02-19,CTVA,1
2026-02-19,CVS,6
2026-02-19,DASH,41
2026-02-19,DDOG,3
2026-02-19,DECK,4
2026-02-19,DHI,3
2026-02-19,DXCM,1
2026-02-19,EBAY,75
2026-02-19,EEM,1
2026-02-19,EFX,2
2026-02-19,EME,1
2026-02-19,EPAM,34
2026-02-19,EXPE,2
2026-02-19,FFIV,1
2026-02-19,FIX,16
2026-02-19,FNV,1
2026-02-19,FSLR,3
2026-02-19,GAU,2
2026-02-19,GRMN,25
2026-02-19,INCY,1
2026-02-19,ISRG,1
2026-02-19,IVZ,21
2026-02-19,LULU,11
2026-02-19,MA,29
2026-02-19,MAS,2
2026-02-19,META,156
2026-02-19,RMD,1
2026-02-19,ROP,1
2026-02-19,SCHW,12
2026-02-19,UHS,0
2026-02-20,ABBV,12
2026-02-20,ADBE,114
2026-02-20,ADP,2
2026-02-20,AEM,3
2026-02-20,ANET,5
2026-02-20,APH,1
2026-02-20,APP,6
2026-02-20,APTV,1
2026-02-20,ATI,2
2026-02-20,B,1
2026-02-20,BBY,4
2026-02-20,BHP,4
2026-02-20,BKR,8
2026-02-20,BSX,4
2026-02-20,CBOE,4
2026-02-20,CL,4
2026-02-20,CMI,15
2026-02-20,COR,1
2026-02-20,COST,303
2026-02-20,CTVA,1
2026-02-20,CVS,4
2026-02-20,DASH,18
2026-02-20,DDOG,3
2026-02-20,DECK,9
2026-02-20,DHI,1
2026-02-20,DXCM,2
2026-02-20,EBAY,17
2026-02-20,EEM,3
2026-02-20,EFX,2
2026-02-20,EME,1
2026-02-20,EPAM,15
2026-02-20,EXPE,1
2026-02-20,FIX,24
2026-02-20,FSLR,5
2026-02-20,GRMN,31
2026-02-20,INCY,1
2026-02-20,ISRG,1
2026-02-20,IVZ,47
2026-02-20,LULU,11
2026-02-20,MA,45
2026-02-20,MAS,0
2026-02-20,META,30
2026-02-20,RMD,0
2026-02-20,ROP,0
2026-02-20,SCHW,25
2026-02-20,UHS,1
2026-02-21,ADBE,89
2026-02-21,ANET,3
2026-02-21,APH,3
2026-02-21,APP,2
2026-02-21,BBY,1
2026-02-21,BKR,2
2026-02-21,BSX,1
2026-02-21,CBOE,1
2026-02-21,CHEF,1
2026-02-21,CL,1
2026-02-21,CMI,10
2026-02-21,COST,259
2026-02-21,DASH,11
2026-02-21,DDOG,1
2026-02-21,DHI,1
2026-02-21,EBAY,1
2026-02-21,EME,1
2026-02-21,EPAM,1
2026-02-21,EXPE,1
2026-02-21,FIX,1
2026-02-21,GRMN,27
2026-02-21,INCY,1
2026-02-21,ISRG,3
2026-02-21,IVZ,41
2026-02-21,LULU,10
2026-02-21,MA,21
2026-02-21,MAS,1
2026-02-21,META,27
2026-02-21,RMD,0
2026-02-21,ROP,0
2026-02-21,SCHW,17
2026-02-21,UHS,0
2026-02-22,ABBV,1
2026-02-22,ADBE,62
2026-02-22,ADP,2
2026-02-22,ANET,1
2026-02-22,APH,2
2026-02-22,APP,1
2026-02-22,APTV,2
2026-02-22,ATI,1
2026-02-22,BKR,0
2026-02-22,BSX,0
2026-02-22,CL,1
2026-02-22,CMI,6
2026-02-22,COST,75
2026-02-22,CVS,1
2026-02-22,DASH,6
2026-02-22,DDOG,2
2026-02-22,EFX,1
2026-02-22,EME,2
2026-02-22,EXPE,3
2026-02-22,FSLR,1
2026-02-22,GRMN,1
2026-02-22,INCY,0
2026-02-22,ISRG,2
2026-02-22,IVZ,10
2026-02-22,LULU,1
2026-02-22,MA,11
2026-02-22,MAS,0
2026-02-22,META,21
2026-02-22,RMD,1
2026-02-22,ROP,0
2026-02-22,SCHW,6
2026-02-22,UHS,0
2026-02-23,ABBV,13
2026-02-23,ADBE,110
2026-02-23,ADP,2
2026-02-23,AEM,4
2026-02-23,ANET,6
2026-02-23,APH,1
2026-02-23,APP,13
2026-02-23,APTV,2
2026-02-23,B,3
2026-02-23,BBY,5
2026-02-23,BHP,1
2026-02-23,BKR,4
2026-02-23,BSX,1
2026-02-23,BTU,1
2026-02-23,BXC,1
2026-02-23,CBOE,2
2026-02-23,CL,3
2026-02-23,CMI,12
2026-02-23,COST,80
2026-02-23,CTVA,1
2026-02-23,CVS,2
2026-02-23,DASH,177
2026-02-23,DDOG,10
2026-02-23,DECK,5
2026-02-23,DXCM,2
2026-02-23,EBAY,3
2026-02-23,EEM,3
2026-02-23,EFX,2
2026-02-23,EME,1
2026-02-23,EPAM,4
2026-02-23,EXPE,9
2026-02-23,FFIV,1
2026-02-23,FIX,5
2026-02-23,FNV,2
2026-02-23,FSLR,8
2026-02-23,GOLD,1
2026-02-23,GRMN,6
2026-02-23,INCY,0
2026-02-23,ISRG,2
2026-02-23,IVZ,34
2026-02-23,LULU,9
2026-02-23,MA,35
2026-02-23,MAS,0
2026-02-23,META,33
2026-02-23,RMD,0
2026-02-23,ROP,0
2026-02-23,SCHW,19
2026-02-23,UHS,5
2026-02-24,ABBV,12
2026-02-24,ADBE,133
2026-02-24,ADP,2
2026-02-24,AEM,1
2026-02-24,ANET,10
2026-02-24,AOS,1
2026-02-24,APH,1
2026-02-24,APP,40
2026-02-24,APTV,3
2026-02-24,ATI,2
2026-02-24,BBY,5
2026-02-24,BHP,1
2026-02-24,BKR,2
2026-02-24,BSX,4
2026-02-24,BTU,1
2026-02-24,BXC,4
2026-02-24,CBOE,8
2026-02-24,CL,8
2026-02-24,CMI,18
2026-02-24,COST,161
2026-02-24,CTVA,2
2026-02-24,CVS,4
2026-02-24,DASH,64
2026-02-24,DDOG,7
2026-02-24,DECK,3
2026-02-24,DXCM,2
2026-02-24,EBAY,6
2026-02-24,EEM,1
2026-02-24,EFX,5
2026-02-24,EME,0
2026-02-24,EPAM,1
2026-02-24,EXPE,2
2026-02-24,FIX,2
2026-02-24,FNV,1
2026-02-24,FSLR,24
2026-02-24,GRMN,10
2026-02-24,INCY,2
2026-02-24,ISRG,4
2026-02-24,IVZ,47
2026-02-24,LULU,10
2026-02-24,MA,48
2026-02-24,MAS,2
2026-02-24,META,65
2026-02-24,RMD,1
2026-02-24,ROP,1
2026-02-24,SCHW,8
2026-02-24,UHS,4
2026-02-25,ABBV,7
2026-02-25,ADBE,138
2026-02-25,ADP,3
2026-02-25,AEM,1
2026-02-25,ANET,4
2026-02-25,AOS,1
2026-02-25,APH,0
2026-02-25,APP,10
2026-02-25,ARGT,2
2026-02-25,ATI,1
2026-02-25,B,2
2026-02-25,BBY,3
2026-02-25,BKR,29
2026-02-25,BSX,15
2026-02-25,BXC,2
2026-02-25,CBOE,5
2026-02-25,CHEF,1
2026-02-25,CL,2
2026-02-25,CMI,20
2026-02-25,COST,67
2026-02-25,CTVA,2
2026-02-25,CVS,3
2026-02-25,DASH,45
2026-02-25,DDOG,2
2026-02-25,DECK,2
2026-02-25,DG,3
2026-02-25,DHI,4
2026-02-25,DXCM,3
2026-02-25,EBAY,4
2026-02-25,EEM,1
2026-02-25,EFX,3
2026-02-25,EME,0
2026-02-25,EPAM,2
2026-02-25,EXPE,3
2026-02-25,FFIV,2
2026-02-25,FIX,6
2026-02-25,FNV,2
2026-02-25,FSLR,55
2026-02-25,GOLD,2
2026-02-25,GRMN,32
2026-02-25,INCY,2
2026-02-25,ISRG,2
2026-02-25,IVZ,48
2026-02-25,LULU,10
2026-02-25,MA,30
2026-02-25,MAS,2
2026-02-25,META,93
2026-02-25,RMD,4
2026-02-25,ROP,0
2026-02-25,SCHW,15
2026-02-25,UHS,0
2026-02-26,ABBV,5
2026-02-26,ADBE,196
2026-02-26,ADP,1
2026-02-26,AEM,1
2026-02-26,AMAT,12
2026-02-26,ANET,6
2026-02-26,APH,4
2026-02-26,APP,6
2026-02-26,APTV,2
2026-02-26,ATI,2
2026-02-26,B,1
2026-02-26,BBY,4
2026-02-26,BHP,1
2026-02-26,BKR,9
2026-02-26,BSX,7
2026-02-26,CL,3
2026-02-26,CLMT,1
2026-02-26,CMI,17
2026-02-26,COR,1
2026-02-26,COST,92
2026-02-26,CRSP,1
2026-02-26,CTVA,2
2026-02-26,CVS,3
2026-02-26,DASH,25
2026-02-26,DDOG,9
2026-02-26,DECK,3
2026-02-26,DG,6
2026-02-26,DHI,1
2026-02-26,DXCM,3
2026-02-26,EBAY,14
2026-02-26,EEM,1
2026-02-26,EFX,3
2026-02-26,EME,2
2026-02-26,EPAM,1
2026-02-26,EXPE,2
2026-02-26,FFIV,2
2026-02-26,FIX,5
2026-02-26,FSLR,14
2026-02-26,GAU,1
2026-02-26,GRMN,14
2026-02-26,INCY,1
2026-02-26,ISRG,3
2026-02-26,IVZ,73
2026-02-26,LULU,6
2026-02-26,MA,69
2026-02-26,MAS,0
2026-02-26,META,138
2026-02-26,RMD,1
2026-02-26,ROP,0
2026-02-26,SCHW,38
2026-02-26,UHS,6
2026-02-27,ABBV,1
2026-02-27,ADBE,115
2026-02-27,ADP,6
2026-02-27,AEM,1
2026-02-27,AMAT,3
2026-02-27,ANET,7
2026-02-27,AOS,2
2026-02-27,APH,2
2026-02-27,APP,1
2026-02-27,B,3
2026-02-27,BBY,6
2026-02-27,BHP,2
2026-02-27,BKR,5
2026-02-27,BSX,1
2026-02-27,BXC,1
2026-02-27,CBOE,2
2026-02-27,CL,3
2026-02-27,CLMT,6
2026-02-27,CMI,4
2026-02-27,COR,2
2026-02-27,COST,169
2026-02-27,CRSP,1
2026-02-27,CSCO,10
2026-02-27,CTVA,1
2026-02-27,CVS,1
2026-02-27,DASH,16
2026-02-27,DDOG,7
2026-02-27,DECK,3
2026-02-27,DG,9
2026-02-27,DHI,2
2026-02-27,EBAY,8
2026-02-27,EEM,4
2026-02-27,EFX,3
2026-02-27,EME,1
2026-02-27,EPAM,1
2026-02-27,EXPE,6
2026-02-27,FIX,8
2026-02-27,FSLR,6
2026-02-27,GRMN,19
2026-02-27,INCY,3
2026-02-27,ISRG,1
2026-02-27,IVZ,43
2026-02-27,LULU,11
2026-02-27,MA,26
2026-02-27,MAS,0
2026-02-27,META,48
2026-02-27,RMD,2
2026-02-27,ROP,0
2026-02-27,SCHW,15
2026-02-27,UHS,2
2026-02-28,ADBE,0
2026-02-28,ADP,3
2026-02-28,ANET,2
2026-02-28,APH,0
2026-02-28,APP,0
2026-02-28,ATI,1
2026-02-28,BBY,3
2026-02-28,BKR,0
2026-02-28,BSX,0
2026-02-28,CBOE,1
2026-02-28,CL,1
2026-02-28,CMI,0
2026-02-28,COST,0
2026-02-28,CSCO,2
2026-02-28,CVS,1
2026-02-28,DASH,0
2026-02-28,DDOG,1
2026-02-28,DHI,1
2026-02-28,EBAY,3
2026-02-28,EEM,1
2026-02-28,EME,0
2026-02-28,EXPE,1
2026-02-28,FIX,1
2026-02-28,FSLR,2
2026-02-28,GRMN,0
2026-02-28,INCY,0
2026-02-28,ISRG,0
2026-02-28,IVZ,0
2026-02-28,LULU,0
2026-02-28,MA,4
2026-02-28,MAS,0
2026-02-28,META,0
2026-02-28,RMD,0
2026-02-28,ROP,0
2026-02-28,SCHW,0
2026-02-28,UHS,0
2026-03-01,ADBE,82
2026-03-01,ADP,1
2026-03-01,AMAT,1
2026-03-01,APH,2
2026-03-01,APP,1
2026-03-01,BBY,1
2026-03-01,BKR,0
2026-03-01,BSX,2
2026-03-01,CL,4
2026-03-01,CMI,6
2026-03-01,COST,34
2026-03-01,CSCO,3
2026-03-01,CVS,1
2026-03-01,DASH,12
2026-03-01,DHI,1
2026-03-01,EBAY,3
2026-03-01,EEM,1
2026-03-01,EFX,1
2026-03-01,EME,1
2026-03-01,EPAM,1
2026-03-01,EXPE,3
2026-03-01,FFIV,2
2026-03-01,FSLR,2
2026-03-01,GRMN,8
2026-03-01,INCY,0
2026-03-01,ISRG,2
2026-03-01,IVZ,23
2026-03-01,LULU,3
2026-03-01,MA,66
2026-03-01,MAS,0
2026-03-01,META,15
2026-03-01,RMD,0
2026-03-01,ROP,0
2026-03-01,SCHW,8
2026-03-01,UHS,0
2026-03-02,ABBV,7
2026-03-02,ADBE,99
2026-03-02,ADP,6
2026-03-02,AEM,1
2026-03-02,AMAT,3
2026-03-02,ANET,4
2026-03-02,AOS,1
2026-03-02,APH,0
2026-03-02,APP,1
2026-03-02,APTV,2
2026-03-02,ATI,1
2026-03-02,BBY,8
2026-03-02,BHP,2
2026-03-02,BKR,6
2026-03-02,BSX,9
2026-03-02,BTU,3
2026-03-02,CBOE,8
2026-03-02,CL,6
2026-03-02,CMI,15
2026-03-02,COST,68
2026-03-02,CSCO,7
2026-03-02,CVS,4
2026-03-02,DASH,19
2026-03-02,DDOG,4
2026-03-02,DECK,1
2026-03-02,DG,8
2026-03-02,DXCM,2
2026-03-02,EBAY,2
2026-03-02,EEM,3
2026-03-02,EFX,2
2026-03-02,EME,3
2026-03-02,EPAM,2
2026-03-02,EXPE,6
2026-03-02,FIX,5
2026-03-02,FSLR,2
2026-03-02,GOLD,1
2026-03-02,GRMN,10
2026-03-02,INCY,1
2026-03-02,ISRG,0
2026-03-02,IVZ,36
2026-03-02,LULU,12
2026-03-02,MA,42
2026-03-02,MAS,0
2026-03-02,META,29
2026-03-02,RMD,1
2026-03-02,ROP,0
2026-03-02,SCHW,8
2026-03-02,UHS,2
2026-03-03,ABBV,5
2026-03-03,ADBE,111
2026-03-03,ADP,5
2026-03-03,AEM,4
2026-03-03,AMAT,6
2026-03-03,ANET,4
2026-03-03,AOS,1
2026-03-03,APH,1
2026-03-03,APP,1
2026-03-03,APTV,1
2026-03-03,ATI,5
2026-03-03,B,1
2026-03-03,BBY,55
2026-03-03,BHP,1
2026-03-03,BKR,1
2026-03-03,BSX,6
2026-03-03,CBOE,1
2026-03-03,CL,5
2026-03-03,CMI,29
2026-03-03,COST,95
2026-03-03,CSCO,8
2026-03-03,DASH,59
2026-03-03,DDOG,2
2026-03-03,DECK,3
2026-03-03,DG,3
2026-03-03,DHI,3
2026-03-03,DXCM,1
2026-03-03,EBAY,4
2026-03-03,EEM,4
2026-03-03,EFX,5
2026-03-03,EME,0
2026-03-03,EPAM,2
2026-03-03,EXPE,6
2026-03-03,FFIV,1
2026-03-03,FIX,5
2026-03-03,FNV,1
2026-03-03,FSLR,4
2026-03-03,GAU,2
2026-03-03,GOLD,1
2026-03-03,GRMN,13
2026-03-03,INCY,0
2026-03-03,ISRG,5
2026-03-03,IVZ,40
2026-03-03,LULU,4
2026-03-03,MA,51
2026-03-03,MAS,1
2026-03-03,META,30
2026-03-03,RMD,2
2026-03-03,ROP,1
2026-03-03,SCHW,11
2026-03-03,UHS,0
2026-03-04,ABBV,7
2026-03-04,ACN,3
2026-03-04,ADBE,129
2026-03-04,ADP,18
2026-03-04,AMAT,2
2026-03-04,ANET,5
2026-03-04,AOS,2
2026-03-04,APH,1
2026-03-04,APP,3
2026-03-04,APTV,3
2026-03-04,ARGT,1
2026-03-04,ATI,2
2026-03-04,B,1
2026-03-04,BBY,23
2026-03-04,BKR,3
2026-03-04,BSX,6
2026-03-04,CBOE,5
2026-03-04,CHEF,2
2026-03-04,CL,6
2026-03-04,CLMT,1
2026-03-04,CMI,77
2026-03-04,COST,145
2026-03-04,CSCO,7
2026-03-04,CVS,3
2026-03-04,DASH,39
2026-03-04,DDOG,6
2026-03-04,DECK,8
2026-03-04,DG,4
2026-03-04,DHI,3
2026-03-04,DXCM,2
2026-03-04,EBAY,3
2026-03-04,EEM,3
2026-03-04,EFX,1
2026-03-04,EME,0
2026-03-04,EPAM,1
2026-03-04,FFIV,3
2026-03-04,FIX,3
2026-03-04,FSLR,13
2026-03-04,GRMN,16
2026-03-04,INCY,1
2026-03-04,ISRG,5
2026-03-04,IVZ,90
2026-03-04,LULU,11
2026-03-04,MA,37
2026-03-04,MAS,0
2026-03-04,META,74
2026-03-04,RMD,4
2026-03-04,ROP,0
2026-03-04,SCHW,18
2026-03-04,UHS,2
2026-03-05,ABBV,7
2026-03-05,ACN,7
2026-03-05,ADBE,124
2026-03-05,ADP,8
2026-03-05,AEM,1
2026-03-05,AMAT,5
2026-03-05,ANET,3
2026-03-05,APH,3
2026-03-05,APP,4
2026-03-05,APTV,6
2026-03-05,ARKK,10
2026-03-05,ATI,1
2026-03-05,B,1
2026-03-05,BBY,3
2026-03-05,BHP,3
2026-03-05,BKR,8
2026-03-05,BSX,6
2026-03-05,CBOE,5
2026-03-05,CL,8
2026-03-05,CMI,75
2026-03-05,COR,1
2026-03-05,COST,255
2026-03-05,CSCO,5
2026-03-05,CTVA,3
2026-03-05,CVS,8
2026-03-05,DASH,65
2026-03-05,DDOG,4
2026-03-05,DECK,2
2026-03-05,DG,4
2026-03-05,DHI,2
2026-03-05,DXCM,1
2026-03-05,EBAY,1
2026-03-05,EEM,4
2026-03-05,EFX,1
2026-03-05,EME,1
2026-03-05,EPAM,9
2026-03-05,EXPE,20
2026-03-05,FIX,9
2026-03-05,FNV,2
2026-03-05,FSLR,5
2026-03-05,GAU,1
2026-03-05,GRMN,5
2026-03-05,INCY,1
2026-03-05,ISRG,1
2026-03-05,IVZ,53
2026-03-05,LULU,4
2026-03-05,MA,46
2026-03-05,MAS,0
2026-03-05,META,94
2026-03-05,RMD,3
2026-03-05,ROP,0
2026-03-05,SCHW,11
2026-03-05,UHS,0
2026-03-06,ABBV,11
2026-03-06,ACN,7
2026-03-06,ADBE,114
2026-03-06,ADP,10
2026-03-06,AEM,1
2026-03-06,AMAT,10
2026-03-06,ANET,2
2026-03-06,AOS,1
2026-03-06,APH,4
2026-03-06,APP,2
2026-03-06,APTV,2
2026-03-06,ARKK,23
2026-03-06,ATI,1
2026-03-06,B,1
2026-03-06,BBY,4
2026-03-06,BHP,1
2026-03-06,BKR,8
2026-03-06,BSX,7
2026-03-06,CBOE,6
2026-03-06,CL,9
2026-03-06,CMI,37
2026-03-06,COR,2
2026-03-06,COST,126
2026-03-06,CSCO,5
2026-03-06,CTVA,1
2026-03-06,CVS,5
2026-03-06,DASH,42
2026-03-06,DDOG,5
2026-03-06,DECK,2
2026-03-06,DG,8
2026-03-06,DHI,3
2026-03-06,DXCM,2
2026-03-06,EBAY,4
2026-03-06,EEM,2
2026-03-06,EFX,2
2026-03-06,EME,0
2026-03-06,EPAM,2
2026-03-06,EXPE,8
2026-03-06,FIX,6
2026-03-06,FNV,1
2026-03-06,FSLR,1
2026-03-06,GRMN,6
2026-03-06,INCY,0
2026-03-06,ISRG,3
2026-03-06,IVZ,67
2026-03-06,LULU,4
2026-03-06,MA,37
2026-03-06,MAS,1
2026-03-06,META,65
2026-03-06,RMD,1
2026-03-06,ROP,0
2026-03-06,SCHW,15
2026-03-06,UHS,0
2026-03-07,ABBV,1
2026-03-07,ACN,1
2026-03-07,ADBE,140
2026-03-07,ADP,3
2026-03-07,AMAT,1
2026-03-07,APH,0
2026-03-07,APP,4
2026-03-07,ARKK,8
2026-03-07,BBY,1
2026-03-07,BKR,4
2026-03-07,BSX,0
2026-03-07,CBOE,2
2026-03-07,CL,5
2026-03-07,CMI,41
2026-03-07,COST,47
2026-03-07,CSCO,1
2026-03-07,CVS,3
2026-03-07,DASH,13
2026-03-07,DECK,2
2026-03-07,DG,2
2026-03-07,EBAY,1
2026-03-07,EEM,1
2026-03-07,EME,0
2026-03-07,EXPE,3
2026-03-07,FIX,1
2026-03-07,GRMN,7
2026-03-07,INCY,0
2026-03-07,ISRG,1
2026-03-07,IVZ,28
2026-03-07,LULU,2
2026-03-07,MA,26
2026-03-07,MAS,2
2026-03-07,META,20
2026-03-07,RMD,0
2026-03-07,ROP,0
2026-03-07,SCHW,7
2026-03-07,UHS,0
2026-03-08,ABBV,2
2026-03-08,ADBE,68
2026-03-08,APH,0
2026-03-08,APP,3
2026-03-08,APTV,1
2026-03-08,ARKK,4
2026-03-08,BHP,1
2026-03-08,BKR,4
2026-03-08,BSX,3
2026-03-08,CL,2
2026-03-08,CMI,9
2026-03-08,COR,1
2026-03-08,COST,31
2026-03-08,CSCO,2
2026-03-08,DASH,15
2026-03-08,DG,7
2026-03-08,EME,1
2026-03-08,EXPE,2
2026-03-08,FSLR,2
2026-03-08,GRMN,2
2026-03-08,INCY,1
2026-03-08,ISRG,3
2026-03-08,IVZ,14
2026-03-08,LULU,4
2026-03-08,MA,15
2026-03-08,MAS,0
2026-03-08,META,22
2026-03-08,RMD,1
2026-03-08,ROP,0
2026-03-08,SCHW,5
2026-03-08,UHS,0
2026-03-09,ABBV,9
2026-03-09,ACN,3
2026-03-09,ADBE,122
2026-03-09,ADP,5
2026-03-09,AEM,2
2026-03-09,AMAT,4
2026-03-09,ANET,4
2026-03-09,APH,2
2026-03-09,APP,1
2026-03-09,APTV,2
2026-03-09,ARGT,1
2026-03-09,ARKK,10
2026-03-09,ATI,4
2026-03-09,B,2
2026-03-09,BBY,2
2026-03-09,BHP,1
2026-03-09,BKR,6
2026-03-09,BSX,9
2026-03-09,CBOE,7
2026-03-09,CL,6
2026-03-09,CMI,22
2026-03-09,COR,1
2026-03-09,COST,62
2026-03-09,CRSP,2
2026-03-09,CSCO,12
2026-03-09,CTVA,2
2026-03-09,CVS,6
2026-03-09,DASH,14
2026-03-09,DDOG,4
2026-03-09,DECK,3
2026-03-09,DG,12
2026-03-09,DHI,1
2026-03-09,DXCM,2
2026-03-09,EEM,4
2026-03-09,EFX,1
2026-03-09,EME,0
2026-03-09,EXPE,6
2026-03-09,FIX,6
2026-03-09,FNV,2
2026-03-09,FSLR,1
2026-03-09,GRMN,10
2026-03-09,INCY,1
2026-03-09,ISRG,1
2026-03-09,IVZ,31
2026-03-09,LULU,6
2026-03-09,MA,30
2026-03-09,MAS,1
2026-03-09,META,27
2026-03-09,RMD,1
2026-03-09,ROP,0
2026-03-09,SCHW,8
2026-03-09,UHS,6
2026-03-10,ABBV,4
2026-03-10,ACN,12
2026-03-10,ADBE,109
2026-03-10,ADP,3
2026-03-10,AEM,1
2026-03-10,AMAT,25
2026-03-10,ANET,4
2026-03-10,AOS,1
2026-03-10,APH,4
2026-03-10,APP,6
2026-03-10,APTV,2
2026-03-10,ARKK,7
2026-03-10,ATI,3
2026-03-10,B,2
2026-03-10,BBY,1
2026-03-10,BHP,1
2026-03-10,BKR,2
2026-03-10,BSX,2
2026-03-10,CBOE,7
2026-03-10,CL,7
2026-03-10,CMI,14
2026-03-10,COR,3
2026-03-10,COST,83
2026-03-10,CRSP,4
2026-03-10,CSCO,12
2026-03-10,CTVA,3
2026-03-10,CVS,3
2026-03-10,DASH,18
2026-03-10,DDOG,8
2026-03-10,DECK,2
2026-03-10,DG,8
2026-03-10,DHI,2
2026-03-10,DIS,1
2026-03-10,DXCM,2
2026-03-10,EBAY,2
2026-03-10,EEM,1
2026-03-10,EFX,5
2026-03-10,EME,0
2026-03-10,EPAM,3
2026-03-10,EXPE,2
2026-03-10,FFIV,3
2026-03-10,FIX,4
2026-03-10,FNV,6
2026-03-10,FSLR,3
2026-03-10,GAU,1
2026-03-10,GRMN,12
2026-03-10,INCY,4
2026-03-10,ISRG,3
2026-03-10,IVZ,57
2026-03-10,LULU,20
2026-03-10,MA,25
2026-03-10,MAS,0
2026-03-10,META,46
2026-03-10,RMD,1
2026-03-10,ROP,0
2026-03-10,SCHW,10
2026-03-10,UHS,3
2026-03-11,ABBV,7
2026-03-11,ACN,9
2026-03-11,ADBE,131
2026-03-11,ADP,4
2026-03-11,AEM,1
2026-03-11,AMAT,11
2026-03-11,ANET,5
2026-03-11,AOS,3
2026-03-11,APH,5
2026-03-11,APP,5
2026-03-11,APTV,1
2026-03-11,ARKK,8
2026-03-11,ATI,1
2026-03-11,B,1
2026-03-11,BBY,2
2026-03-11,BKR,11
2026-03-11,BSX,8
2026-03-11,CBOE,2
2026-03-11,CHEF,1
2026-03-11,CL,10
2026-03-11,CMI,14
2026-03-11,COST,91
2026-03-11,CRSP,1
2026-03-11,CSCO,13
2026-03-11,CVS,11
2026-03-11,DASH,40
2026-03-11,DDOG,3
2026-03-11,DECK,4
2026-03-11,DG,11
2026-03-11,DHI,1
2026-03-11,DXCM,3
2026-03-11,EBAY,3
2026-03-11,EEM,2
2026-03-11,EFX,4
2026-03-11,EME,0
2026-03-11,EPAM,1
2026-03-11,EXPE,3
2026-03-11,FFIV,3
2026-03-11,FIX,3
2026-03-11,FNV,2
2026-03-11,FSLR,3
2026-03-11,GAU,1
2026-03-11,GRMN,9
2026-03-11,INCY,0
2026-03-11,ISRG,6
2026-03-11,IVZ,64
2026-03-11,LULU,19
2026-03-11,MA,40
2026-03-11,MAS,1
2026-03-11,META,57
2026-03-11,RMD,6
2026-03-11,ROP,0
2026-03-11,SCHW,17
2026-03-11,UHS,0
2026-03-12,ABBV,8
2026-03-12,ACN,15
2026-03-12,ADBE,202
2026-03-12,ADP,4
2026-03-12,AEM,1
2026-03-12,AMAT,8
2026-03-12,ANET,14
2026-03-12,APH,9
2026-03-12,APP,2
2026-03-12,APTV,1
2026-03-12,ARKK,11
2026-03-12,ATI,6
2026-03-12,B,1
2026-03-12,BBY,3
2026-03-12,BHP,1
2026-03-12,BKR,9
2026-03-12,BSX,8
2026-03-12,BTU,1
2026-03-12,CBOE,6
2026-03-12,CL,11
2026-03-12,CLMT,2
2026-03-12,CMI,36
2026-03-12,COR,1
2026-03-12,COST,100
2026-03-12,CSCO,5
2026-03-12,CTVA,1
2026-03-12,CVS,10
2026-03-12,DASH,47
2026-03-12,DDOG,3
2026-03-12,DECK,9
2026-03-12,DG,61
2026-03-12,DXCM,1
2026-03-12,EBAY,3
2026-03-12,EFX,3
2026-03-12,EME,3
2026-03-12,EPAM,2
2026-03-12,EXPE,1
2026-03-12,FFIV,2
2026-03-12,FNV,1
2026-03-12,FSLR,2
2026-03-12,GRMN,19
2026-03-12,INCY,6
2026-03-12,ISRG,3
2026-03-12,IVZ,46
2026-03-12,LULU,13
2026-03-12,MA,65
2026-03-12,MAS,0
2026-03-12,META,52
2026-03-12,RMD,4
2026-03-12,ROP,0
2026-03-12,SCHW,10
2026-03-12,UHS,2
2026-03-13,ABBV,5
2026-03-13,ACN,4
2026-03-13,ADBE,284
2026-03-13,ADP,2
2026-03-13,AEM,1
2026-03-13,AMAT,17
2026-03-13,ANET,4
2026-03-13,APH,1
2026-03-13,APP,3
2026-03-13,APTV,2
2026-03-13,ARKK,7
2026-03-13,ATI,3
2026-03-13,B,1
2026-03-13,BBY,1
2026-03-13,BHP,1
2026-03-13,BKR,6
2026-03-13,BSX,3
2026-03-13,CBOE,1
2026-03-13,CL,6
2026-03-13,CMI,21
2026-03-13,COR,3
2026-03-13,COST,124
2026-03-13,CSCO,9
2026-03-13,CTVA,1
2026-03-13,CVS,2
2026-03-13,DASH,49
2026-03-13,DDOG,2
2026-03-13,DECK,3
2026-03-13,DG,18
2026-03-13,DHI,1
2026-03-13,DXCM,2
2026-03-13,EBAY,3
2026-03-13,EEM,1
2026-03-13,EFX,2
2026-03-13,EME,2
2026-03-13,EPAM,1
2026-03-13,EXPE,1
2026-03-13,FIX,5
2026-03-13,FNV,2
2026-03-13,FSLR,1
2026-03-13,GAU,1
2026-03-13,GRMN,19
2026-03-13,INCY,3
2026-03-13,ISRG,2
2026-03-13,IVZ,52
2026-03-13,LULU,11
2026-03-13,MA,28
2026-03-13,MAS,1
2026-03-13,META,39
2026-03-13,RMD,0
2026-03-13,ROP,1
2026-03-13,SCHW,8
2026-03-13,UHS,0
2026-03-14,ACN,5
2026-03-14,ADBE,162
2026-03-14,AMAT,1
2026-03-14,ANET,2
2026-03-14,AOS,2
2026-03-14,APH,2
2026-03-14,APP,7
2026-03-14,ARKK,4
2026-03-14,BBY,2
2026-03-14,BKR,5
2026-03-14,BSX,3
2026-03-14,CBOE,3
2026-03-14,CL,9
2026-03-14,CMI,10
2026-03-14,COST,55
2026-03-14,CRM,1
2026-03-14,CSCO,2
2026-03-14,DASH,29
2026-03-14,DECK,1
2026-03-14,DHI,3
2026-03-14,DIS,4
2026-03-14,EEM,1
2026-03-14,EME,1
2026-03-14,EPAM,1
2026-03-14,EXPE,2
2026-03-14,FIX,2
2026-03-14,GRMN,5
2026-03-14,INCY,1
2026-03-14,ISRG,6
2026-03-14,IVZ,72
2026-03-14,LULU,23
2026-03-14,MA,26
2026-03-14,MAS,1
2026-03-14,META,39
2026-03-14,RMD,1
2026-03-14,ROP,1
2026-03-14,SCHW,22
2026-03-14,UHS,1
2026-03-15,ABBV,1
2026-03-15,ACN,1
2026-03-15,ADBE,56
2026-03-15,AMAT,2
2026-03-15,ANET,1
2026-03-15,APH,0
2026-03-15,APP,4
2026-03-15,ARKK,4
2026-03-15,BHP,1
2026-03-15,BKR,3
2026-03-15,BSX,1
2026-03-15,CBOE,1
2026-03-15,CL,7
2026-03-15,CMI,22
2026-03-15,COST,40
2026-03-15,CRM,1
2026-03-15,CSCO,1
2026-03-15,CVS,4
2026-03-15,DASH,23
2026-03-15,DDOG,4
2026-03-15,DECK,2
2026-03-15,DG,1
2026-03-15,DIS,2
2026-03-15,DXCM,4
2026-03-15,EEM,1
2026-03-15,EME,0
2026-03-15,EPAM,4
2026-03-15,EXPE,4
2026-03-15,FNV,1
2026-03-15,FSLR,1
2026-03-15,GRMN,3
2026-03-15,INCY,1
2026-03-15,ISRG,3
2026-03-15,IVZ,51
2026-03-15,LULU,14
2026-03-15,MA,25
2026-03-15,MAS,1
2026-03-15,META,33
2026-03-15,RMD,1
2026-03-15,ROP,0
2026-03-15,SCHW,10
2026-03-15,UHS,0
2026-03-16,ABBV,4
2026-03-16,ACN,14
2026-03-16,ADBE,183
2026-03-16,ADP,2
2026-03-16,AEM,1
2026-03-16,AMAT,5
2026-03-16,ANET,7
2026-03-16,APH,1
2026-03-16,APP,7
2026-03-16,APTV,2
2026-03-16,ARKK,7
2026-03-16,ATI,4
2026-03-16,BBY,1
2026-03-16,BKR,4
2026-03-16,BSX,6
2026-03-16,BTU,1
2026-03-16,CBOE,6
2026-03-16,CL,8
2026-03-16,CLMT,1
2026-03-16,CMI,22
2026-03-16,COR,2
2026-03-16,COST,140
2026-03-16,CRM,20
2026-03-16,CSCO,11
2026-03-16,CVS,3
2026-03-16,DASH,87
2026-03-16,DDOG,1
2026-03-16,DECK,3
2026-03-16,DELL,26
2026-03-16,DG,7
2026-03-16,DHI,1
2026-03-16,DIS,8
2026-03-16,DXCM,2
2026-03-16,EBAY,1
2026-03-16,EEM,2
2026-03-16,EFX,1
2026-03-16,EME,0
2026-03-16,EPAM,3
2026-03-16,EXPE,6
2026-03-16,FFIV,3
2026-03-16,FIX,3
2026-03-16,FNV,1
2026-03-16,FSLR,2
2026-03-16,GRMN,16
2026-03-16,INCY,3
2026-03-16,ISRG,1
2026-03-16,IVZ,79
2026-03-16,LULU,26
2026-03-16,MA,48
2026-03-16,MAS,1
2026-03-16,META,149
2026-03-16,RMD,2
2026-03-16,ROP,0
2026-03-16,SCHW,25
2026-03-16,UHS,2
2026-03-17,ABBV,7
2026-03-17,ACN,8
2026-03-17,ADBE,141
2026-03-17,ADP,7
2026-03-17,AEM,1
2026-03-17,AMAT,9
2026-03-17,ANET,10
2026-03-17,AOS,1
2026-03-17,APH,2
2026-03-17,APP,4
2026-03-17,ARGT,1
2026-03-17,ARKK,9
2026-03-17,ATI,2
2026-03-17,BBY,1
2026-03-17,BHP,3
2026-03-17,BKR,8
2026-03-17,BSX,3
2026-03-17,CBOE,4
2026-03-17,CL,6
2026-03-17,CMI,15
2026-03-17,COR,10
2026-03-17,COST,98
2026-03-17,CRM,14
2026-03-17,CRSP,1
2026-03-17,CSCO,11
2026-03-17,CTVA,2
2026-03-17,CVS,2
2026-03-17,DAL,28
2026-03-17,DASH,76
2026-03-17,DDOG,4
2026-03-17,DECK,2
2026-03-17,DELL,9
2026-03-17,DG,6
2026-03-17,DHI,1
2026-03-17,DIS,10
2026-03-17,DXCM,3
2026-03-17,EBAY,4
2026-03-17,EFX,2
2026-03-17,EME,0
2026-03-17,EXPE,6
2026-03-17,FFIV,2
2026-03-17,FIX,1
2026-03-17,FSLR,3
2026-03-17,GAU,2
2026-03-17,GRMN,28
2026-03-17,INCY,0
2026-03-17,ISRG,2
2026-03-17,IVZ,61
2026-03-17,LULU,26
2026-03-17,MA,72
2026-03-17,MAS,1
2026-03-17,META,100
2026-03-17,RMD,3
2026-03-17,ROP,0
2026-03-17,SCHW,17
2026-03-17,UHS,4
2026-03-18,ABBV,8
2026-03-18,ACN,13
2026-03-18,ADBE,116
2026-03-18,ADP,3
2026-03-18,AEM,2
2026-03-18,AMAT,14
2026-03-18,ANET,6
2026-03-18,AOS,1
2026-03-18,APH,3
2026-03-18,APP,1
2026-03-18,APTV,2
2026-03-18,ARKK,6
2026-03-18,ATI,2
2026-03-18,B,3
2026-03-18,BBY,2
2026-03-18,BHP,1
2026-03-18,BKR,3
2026-03-18,BSX,6
2026-03-18,CBOE,5
2026-03-18,CL,6
2026-03-18,CMI,19
2026-03-18,COR,3
2026-03-18,COST,61
2026-03-18,CRM,13
2026-03-18,CSCO,4
2026-03-18,CVS,4
2026-03-18,DAL,17
2026-03-18,DASH,29
2026-03-18,DDOG,1
2026-03-18,DECK,4
2026-03-18,DELL,10
2026-03-18,DG,1
2026-03-18,DHI,2
2026-03-18,DIS,31
2026-03-18,EBAY,5
2026-03-18,EEM,2
2026-03-18,EFX,3
2026-03-18,EME,4
2026-03-18,EPAM,1
2026-03-18,EXPE,5
2026-03-18,FFIV,4
2026-03-18,FIX,2
2026-03-18,FNV,2
2026-03-18,FSLR,6
2026-03-18,GAU,1
2026-03-18,GRMN,25
2026-03-18,INCY,0
2026-03-18,ISRG,1
2026-03-18,IVZ,35
2026-03-18,LULU,45
2026-03-18,MA,46
2026-03-18,MAS,2
2026-03-18,META,99
2026-03-18,RMD,1
2026-03-18,ROP,0
2026-03-18,SCHW,9
2026-03-18,UHS,4
2026-03-19,ABBV,11
2026-03-19,ACN,63
2026-03-19,ADBE,139
2026-03-19,ADP,5
2026-03-19,AEM,4
2026-03-19,AMAT,7
2026-03-19,ANET,2
2026-03-19,AOS,1
2026-03-19,APH,0
2026-03-19,APP,2
2026-03-19,APTV,1
2026-03-19,ARGT,1
2026-03-19,ARKK,8
2026-03-19,ATI,1
2026-03-19,B,2
2026-03-19,BBY,2
2026-03-19,BHP,1
2026-03-19,BKR,4
2026-03-19,BSX,6
2026-03-19,BTU,1
2026-03-19,CBOE,5
2026-03-19,CL,8
2026-03-19,CMI,17
2026-03-19,COR,1
2026-03-19,COST,73
2026-03-19,CRM,10
2026-03-19,CSCO,6
2026-03-19,CTVA,4
2026-03-19,CVS,6
2026-03-19,DAL,8
2026-03-19,DASH,16
2026-03-19,DDOG,6
2026-03-19,DECK,6
2026-03-19,DELL,12
2026-03-19,DG,6
2026-03-19,DHI,1
2026-03-19,DIS,12
2026-03-19,EBAY,1
2026-03-19,EEM,1
2026-03-19,EFX,3
2026-03-19,EME,0
2026-03-19,EXPE,4
2026-03-19,FIX,4
2026-03-19,FNV,1
2026-03-19,FSLR,5
2026-03-19,GAU,2
2026-03-19,GRMN,14
2026-03-19,INCY,2
2026-03-19,ISRG,1
2026-03-19,IVZ,42
2026-03-19,LULU,9
2026-03-19,MA,47
2026-03-19,MAS,0
2026-03-19,META,34
2026-03-19,RMD,0
2026-03-19,ROP,0
2026-03-19,SCHW,12
2026-03-19,UHS,1
2026-03-20,ABBV,7
2026-03-20,ACN,14
2026-03-20,ADBE,127
2026-03-20,ADP,4
2026-03-20,AMAT,9
2026-03-20,ANET,4
2026-03-20,AOS,1
2026-03-20,APH,3
2026-03-20,APP,0
2026-03-20,APTV,3
2026-03-20,ARKK,11
2026-03-20,ATI,1
2026-03-20,B,1
2026-03-20,BBY,2
2026-03-20,BKR,10
2026-03-20,BSX,3
2026-03-20,CL,7
2026-03-20,CMI,38
2026-03-20,COR,1
2026-03-20,COST,80
2026-03-20,CRM,11
2026-03-20,CSCO,5
2026-03-20,CTVA,1
2026-03-20,CVS,1
2026-03-20,DAL,8
2026-03-20,DASH,20
2026-03-20,DDOG,2
2026-03-20,DECK,5
2026-03-20,DELL,34
2026-03-20,DG,3
2026-03-20,DHI,3
2026-03-20,DIS,6
2026-03-20,EBAY,1
2026-03-20,EEM,1
2026-03-20,EFX,2
2026-03-20,EME,1
2026-03-20,EXPE,3
2026-03-20,FFIV,1
2026-03-20,FIX,11
2026-03-20,FSLR,6
2026-03-20,GRMN,17
2026-03-20,INCY,0
2026-03-20,ISRG,5
2026-03-20,IVZ,48
2026-03-20,LULU,7
2026-03-20,MA,25
2026-03-20,MAS,1
2026-03-20,META,52
2026-03-20,RMD,1
2026-03-20,ROP,0
2026-03-20,SCHW,18
2026-03-20,UHS,2
2026-03-21,ABBV,1
2026-03-21,ACN,2
2026-03-21,ADBE,77
2026-03-21,ADP,2
2026-03-21,AEM,1
2026-03-21,AMAT,2
2026-03-21,AOS,1
2026-03-21,APH,0
2026-03-21,APP,2
2026-03-21,ARKK,3
2026-03-21,BKR,6
2026-03-21,BSX,4
2026-03-21,CL,6
2026-03-21,CMI,9
2026-03-21,COST,51
2026-03-21,CRM,3
2026-03-21,CSCO,1
2026-03-21,DAL,9
2026-03-21,DASH,24
2026-03-21,DECK,2
2026-03-21,DELL,6
2026-03-21,DG,3
2026-03-21,DIS,2
2026-03-21,EBAY,1
2026-03-21,EME,0
2026-03-21,EXPE,3
2026-03-21,FIX,2
2026-03-21,FNV,1
2026-03-21,GRMN,12
2026-03-21,INCY,0
2026-03-21,ISRG,2
2026-03-21,IVZ,29
2026-03-21,LULU,3
2026-03-21,MA,18
2026-03-21,MAS,0
2026-03-21,META,34
2026-03-21,RMD,0
2026-03-21,ROP,0
2026-03-21,SCHW,13
2026-03-21,UHS,0
2026-03-22,ADBE,77
2026-03-22,AMAT,5
2026-03-22,ANET,2
2026-03-22,APH,1
2026-03-22,APP,5
2026-03-22,APTV,1
2026-03-22,ARKK,2
2026-03-22,BKR,0
2026-03-22,BSX,2
2026-03-22,CL,3
2026-03-22,CMI,12
2026-03-22,COR,1
2026-03-22,COST,38
2026-03-22,CRM,2
2026-03-22,CSCO,2
2026-03-22,CTVA,1
2026-03-22,CVS,1
2026-03-22,DAL,3
2026-03-22,DASH,9
2026-03-22,DELL,3
2026-03-22,DG,1
2026-03-22,DIS,5
2026-03-22,DXCM,1
2026-03-22,EEM,1
2026-03-22,EFX,2
2026-03-22,EME,0
2026-03-22,EXPE,2
2026-03-22,GRMN,4
2026-03-22,INCY,0
2026-03-22,ISRG,0
2026-03-22,IVZ,15
2026-03-22,LULU,1
2026-03-22,MA,14
2026-03-22,MAS,1
2026-03-22,META,21
2026-03-22,RMD,1
2026-03-22,ROP,0
2026-03-22,SCHW,2
2026-03-22,UHS,0
2026-03-23,ABBV,2
2026-03-23,ACN,7
2026-03-23,ADBE,108
2026-03-23,ADP,1
2026-03-23,AEM,3
2026-03-23,AMAT,8
2026-03-23,ANET,1
2026-03-23,AOS,1
2026-03-23,APH,0
2026-03-23,APP,1
2026-03-23,APTV,2
2026-03-23,ARKK,12
2026-03-23,ATI,2
2026-03-23,AVGO,18
2026-03-23,B,4
2026-03-23,BBY,1
2026-03-23,BHP,2
2026-03-23,BKR,7
2026-03-23,BSX,3
2026-03-23,BXC,1
2026-03-23,CBOE,3
2026-03-23,CL,8
2026-03-23,CMI,15
2026-03-23,COR,8
2026-03-23,COST,48
2026-03-23,CRM,9
2026-03-23,CSCO,10
2026-03-23,CVS,1
2026-03-23,DAL,36
2026-03-23,DASH,114
2026-03-23,DDOG,4
2026-03-23,DECK,5
2026-03-23,DELL,20
2026-03-23,DG,2
2026-03-23,DHI,2
2026-03-23,DIS,9
2026-03-23,DXCM,2
2026-03-23,EBAY,1
2026-03-23,EEM,4
2026-03-23,EFX,1
2026-03-23,EME,0
2026-03-23,EPAM,2
2026-03-23,EXPE,8
2026-03-23,FNV,3
2026-03-23,GAU,1
2026-03-23,GRMN,33
2026-03-23,INCY,1
2026-03-23,ISRG,0
2026-03-23,IVZ,68
2026-03-23,LULU,14
2026-03-23,MA,41
2026-03-23,MAS,1
2026-03-23,META,69
2026-03-23,RMD,6
2026-03-23,ROP,0
2026-03-23,SCHW,11
2026-03-23,UHS,0
2026-03-24,ABBV,6
2026-03-24,ACN,9
2026-03-24,ADBE,101
2026-03-24,ADP,1
2026-03-24,AEM,1
2026-03-24,AMAT,8
2026-03-24,ANET,5
2026-03-24,AOS,1
2026-03-24,APH,3
2026-03-24,APP,1
2026-03-24,APTV,3
2026-03-24,ARKK,12
2026-03-24,ATI,3
2026-03-24,AVGO,45
2026-03-24,B,1
2026-03-24,BBY,1
2026-03-24,BHP,1
2026-03-24,BKR,5
2026-03-24,BSX,6
2026-03-24,BTU,2
2026-03-24,CBOE,4
2026-03-24,CL,1
2026-03-24,CLMT,1
2026-03-24,CMI,21
2026-03-24,COR,3
2026-03-24,COST,292
2026-03-24,CRM,25
2026-03-24,CSCO,13
2026-03-24,CTVA,2
2026-03-24,CVS,10
2026-03-24,DAL,15
2026-03-24,DASH,81
2026-03-24,DDOG,7
2026-03-24,DECK,2
2026-03-24,DELL,14
2026-03-24,DG,7
2026-03-24,DHI,1
2026-03-24,DIS,17
2026-03-24,EBAY,3
2026-03-24,EEM,3
2026-03-24,EFX,4
2026-03-24,EME,1
2026-03-24,EXPE,6
2026-03-24,FFIV,3
2026-03-24,FIX,5
2026-03-24,FSLR,2
2026-03-24,GRMN,18
2026-03-24,INCY,8
2026-03-24,ISRG,2
2026-03-24,IVZ,26
2026-03-24,LULU,12
2026-03-24,MA,66
2026-03-24,MAS,2
2026-03-24,META,84
2026-03-24,RMD,2
2026-03-24,ROP,0
2026-03-24,SCHW,22
2026-03-24,UHS,0
2026-03-25,ABBV,7
2026-03-25,ACN,7
2026-03-25,ADBE,128
2026-03-25,ADP,5
2026-03-25,AEM,1
2026-03-25,AMAT,11
2026-03-25,AMD,31
2026-03-25,ANET,3
2026-03-25,AOS,1
2026-03-25,APH,1
2026-03-25,APP,2
2026-03-25,APTV,3
2026-03-25,ARKK,11
2026-03-25,ATI,3
2026-03-25,AVGO,15
2026-03-25,B,1
2026-03-25,BBY,1
2026-03-25,BKR,6
2026-03-25,BSX,2
2026-03-25,CBOE,4
2026-03-25,CL,2
2026-03-25,CMI,33
2026-03-25,COR,1
2026-03-25,COST,47
2026-03-25,CRM,21
2026-03-25,CSCO,5
2026-03-25,CTVA,1
2026-03-25,CVS,7
2026-03-25,DAL,14
2026-03-25,DASH,86
2026-03-25,DDOG,3
2026-03-25,DECK,1
2026-03-25,DELL,22
2026-03-25,DG,13
2026-03-25,DIS,21
2026-03-25,DXCM,1
2026-03-25,EBAY,1
2026-03-25,EEM,1
2026-03-25,EFX,2
2026-03-25,EME,3
2026-03-25,EPAM,1
2026-03-25,EXPE,1
2026-03-25,FFIV,1
2026-03-25,FIX,4
2026-03-25,FNV,1
2026-03-25,FSLR,1
2026-03-25,GAU,1
2026-03-25,GRMN,22
2026-03-25,INCY,3
2026-03-25,ISRG,0
2026-03-25,IVZ,52
2026-03-25,LULU,17
2026-03-25,MA,38
2026-03-25,MAS,3
2026-03-25,META,338
2026-03-25,RMD,1
2026-03-25,ROP,0
2026-03-25,SCHW,8
2026-03-25,UHS,0
2026-03-26,ABBV,7
2026-03-26,ACN,7
2026-03-26,ADBE,114
2026-03-26,ADP,2
2026-03-26,AEM,2
2026-03-26,AMAT,15
2026-03-26,AMD,39
2026-03-26,ANET,7
2026-03-26,APH,1
2026-03-26,APP,4
2026-03-26,ARKK,8
2026-03-26,ATI,1
2026-03-26,AVGO,26
2026-03-26,B,3
2026-03-26,BBY,7
2026-03-26,BHP,1
2026-03-26,BKR,8
2026-03-26,BSX,1
2026-03-26,CBOE,6
2026-03-26,CHEF,1
2026-03-26,CL,6
2026-03-26,CMI,19
2026-03-26,COR,1
2026-03-26,COST,52
2026-03-26,CRM,20
2026-03-26,CSCO,5
2026-03-26,CTVA,1
2026-03-26,CVS,5
2026-03-26,DAL,12
2026-03-26,DASH,74
2026-03-26,DDOG,2
2026-03-26,DECK,4
2026-03-26,DELL,17
2026-03-26,DG,3
2026-03-26,DIS,15
2026-03-26,EBAY,2
2026-03-26,EEM,3
2026-03-26,EFX,1
2026-03-26,EME,0
2026-03-26,EXPE,3
2026-03-26,FIX,8
2026-03-26,FNV,1
2026-03-26,FSLR,5
2026-03-26,GAU,1
2026-03-26,GRMN,12
2026-03-26,INCY,2
2026-03-26,ISRG,1
2026-03-26,IVZ,64
2026-03-26,LULU,7
2026-03-26,MA,70
2026-03-26,MAS,2
2026-03-26,META,235
2026-03-26,RMD,1
2026-03-26,ROP,1
2026-03-26,SCHW,8
2026-03-26,UHS,0
2026-03-27,ABBV,10
2026-03-27,ACN,8
2026-03-27,ADBE,125
2026-03-27,ADP,3
2026-03-27,AEM,3
2026-03-27,AMAT,5
2026-03-27,AMD,25
2026-03-27,ANET,3
2026-03-27,AOS,2
2026-03-27,APH,1
2026-03-27,APP,3
2026-03-27,APTV,4
2026-03-27,ARKK,7
2026-03-27,ATI,2
2026-03-27,AVGO,23
2026-03-27,B,3
2026-03-27,BBY,2
2026-03-27,BKR,9
2026-03-27,BSX,3
2026-03-27,BTU,2
2026-03-27,CBOE,6
2026-03-27,CL,5
2026-03-27,CLMT,1
2026-03-27,CMI,26
2026-03-27,COR,1
2026-03-27,COST,53
2026-03-27,CRM,23
2026-03-27,CSCO,10
2026-03-27,CTVA,1
2026-03-27,CVS,5
2026-03-27,DAL,6
2026-03-27,DASH,24
2026-03-27,DDOG,8
2026-03-27,DECK,2
2026-03-27,DELL,5
2026-03-27,DG,7
2026-03-27,DHI,3
2026-03-27,DIS,13
2026-03-27,DXCM,6
2026-03-27,EBAY,2
2026-03-27,EEM,4
2026-03-27,EFX,2
2026-03-27,EME,1
2026-03-27,EXPE,10
2026-03-27,FFIV,2
2026-03-27,FIX,4
2026-03-27,FNV,1
2026-03-27,FSLR,2
2026-03-27,GAU,1
2026-03-27,GRMN,18
2026-03-27,INCY,1
2026-03-27,ISRG,2
2026-03-27,IVZ,52
2026-03-27,LULU,24
2026-03-27,MA,41
2026-03-27,MAS,1
2026-03-27,META,168
2026-03-27,RMD,0
2026-03-27,ROP,0
2026-03-27,SCHW,19
2026-03-27,UHS,0
2026-03-28,ABBV,1
2026-03-28,ACN,3
2026-03-28,ADBE,108
2026-03-28,AMAT,2
2026-03-28,AMD,3
2026-03-28,APH,0
2026-03-28,APP,1
2026-03-28,ARKK,6
2026-03-28,AVGO,11
2026-03-28,BBY,1
2026-03-28,BKR,6
2026-03-28,BSX,7
2026-03-28,CBOE,1
2026-03-28,CL,5
2026-03-28,CMI,30
2026-03-28,COST,41
2026-03-28,CRM,2
2026-03-28,CSCO,3
2026-03-28,DAL,4
2026-03-28,DASH,12
2026-03-28,DECK,2
2026-03-28,DG,2
2026-03-28,DIS,2
2026-03-28,EBAY,1
2026-03-28,EFX,2
2026-03-28,EME,0
2026-03-28,EXPE,1
2026-03-28,FFIV,1
2026-03-28,FSLR,1
2026-03-28,GRMN,11
2026-03-28,INCY,1
2026-03-28,ISRG,1
2026-03-28,IVZ,42
2026-03-28,LULU,5
2026-03-28,MA,10
2026-03-28,MAS,0
2026-03-28,META,62
2026-03-28,RMD,1
2026-03-28,ROP,0
2026-03-28,SCHW,14
2026-03-28,UHS,0
2026-03-29,ADBE,111
2026-03-29,ADP,2
2026-03-29,AEM,1
2026-03-29,AMD,8
2026-03-29,ANET,2
2026-03-29,APH,1
2026-03-29,APP,0
2026-03-29,ARKK,2
2026-03-29,AVGO,4
2026-03-29,BBY,2
2026-03-29,BKR,4
2026-03-29,BSX,4
2026-03-29,CL,3
2026-03-29,CMI,14
2026-03-29,COST,81
2026-03-29,CRM,2
2026-03-29,DAL,1
2026-03-29,DASH,15
2026-03-29,DDOG,1
2026-03-29,DELL,2
2026-03-29,DG,1
2026-03-29,DIS,6
2026-03-29,EBAY,1
2026-03-29,EME,0
2026-03-29,EXPE,1
2026-03-29,FNV,1
2026-03-29,GRMN,9
2026-03-29,INCY,0
2026-03-29,ISRG,1
2026-03-29,IVZ,47
2026-03-29,LULU,3
2026-03-29,MA,10
2026-03-29,MAS,1
2026-03-29,META,32
2026-03-29,RMD,1
2026-03-29,ROP,0
2026-03-29,SCHW,7
2026-03-29,UHS,0
2026-03-30,AAPL,45
2026-03-30,ABBV,5
2026-03-30,ACN,5
2026-03-30,ADBE,120
2026-03-30,ADP,7
2026-03-30,AEM,6
2026-03-30,AMAT,6
2026-03-30,AMD,32
2026-03-30,ANET,6
2026-03-30,AOS,2
2026-03-30,APH,7
2026-03-30,APP,9
2026-03-30,APTV,5
2026-03-30,ARKK,11
2026-03-30,ATI,3
2026-03-30,AVGO,12
2026-03-30,B,2
2026-03-30,BACHY,1
2026-03-30,BBY,2
2026-03-30,BHP,1
2026-03-30,BKR,4
2026-03-30,BSX,9
2026-03-30,CBOE,4
2026-03-30,CL,10
2026-03-30,CLMT,5
2026-03-30,CMI,19
2026-03-30,COR,1
2026-03-30,COST,79
2026-03-30,CRM,14
2026-03-30,CSCO,7
2026-03-30,CTVA,1
2026-03-30,CVS,7
2026-03-30,DAL,4
2026-03-30,DASH,113
2026-03-30,DDOG,2
2026-03-30,DELL,8
2026-03-30,DG,2
2026-03-30,DHI,2
2026-03-30,DIS,13
2026-03-30,EBAY,3
2026-03-30,EEM,2
2026-03-30,EFX,4
2026-03-30,EME,0
2026-03-30,EXPE,11
2026-03-30,FFIV,1
2026-03-30,FIX,6
2026-03-30,FSLR,4
2026-03-30,GRMN,16
2026-03-30,INCY,3
2026-03-30,ISRG,1
2026-03-30,IVZ,56
2026-03-30,LULU,14
2026-03-30,MA,69
2026-03-30,MAS,0
2026-03-30,META,33
2026-03-30,RMD,1
2026-03-30,ROP,0
2026-03-30,SCHW,18
2026-03-30,UHS,0
2026-03-31,AAPL,69
2026-03-31,ABBV,12
2026-03-31,ACN,6
2026-03-31,ADBE,129
2026-03-31,ADP,3
2026-03-31,AEM,2
2026-03-31,AMAT,6
2026-03-31,AMD,26
2026-03-31,AMZN,33
2026-03-31,ANET,11
2026-03-31,AOS,3
2026-03-31,APH,4
2026-03-31,APP,1
2026-03-31,APTV,5
2026-03-31,ARKK,8
2026-03-31,ATI,1
2026-03-31,AVGO,28
2026-03-31,B,1
2026-03-31,BBY,2
2026-03-31,BHP,1
2026-03-31,BKR,3
2026-03-31,BSX,8
2026-03-31,BTU,3
2026-03-31,CBOE,5
2026-03-31,CHEF,1
2026-03-31,CL,11
2026-03-31,CLMT,1
2026-03-31,CMI,34
2026-03-31,COR,3
2026-03-31,COST,258
2026-03-31,CRM,20
2026-03-31,CRSP,1
2026-03-31,CSCO,11
2026-03-31,CTVA,2
2026-03-31,CVS,8
2026-03-31,DAL,23
2026-03-31,DASH,51
2026-03-31,DDOG,2
2026-03-31,DECK,4
2026-03-31,DELL,20
2026-03-31,DG,4
2026-03-31,DHI,2
2026-03-31,DIS,21
2026-03-31,DXCM,2
2026-03-31,EBAY,4
2026-03-31,EEM,2
2026-03-31,EFX,2
2026-03-31,EME,1
2026-03-31,EXPE,4
2026-03-31,FFIV,2
2026-03-31,FIX,4
2026-03-31,FNV,1
2026-03-31,FSLR,5
2026-03-31,GAU,1
2026-03-31,GOOGL,50
2026-03-31,GRMN,15
2026-03-31,INCY,2
2026-03-31,ISRG,4
2026-03-31,IVZ,48
2026-03-31,LULU,5
2026-03-31,MA,78
2026-03-31,MAS,0
2026-03-31,META,49
2026-03-31,RMD,0
2026-03-31,ROP,0
2026-03-31,SCHW,5
2026-03-31,UHS,0
2026-04-01,AAPL,59
2026-04-01,ABBV,1
2026-04-01,ACN,2
2026-04-01,ADBE,134
2026-04-01,ADP,16
2026-04-01,AEM,2
2026-04-01,AMAT,5
2026-04-01,AMD,31
2026-04-01,AMZN,72
2026-04-01,ANET,5
2026-04-01,AOS,1
2026-04-01,APH,1
2026-04-01,APP,4
2026-04-01,APTV,11
2026-04-01,ARKK,13
2026-04-01,ATI,6
2026-04-01,AVGO,16
2026-04-01,B,2
2026-04-01,BBY,2
2026-04-01,BHP,2
2026-04-01,BKR,5
2026-04-01,BSX,8
2026-04-01,CBOE,6
2026-04-01,CL,7
2026-04-01,CLMT,1
2026-04-01,CMI,23
2026-04-01,COR,2
2026-04-01,COST,102
2026-04-01,CRM,16
2026-04-01,CRSP,1
2026-04-01,CSCO,13
2026-04-01,CVS,6
2026-04-01,DAL,12
2026-04-01,DASH,64
2026-04-01,DDOG,2
2026-04-01,DECK,4
2026-04-01,DELL,11
2026-04-01,DG,2
2026-04-01,DHI,1
2026-04-01,DIS,20
2026-04-01,DXCM,3
2026-04-01,EEM,1
2026-04-01,EME,1
2026-04-01,EXPE,6
2026-04-01,FFIV,2
2026-04-01,FIX,5
2026-04-01,FNV,2
2026-04-01,FSLR,3
2026-04-01,GAU,1
2026-04-01,GOOGL,78
2026-04-01,GRMN,17
2026-04-01,INCY,2
2026-04-01,ISRG,4
2026-04-01,IVZ,54
2026-04-01,LULU,11
2026-04-01,MA,47
2026-04-01,MAS,4
2026-04-01,META,55
2026-04-01,RMD,0
2026-04-01,ROP,4
2026-04-01,SCHW,16
2026-04-01,UHS,1
2026-04-02,AAPL,50
2026-04-02,ABBV,9
2026-04-02,ACN,6
2026-04-02,ADBE,165
2026-04-02,ADP,10
2026-04-02,AEM,1
2026-04-02,AMAT,7
2026-04-02,AMD,28
2026-04-02,AMZN,99
2026-04-02,ANET,6
2026-04-02,AOS,2
2026-04-02,APH,1
2026-04-02,APP,2
2026-04-02,APTV,7
2026-04-02,ARKK,2
2026-04-02,ATI,3
2026-04-02,AVGO,26
2026-04-02,B,1
2026-04-02,BBY,3
2026-04-02,BHP,1
2026-04-02,BKR,12
2026-04-02,BSX,7
2026-04-02,BXC,1
2026-04-02,CBOE,6
2026-04-02,CL,8
2026-04-02,CMI,19
2026-04-02,COR,2
2026-04-02,COST,184
2026-04-02,CRM,9
2026-04-02,CSCO,13
2026-04-02,CTVA,1
2026-04-02,CVS,5
2026-04-02,DAL,27
2026-04-02,DASH,33
2026-04-02,DDOG,6
2026-04-02,DECK,3
2026-04-02,DELL,15
2026-04-02,DG,4
2026-04-02,DHI,4
2026-04-02,DIS,13
2026-04-02,DXCM,1
2026-04-02,EBAY,4
2026-04-02,EEM,1
2026-04-02,EFX,3
2026-04-02,EME,0
2026-04-02,EPAM,1
2026-04-02,EXPE,4
2026-04-02,FFIV,2
2026-04-02,FIX,4
2026-04-02,FNV,2
2026-04-02,FSLR,3
2026-04-02,GAU,1
2026-04-02,GOLD,1
2026-04-02,GOOGL,73
2026-04-02,GRMN,4
2026-04-02,INCY,0
2026-04-02,ISRG,1
2026-04-02,IVZ,37
2026-04-02,LULU,5
2026-04-02,MA,26
2026-04-02,MAS,4
2026-04-02,META,28
2026-04-02,RMD,0
2026-04-02,ROP,0
2026-04-02,SCHW,6
2026-04-02,UHS,1
2026-04-03,AAPL,22
2026-04-03,ABBV,3
2026-04-03,ADBE,152
2026-04-03,ADP,2
2026-04-03,AMAT,3
2026-04-03,AMD,11
2026-04-03,AMZN,40
2026-04-03,ANET,5
2026-04-03,APH,1
2026-04-03,APP,3
2026-04-03,ARKK,13
2026-04-03,ATI,2
2026-04-03,AVGO,13
2026-04-03,B,1
2026-04-03,BBY,3
2026-04-03,BHP,1
2026-04-03,BKR,10
2026-04-03,BSX,8
2026-04-03,CBOE,3
2026-04-03,CL,1
2026-04-03,CMI,18
2026-04-03,COST,423
2026-04-03,CRM,5
2026-04-03,CSCO,4
2026-04-03,CTVA,1
2026-04-03,CVS,1
2026-04-03,DAL,4
2026-04-03,DASH,370
2026-04-03,DDOG,1
2026-04-03,DELL,3
2026-04-03,DG,2
2026-04-03,DHI,2
2026-04-03,DIS,3
2026-04-03,DXCM,1
2026-04-03,EEM,2
2026-04-03,EFX,1
2026-04-03,EME,0
2026-04-03,EXPE,2
2026-04-03,FIX,4
2026-04-03,FSLR,2
2026-04-03,GOOGL,45
2026-04-03,GRMN,11
2026-04-03,INCY,1
2026-04-03,ISRG,2
2026-04-03,IVZ,26
2026-04-03,LULU,8
2026-04-03,MA,27
2026-04-03,MAS,1
2026-04-03,META,36
2026-04-03,RMD,0
2026-04-03,ROP,0
2026-04-03,SCHW,5
2026-04-03,UHS,2
2026-04-04,ADBE,11
2026-04-04,AMZN,1
2026-04-04,APH,0
2026-04-04,APP,0
2026-04-04,ARKK,2
2026-04-04,BKR,1
2026-04-04,BSX,0
2026-04-04,CL,1
2026-04-04,CMI,1
2026-04-04,COST,14
2026-04-04,DASH,1
2026-04-04,EME,0
2026-04-04,GOOGL,1
2026-04-04,GRMN,3
2026-04-04,INCY,0
2026-04-04,ISRG,0
2026-04-04,IVZ,4
2026-04-04,LULU,0
2026-04-04,MA,4
2026-04-04,MAS,0
2026-04-04,META,1
2026-04-04,RMD,0
2026-04-04,ROP,0
2026-04-04,SCHW,1
2026-04-04,UHS,0