date,ticker,value
2025-01-19,AAPL,12925
2025-01-20,AAPL,14496
2025-01-21,AAPL,11174
2025-01-22,AAPL,10218
2025-01-23,AAPL,10928
2025-01-24,AAPL,10203
2025-01-25,AAPL,10915
2025-01-26,AAPL,11715
2025-01-27,AAPL,10667
2025-01-28,AAPL,9909
2025-01-29,AAPL,9693
2025-01-30,AAPL,9153
2025-01-31,AAPL,9124
2025-02-01,AAPL,7586
2025-02-02,AAPL,7964
2025-02-03,AAPL,8955
2025-02-04,AAPL,8708
2025-02-05,AAPL,8905
2025-02-06,AAPL,9155
2025-02-07,AAPL,10212
2025-02-08,AAPL,10113
2025-02-09,AAPL,8730
2025-02-10,AAPL,9360
2025-02-11,AAPL,9866
2025-02-12,AAPL,10599
2025-02-13,AAPL,12184
2025-02-14,AAPL,12207
2025-02-15,AAPL,14819
2025-02-16,AAPL,13449
2025-02-17,AAPL,10359
2025-02-18,AAPL,8460
2025-02-19,AAPL,9371
2025-02-20,AAPL,10019
2025-02-21,AAPL,10819
2025-02-22,AAPL,18772
2025-02-23,AAPL,15801
2025-02-24,AAPL,14059
2025-02-25,AAPL,12162
2025-02-26,AAPL,11703
2025-02-27,AAPL,10429
2025-02-28,AAPL,9619
2025-03-01,AAPL,8365
2025-03-02,AAPL,9348
2025-03-03,AAPL,9340
2025-03-04,AAPL,12763
2025-03-05,AAPL,12198
2025-03-06,AAPL,13160
2025-03-07,AAPL,15356
2025-03-08,AAPL,11669
2025-03-09,AAPL,11643
2025-03-10,AAPL,10918
2025-03-11,AAPL,9639
2025-03-12,AAPL,8707
2025-03-13,AAPL,9878
2025-03-14,AAPL,8099
2025-03-15,AAPL,7075
2025-03-16,AAPL,7428
2025-03-17,AAPL,8457
2025-03-18,AAPL,9208
2025-03-19,AAPL,8978
2025-03-20,AAPL,8736
2025-03-21,AAPL,8051
2025-03-22,AAPL,7350
2025-03-23,AAPL,7095
2025-03-24,AAPL,7774
2025-03-25,AAPL,8572
2025-03-26,AAPL,8268
2025-03-27,AAPL,8043
2025-03-28,AAPL,7842
2025-03-29,AAPL,6708
2025-03-30,AAPL,6654
2025-03-31,AAPL,7564
2025-04-01,AAPL,8736
2025-04-02,AAPL,8074
2025-04-03,AAPL,8584
2025-04-04,AAPL,8904
2025-04-05,AAPL,7367
2025-04-06,AAPL,7252
2025-04-07,AAPL,8903
2025-04-08,AAPL,9447
2025-04-09,AAPL,9956
2025-04-10,AAPL,9147
2025-04-11,AAPL,11766
2025-04-12,AAPL,8767
2025-04-13,AAPL,9236
2025-04-14,AAPL,9419
2025-04-15,AAPL,9270
2025-04-16,AAPL,9259
2025-04-17,AAPL,8544
2025-04-18,AAPL,8197
2025-04-19,AAPL,7806
2025-04-20,AAPL,7349
2025-04-21,AAPL,7827
2025-04-22,AAPL,8748
2025-04-23,AAPL,8937
2025-04-24,AAPL,8428
2025-04-25,AAPL,8210
2025-04-26,AAPL,8092
2025-04-27,AAPL,7877
2025-04-28,AAPL,9305
2025-04-29,AAPL,8264
2025-04-30,AAPL,8296
2025-05-01,AAPL,8764
2025-05-02,AAPL,8466
2025-05-03,AAPL,9545
2025-05-04,AAPL,8509
2025-05-05,AAPL,10438
2025-05-06,AAPL,9923
2025-05-07,AAPL,7239
2025-05-08,AAPL,6874
2025-05-09,AAPL,6600
2025-05-10,AAPL,5472
2025-05-11,AAPL,5547
2025-05-12,AAPL,6638
2025-05-13,AAPL,7440
2025-05-14,AAPL,7270
2025-05-15,AAPL,8739
2025-05-16,AAPL,16335
2025-05-17,AAPL,6538
2025-05-18,AAPL,6067
2025-05-19,AAPL,6800
2025-05-20,AAPL,7138
2025-05-21,AAPL,7133
2025-05-22,AAPL,6942
2025-05-23,AAPL,9478
2025-05-24,AAPL,7429
2025-05-25,AAPL,6639
2025-05-26,AAPL,7060
2025-05-27,AAPL,6935
2025-05-28,AAPL,7053
2025-05-29,AAPL,6926
2025-05-30,AAPL,6666
2025-05-31,AAPL,5571
2025-06-01,AAPL,5491
2025-06-02,AAPL,6331
2025-06-03,AAPL,6560
2025-06-04,AAPL,6407
2025-06-05,AAPL,6139
2025-06-06,AAPL,5998
2025-06-07,AAPL,5204
2025-06-08,AAPL,5922
2025-06-09,AAPL,8067
2025-06-10,AAPL,13455
2025-06-11,AAPL,7772
2025-06-12,AAPL,7265
2025-06-13,AAPL,6182
2025-06-14,AAPL,5866
2025-06-15,AAPL,5308
2025-06-16,AAPL,6506
2025-06-17,AAPL,6669
2025-06-18,AAPL,6430
2025-06-19,AAPL,6299
2025-06-20,AAPL,5662
2025-06-21,AAPL,5706
2025-06-22,AAPL,5498
2025-06-23,AAPL,6112
2025-06-24,AAPL,6028
2025-06-25,AAPL,6277
2025-06-26,AAPL,6479
2025-06-27,AAPL,6156
2025-06-28,AAPL,5675
2025-06-29,AAPL,5729
2025-06-30,AAPL,6202
2025-07-01,AAPL,6119
2025-07-02,AAPL,6120
2025-07-03,AAPL,5903
2025-07-04,AAPL,5229
2025-07-05,AAPL,5074
2025-07-06,AAPL,5110
2025-07-07,AAPL,6177
2025-07-08,AAPL,6944
2025-07-09,AAPL,9864
2025-07-10,AAPL,9726
2025-07-11,AAPL,8107
2025-07-12,AAPL,6617
2025-07-13,AAPL,6187
2025-07-14,AAPL,6992
2025-07-15,AAPL,6708
2025-07-16,AAPL,6583
2025-07-17,AAPL,6209
2025-07-18,AAPL,5832
2025-07-19,AAPL,5556
2025-07-20,AAPL,5643
2025-07-21,AAPL,6343
2025-07-22,AAPL,6363
2025-07-23,AAPL,6341
2025-07-24,AAPL,6293
2025-07-25,AAPL,6117
2025-07-26,AAPL,5713
2025-07-27,AAPL,5768
2025-07-28,AAPL,6378
2025-07-29,AAPL,6746
2025-07-30,AAPL,6754
2025-07-31,AAPL,6793
2025-08-01,AAPL,6815
2025-08-02,AAPL,5717
2025-08-03,AAPL,5877
2025-08-04,AAPL,6875
2025-08-05,AAPL,7093
2025-08-06,AAPL,7926
2025-08-07,AAPL,9206
2025-08-08,AAPL,7632
2025-08-09,AAPL,6035
2025-08-10,AAPL,6064
2025-08-11,AAPL,7301
2025-08-12,AAPL,7254
2025-08-13,AAPL,6873
2025-08-14,AAPL,6393
2025-08-15,AAPL,6316
2025-08-16,AAPL,5609
2025-08-17,AAPL,5554
2025-08-18,AAPL,6897
2025-08-19,AAPL,7244
2025-08-20,AAPL,7051
2025-08-21,AAPL,8379
2025-08-22,AAPL,7109
2025-08-23,AAPL,5663
2025-08-24,AAPL,5779
2025-08-25,AAPL,6845
2025-08-26,AAPL,7172
2025-08-27,AAPL,7385
2025-08-28,AAPL,7085
2025-08-29,AAPL,6470
2025-08-30,AAPL,5483
2025-08-31,AAPL,5619
2025-09-01,AAPL,6207
2025-09-02,AAPL,6883
2025-09-03,AAPL,7261
2025-09-04,AAPL,7330
2025-09-05,AAPL,7138
2025-09-06,AAPL,6058
2025-09-07,AAPL,6174
2025-09-08,AAPL,7728
2025-09-09,AAPL,13677
2025-09-10,AAPL,14430
2025-09-11,AAPL,11203
2025-09-12,AAPL,10187
2025-09-13,AAPL,7849
2025-09-14,AAPL,7878
2025-09-15,AAPL,9241
2025-09-16,AAPL,9534
2025-09-17,AAPL,9170
2025-09-18,AAPL,8881
2025-09-19,AAPL,9268
2025-09-20,AAPL,8010
2025-09-21,AAPL,8584
2025-09-22,AAPL,8960
2025-09-23,AAPL,9277
2025-09-24,AAPL,8736
2025-09-25,AAPL,8277
2025-09-26,AAPL,7874
2025-09-27,AAPL,7147
2025-09-28,AAPL,6895
2025-09-29,AAPL,8234
2025-09-30,AAPL,7679
2025-10-01,AAPL,7123
2025-10-02,AAPL,7736
2025-10-03,AAPL,8072
2025-10-04,AAPL,6494
2025-10-05,AAPL,6860
2025-10-06,AAPL,8196
2025-10-07,AAPL,8006
2025-10-08,AAPL,8305
2025-10-09,AAPL,8420
2025-10-10,AAPL,6962
2025-10-11,AAPL,6263
2025-10-12,AAPL,6509
2025-10-13,AAPL,8009
2025-10-14,AAPL,8365
2025-10-15,AAPL,7690
2025-10-16,AAPL,7492
2025-10-17,AAPL,7083
2025-10-18,AAPL,5761
2025-10-19,AAPL,5901
2025-10-20,AAPL,6734
2025-10-21,AAPL,7167
2025-10-22,AAPL,7286
2025-10-23,AAPL,7111
2025-10-24,AAPL,6787
2025-10-25,AAPL,5636
2025-10-26,AAPL,6002
2025-10-27,AAPL,6905
2025-10-28,AAPL,7385
2025-10-29,AAPL,7767
2025-10-30,AAPL,7264
2025-10-31,AAPL,6865
2025-11-01,AAPL,5747
2025-11-02,AAPL,5723
2025-11-03,AAPL,6728
2025-11-04,AAPL,6638
2025-11-05,AAPL,6623
2025-11-06,AAPL,6805
2025-11-07,AAPL,6412
2025-11-08,AAPL,5411
2025-11-09,AAPL,5592
2025-11-10,AAPL,6309
2025-11-11,AAPL,6161
2025-11-12,AAPL,6974
2025-11-13,AAPL,6580
2025-11-14,AAPL,6535
2025-11-15,AAPL,5863
2025-11-16,AAPL,6204
2025-11-17,AAPL,6988
2025-11-18,AAPL,6754
2025-11-19,AAPL,6684
2025-11-20,AAPL,6885
2025-11-21,AAPL,6271
2025-11-22,AAPL,5578
2025-11-23,AAPL,5715
2025-11-24,AAPL,6437
2025-11-25,AAPL,6416
2025-11-26,AAPL,6135
2025-11-27,AAPL,5872
2025-11-28,AAPL,5766
2025-11-29,AAPL,5274
2025-11-30,AAPL,5410
2025-12-01,AAPL,6207
2025-12-02,AAPL,6372
2025-12-03,AAPL,6362
2025-12-04,AAPL,6510
2025-12-05,AAPL,6538
2025-12-06,AAPL,5760
2025-12-07,AAPL,5915
2025-12-08,AAPL,6518
2025-12-09,AAPL,6648
2025-12-10,AAPL,7085
2025-12-11,AAPL,6914
2025-12-12,AAPL,6204
2025-12-13,AAPL,5926
2025-12-14,AAPL,5298
2025-12-15,AAPL,6076
2025-12-16,AAPL,6084
2025-12-17,AAPL,5713
2025-12-18,AAPL,5916
2025-12-19,AAPL,5430
2025-12-20,AAPL,4589
2025-12-21,AAPL,4753
2025-12-22,AAPL,5225
2025-12-23,AAPL,4928
2025-12-24,AAPL,4752
2025-12-25,AAPL,4893
2025-12-26,AAPL,5146
2025-12-27,AAPL,4813
2025-12-28,AAPL,4720
2025-12-29,AAPL,5333
2025-12-30,AAPL,5072
2025-12-31,AAPL,4849
2026-01-01,AAPL,4746
2026-01-02,AAPL,5278
2026-01-03,AAPL,5114
2026-01-04,AAPL,5136
2026-01-05,AAPL,5465
2026-01-06,AAPL,5944
2026-01-07,AAPL,6174
2026-01-08,AAPL,6264
2026-01-09,AAPL,6263
2026-01-10,AAPL,5330
2026-01-11,AAPL,5782
2026-01-12,AAPL,6574
2026-01-13,AAPL,6928
2026-01-14,AAPL,7023
2026-01-15,AAPL,6363
2026-01-16,AAPL,6146
2026-01-17,AAPL,4924
2026-01-18,AAPL,5273
2026-01-19,AAPL,6083
2026-01-20,AAPL,7140
2026-01-21,AAPL,6955
2026-01-22,AAPL,6437
2026-01-23,AAPL,6552
2026-01-24,AAPL,5367
2026-01-25,AAPL,5458
2026-01-26,AAPL,6056
2026-01-27,AAPL,6522
2026-01-28,AAPL,6501
2026-01-29,AAPL,6979
2026-01-30,AAPL,6525
2026-01-31,AAPL,5437
2026-02-01,AAPL,5228
2026-02-02,AAPL,6040
2026-02-03,AAPL,6335
2026-02-04,AAPL,7039
2026-02-05,AAPL,7171
2026-02-06,AAPL,6351
2026-02-07,AAPL,5307
2026-02-08,AAPL,5669
2026-02-09,AAPL,6458
2026-02-10,AAPL,6480
2026-02-11,AAPL,6141
2026-02-12,AAPL,6146
2026-02-13,AAPL,5772
2026-02-14,AAPL,4634
2026-02-15,AAPL,5110
2026-02-16,AAPL,5803
2026-02-17,AAPL,5742
2026-02-18,AAPL,5880
2026-02-19,AAPL,6357
2026-02-20,AAPL,5998
2026-02-21,AAPL,5398
2026-02-22,AAPL,5475
2026-02-23,AAPL,6422
2026-02-24,AAPL,6548
2026-02-25,AAPL,6278
2026-02-26,AAPL,6955
2026-02-27,AAPL,6311
2026-02-28,AAPL,4827
2026-03-01,AAPL,5053
2026-03-02,AAPL,6219
2026-03-03,AAPL,6667
2026-03-04,AAPL,6938
2026-03-05,AAPL,6523
2026-03-06,AAPL,5910
2026-03-07,AAPL,5060
2026-03-08,AAPL,5764
2026-03-09,AAPL,6673
2026-03-10,AAPL,6464
2026-03-11,AAPL,6448
2026-03-12,AAPL,7697
2026-03-13,AAPL,7315
2026-03-14,AAPL,5829
2026-03-15,AAPL,5998
2026-03-16,AAPL,7102
2026-03-17,AAPL,6936
2026-03-18,AAPL,6962
2026-03-19,AAPL,6561
2026-03-20,AAPL,6920
2026-03-21,AAPL,5560
2026-03-22,AAPL,5846
2026-03-23,AAPL,6755
2026-03-24,AAPL,6917
2025-01-19,AMD,281
2025-01-20,AMD,246
2025-01-21,AMD,319
2025-01-22,AMD,274
2025-01-23,AMD,270
2025-01-24,AMD,310
2025-01-25,AMD,258
2025-01-26,AMD,298
2025-01-27,AMD,471
2025-01-28,AMD,633
2025-01-29,AMD,486
2025-01-30,AMD,401
2025-01-31,AMD,322
2025-02-01,AMD,310
2025-02-02,AMD,338
2025-02-03,AMD,272
2025-02-04,AMD,309
2025-02-05,AMD,311
2025-02-06,AMD,267
2025-02-07,AMD,250
2025-02-08,AMD,213
2025-02-09,AMD,229
2025-02-10,AMD,264
2025-02-11,AMD,256
2025-02-12,AMD,228
2025-02-13,AMD,243
2025-02-14,AMD,223
2025-02-15,AMD,232
2025-02-16,AMD,261
2025-02-17,AMD,240
2025-02-18,AMD,249
2025-02-19,AMD,280
2025-02-20,AMD,243
2025-02-21,AMD,266
2025-02-22,AMD,254
2025-02-23,AMD,206
2025-02-24,AMD,239
2025-02-25,AMD,244
2025-02-26,AMD,343
2025-02-27,AMD,292
2025-02-28,AMD,289
2025-03-01,AMD,292
2025-03-02,AMD,371
2025-03-03,AMD,344
2025-03-04,AMD,345
2025-03-05,AMD,372
2025-03-06,AMD,363
2025-03-07,AMD,336
2025-03-08,AMD,286
2025-03-09,AMD,247
2025-03-10,AMD,280
2025-03-11,AMD,369
2025-03-12,AMD,315
2025-03-13,AMD,308
2025-03-14,AMD,238
2025-03-15,AMD,251
2025-03-16,AMD,266
2025-03-17,AMD,340
2025-03-18,AMD,328
2025-03-19,AMD,305
2025-03-20,AMD,300
2025-03-21,AMD,272
2025-03-22,AMD,263
2025-03-23,AMD,239
2025-03-24,AMD,245
2025-03-25,AMD,251
2025-03-26,AMD,263
2025-03-27,AMD,356
2025-03-28,AMD,315
2025-03-29,AMD,248
2025-03-30,AMD,286
2025-03-31,AMD,248
2025-04-01,AMD,235
2025-04-02,AMD,244
2025-04-03,AMD,280
2025-04-04,AMD,231
2025-04-05,AMD,223
2025-04-06,AMD,211
2025-04-07,AMD,233
2025-04-08,AMD,225
2025-04-09,AMD,200
2025-04-10,AMD,212
2025-04-11,AMD,235
2025-04-12,AMD,200
2025-04-13,AMD,215
2025-04-14,AMD,235
2025-04-15,AMD,231
2025-04-16,AMD,263
2025-04-17,AMD,288
2025-04-18,AMD,257
2025-04-19,AMD,206
2025-04-20,AMD,206
2025-04-21,AMD,200
2025-04-22,AMD,216
2025-04-23,AMD,226
2025-04-24,AMD,261
2025-04-25,AMD,252
2025-04-26,AMD,173
2025-04-27,AMD,214
2025-04-28,AMD,209
2025-04-29,AMD,171
2025-04-30,AMD,212
2025-05-01,AMD,209
2025-05-02,AMD,190
2025-05-03,AMD,201
2025-05-04,AMD,190
2025-05-05,AMD,184
2025-05-06,AMD,241
2025-05-07,AMD,222
2025-05-08,AMD,223
2025-05-09,AMD,401
2025-05-10,AMD,255
2025-05-11,AMD,208
2025-05-12,AMD,219
2025-05-13,AMD,250
2025-05-14,AMD,294
2025-05-15,AMD,268
2025-05-16,AMD,249
2025-05-17,AMD,195
2025-05-18,AMD,190
2025-05-19,AMD,235
2025-05-20,AMD,225
2025-05-21,AMD,215
2025-05-22,AMD,239
2025-05-23,AMD,221
2025-05-24,AMD,218
2025-05-25,AMD,211
2025-05-26,AMD,176
2025-05-27,AMD,195
2025-05-28,AMD,207
2025-05-29,AMD,232
2025-05-30,AMD,192
2025-05-31,AMD,174
2025-06-01,AMD,141
2025-06-02,AMD,196
2025-06-03,AMD,209
2025-06-04,AMD,176
2025-06-05,AMD,175
2025-06-06,AMD,172
2025-06-07,AMD,167
2025-06-08,AMD,142
2025-06-09,AMD,170
2025-06-10,AMD,183
2025-06-11,AMD,185
2025-06-12,AMD,172
2025-06-13,AMD,164
2025-06-14,AMD,155
2025-06-15,AMD,136
2025-06-16,AMD,188
2025-06-17,AMD,191
2025-06-18,AMD,188
2025-06-19,AMD,151
2025-06-20,AMD,199
2025-06-21,AMD,163
2025-06-22,AMD,200
2025-06-23,AMD,132
2025-06-24,AMD,171
2025-06-25,AMD,172
2025-06-26,AMD,179
2025-06-27,AMD,140
2025-06-28,AMD,134
2025-06-29,AMD,146
2025-06-30,AMD,168
2025-07-01,AMD,124
2025-07-02,AMD,179
2025-07-03,AMD,148
2025-07-04,AMD,252
2025-07-05,AMD,159
2025-07-06,AMD,182
2025-07-07,AMD,177
2025-07-08,AMD,183
2025-07-09,AMD,294
2025-07-10,AMD,484
2025-07-11,AMD,351
2025-07-12,AMD,223
2025-07-13,AMD,228
2025-07-14,AMD,229
2025-07-15,AMD,222
2025-07-16,AMD,265
2025-07-17,AMD,212
2025-07-18,AMD,232
2025-07-19,AMD,211
2025-07-20,AMD,192
2025-07-21,AMD,288
2025-07-22,AMD,265
2025-07-23,AMD,229
2025-07-24,AMD,321
2025-07-25,AMD,298
2025-07-26,AMD,237
2025-07-27,AMD,258
2025-07-28,AMD,277
2025-07-29,AMD,261
2025-07-30,AMD,273
2025-07-31,AMD,267
2025-08-01,AMD,272
2025-08-02,AMD,249
2025-08-03,AMD,230
2025-08-04,AMD,245
2025-08-05,AMD,290
2025-08-06,AMD,365
2025-08-07,AMD,335
2025-08-08,AMD,255
2025-08-09,AMD,266
2025-08-10,AMD,231
2025-08-11,AMD,420
2025-08-12,AMD,328
2025-08-13,AMD,267
2025-08-14,AMD,314
2025-08-15,AMD,264
2025-08-16,AMD,201
2025-08-17,AMD,239
2025-08-18,AMD,276
2025-08-19,AMD,276
2025-08-20,AMD,234
2025-08-21,AMD,247
2025-08-22,AMD,306
2025-08-23,AMD,285
2025-08-24,AMD,236
2025-08-25,AMD,269
2025-08-26,AMD,272
2025-08-27,AMD,293
2025-08-28,AMD,283
2025-08-29,AMD,227
2025-08-30,AMD,206
2025-08-31,AMD,247
2025-09-01,AMD,236
2025-09-02,AMD,238
2025-09-03,AMD,230
2025-09-04,AMD,284
2025-09-05,AMD,363
2025-09-06,AMD,383
2025-09-07,AMD,386
2025-09-08,AMD,308
2025-09-09,AMD,288
2025-09-10,AMD,243
2025-09-11,AMD,179
2025-09-12,AMD,197
2025-09-13,AMD,189
2025-09-14,AMD,190
2025-09-15,AMD,197
2025-09-16,AMD,211
2025-09-17,AMD,268
2025-09-18,AMD,332
2025-09-19,AMD,262
2025-09-20,AMD,271
2025-09-21,AMD,249
2025-09-22,AMD,197
2025-09-23,AMD,207
2025-09-24,AMD,150
2025-09-25,AMD,171
2025-09-26,AMD,162
2025-09-27,AMD,154
2025-09-28,AMD,152
2025-09-29,AMD,191
2025-09-30,AMD,189
2025-10-01,AMD,168
2025-10-02,AMD,157
2025-10-03,AMD,169
2025-10-04,AMD,177
2025-10-05,AMD,151
2025-10-06,AMD,302
2025-10-07,AMD,196
2025-10-08,AMD,240
2025-10-09,AMD,219
2025-10-10,AMD,182
2025-10-11,AMD,173
2025-10-12,AMD,246
2025-10-13,AMD,221
2025-10-14,AMD,194
2025-10-15,AMD,185
2025-10-16,AMD,200
2025-10-17,AMD,157
2025-10-18,AMD,146
2025-10-19,AMD,169
2025-10-20,AMD,144
2025-10-21,AMD,196
2025-10-22,AMD,156
2025-10-23,AMD,172
2025-10-24,AMD,157
2025-10-25,AMD,150
2025-10-26,AMD,140
2025-10-27,AMD,172
2025-10-28,AMD,163
2025-10-29,AMD,263
2025-10-30,AMD,228
2025-10-31,AMD,211
2025-11-01,AMD,207
2025-11-02,AMD,209
2025-11-03,AMD,196
2025-11-04,AMD,169
2025-11-05,AMD,199
2025-11-06,AMD,161
2025-11-07,AMD,149
2025-11-08,AMD,155
2025-11-09,AMD,157
2025-11-10,AMD,179
2025-11-11,AMD,159
2025-11-12,AMD,221
2025-11-13,AMD,170
2025-11-14,AMD,146
2025-11-15,AMD,146
2025-11-16,AMD,156
2025-11-17,AMD,184
2025-11-18,AMD,201
2025-11-19,AMD,203
2025-11-20,AMD,221
2025-11-21,AMD,200
2025-11-22,AMD,171
2025-11-23,AMD,172
2025-11-24,AMD,152
2025-11-25,AMD,182
2025-11-26,AMD,174
2025-11-27,AMD,193
2025-11-28,AMD,138
2025-11-29,AMD,119
2025-11-30,AMD,135
2025-12-01,AMD,185
2025-12-02,AMD,196
2025-12-03,AMD,191
2025-12-04,AMD,222
2025-12-05,AMD,197
2025-12-06,AMD,155
2025-12-07,AMD,165
2025-12-08,AMD,187
2025-12-09,AMD,185
2025-12-10,AMD,181
2025-12-11,AMD,152
2025-12-12,AMD,167
2025-12-13,AMD,141
2025-12-14,AMD,136
2025-12-15,AMD,147
2025-12-16,AMD,142
2025-12-17,AMD,150
2025-12-18,AMD,145
2025-12-19,AMD,161
2025-12-20,AMD,131
2025-12-21,AMD,151
2025-12-22,AMD,151
2025-12-23,AMD,127
2025-12-24,AMD,135
2025-12-25,AMD,120
2025-12-26,AMD,137
2025-12-27,AMD,138
2025-12-28,AMD,159
2025-12-29,AMD,171
2025-12-30,AMD,138
2025-12-31,AMD,150
2026-01-01,AMD,135
2026-01-02,AMD,172
2026-01-03,AMD,140
2026-01-04,AMD,163
2026-01-05,AMD,150
2026-01-06,AMD,207
2026-01-07,AMD,196
2026-01-08,AMD,161
2026-01-09,AMD,130
2026-01-10,AMD,137
2026-01-11,AMD,125
2026-01-12,AMD,165
2026-01-13,AMD,140
2026-01-14,AMD,134
2026-01-15,AMD,140
2026-01-16,AMD,160
2026-01-17,AMD,141
2026-01-18,AMD,134
2026-01-19,AMD,150
2026-01-20,AMD,153
2026-01-21,AMD,119
2026-01-22,AMD,169
2026-01-23,AMD,204
2026-01-24,AMD,131
2026-01-25,AMD,143
2026-01-26,AMD,148
2026-01-27,AMD,138
2026-01-28,AMD,131
2026-01-29,AMD,156
2026-01-30,AMD,156
2026-01-31,AMD,136
2026-02-01,AMD,122
2026-02-02,AMD,138
2026-02-03,AMD,183
2026-02-04,AMD,164
2026-02-05,AMD,151
2026-02-06,AMD,116
2026-02-07,AMD,138
2026-02-08,AMD,138
2026-02-09,AMD,125
2026-02-10,AMD,136
2026-02-11,AMD,123
2026-02-12,AMD,141
2026-02-13,AMD,133
2026-02-14,AMD,101
2026-02-15,AMD,116
2026-02-16,AMD,138
2026-02-17,AMD,154
2026-02-18,AMD,146
2026-02-19,AMD,123
2026-02-20,AMD,133
2026-02-21,AMD,110
2026-02-22,AMD,126
2026-02-23,AMD,143
2026-02-24,AMD,144
2026-02-25,AMD,136
2026-02-26,AMD,166
2026-02-27,AMD,120
2026-02-28,AMD,109
2026-03-01,AMD,91
2026-03-02,AMD,99
2026-03-03,AMD,147
2026-03-04,AMD,135
2026-03-05,AMD,111
2026-03-06,AMD,125
2026-03-07,AMD,104
2026-03-08,AMD,118
2026-03-09,AMD,101
2026-03-10,AMD,111
2026-03-11,AMD,120
2026-03-12,AMD,158
2026-03-13,AMD,105
2026-03-14,AMD,134
2026-03-15,AMD,128
2026-03-16,AMD,165
2026-03-17,AMD,186
2026-03-18,AMD,151
2026-03-19,AMD,165
2026-03-20,AMD,156
2026-03-21,AMD,146
2026-03-22,AMD,140
2026-03-23,AMD,166
2026-03-24,AMD,155
2025-01-19,AMZN,8816
2025-01-20,AMZN,11882
2025-01-21,AMZN,17894
2025-01-22,AMZN,18711
2025-01-23,AMZN,16743
2025-01-24,AMZN,13502
2025-01-25,AMZN,10422
2025-01-26,AMZN,11419
2025-01-27,AMZN,13272
2025-01-28,AMZN,12826
2025-01-29,AMZN,12705
2025-01-30,AMZN,12196
2025-01-31,AMZN,11620
2025-02-01,AMZN,9991
2025-02-02,AMZN,10108
2025-02-03,AMZN,11154
2025-02-04,AMZN,11754
2025-02-05,AMZN,11555
2025-02-06,AMZN,11301
2025-02-07,AMZN,9339
2025-02-08,AMZN,8688
2025-02-09,AMZN,9408
2025-02-10,AMZN,10688
2025-02-11,AMZN,9722
2025-02-12,AMZN,9669
2025-02-13,AMZN,9963
2025-02-14,AMZN,7745
2025-02-15,AMZN,8115
2025-02-16,AMZN,8224
2025-02-17,AMZN,9495
2025-02-18,AMZN,10354
2025-02-19,AMZN,9550
2025-02-20,AMZN,9642
2025-02-21,AMZN,9088
2025-02-22,AMZN,7781
2025-02-23,AMZN,8270
2025-02-24,AMZN,10626
2025-02-25,AMZN,9665
2025-02-26,AMZN,9808
2025-02-27,AMZN,9805
2025-02-28,AMZN,8484
2025-03-01,AMZN,7591
2025-03-02,AMZN,10449
2025-03-03,AMZN,9037
2025-03-04,AMZN,9430
2025-03-05,AMZN,9128
2025-03-06,AMZN,12083
2025-03-07,AMZN,11908
2025-03-08,AMZN,8436
2025-03-09,AMZN,8385
2025-03-10,AMZN,9968
2025-03-11,AMZN,13022
2025-03-12,AMZN,12639
2025-03-13,AMZN,9716
2025-03-14,AMZN,8546
2025-03-15,AMZN,7721
2025-03-16,AMZN,12113
2025-03-17,AMZN,12601
2025-03-18,AMZN,10952
2025-03-19,AMZN,9241
2025-03-20,AMZN,7789
2025-03-21,AMZN,9085
2025-03-22,AMZN,9256
2025-03-23,AMZN,8035
2025-03-24,AMZN,8182
2025-03-25,AMZN,8008
2025-03-26,AMZN,9652
2025-03-27,AMZN,10483
2025-03-28,AMZN,7973
2025-03-29,AMZN,6438
2025-03-30,AMZN,6905
2025-03-31,AMZN,8130
2025-04-01,AMZN,8161
2025-04-02,AMZN,8577
2025-04-03,AMZN,8655
2025-04-04,AMZN,7756
2025-04-05,AMZN,6380
2025-04-06,AMZN,6907
2025-04-07,AMZN,7986
2025-04-08,AMZN,7784
2025-04-09,AMZN,7528
2025-04-10,AMZN,8078
2025-04-11,AMZN,7044
2025-04-12,AMZN,6006
2025-04-13,AMZN,6319
2025-04-14,AMZN,8380
2025-04-15,AMZN,8608
2025-04-16,AMZN,8477
2025-04-17,AMZN,7675
2025-04-18,AMZN,7131
2025-04-19,AMZN,6513
2025-04-20,AMZN,6576
2025-04-21,AMZN,7248
2025-04-22,AMZN,7663
2025-04-23,AMZN,7544
2025-04-24,AMZN,7489
2025-04-25,AMZN,6973
2025-04-26,AMZN,5921
2025-04-27,AMZN,6173
2025-04-28,AMZN,7846
2025-04-29,AMZN,10233
2025-04-30,AMZN,8317
2025-05-01,AMZN,7045
2025-05-02,AMZN,6696
2025-05-03,AMZN,6033
2025-05-04,AMZN,6495
2025-05-05,AMZN,7133
2025-05-06,AMZN,7753
2025-05-07,AMZN,7353
2025-05-08,AMZN,7580
2025-05-09,AMZN,6840
2025-05-10,AMZN,5595
2025-05-11,AMZN,5825
2025-05-12,AMZN,7446
2025-05-13,AMZN,7832
2025-05-14,AMZN,9488
2025-05-15,AMZN,7637
2025-05-16,AMZN,7365
2025-05-17,AMZN,5946
2025-05-18,AMZN,6070
2025-05-19,AMZN,8166
2025-05-20,AMZN,7452
2025-05-21,AMZN,7530
2025-05-22,AMZN,7467
2025-05-23,AMZN,7828
2025-05-24,AMZN,6470
2025-05-25,AMZN,6464
2025-05-26,AMZN,7035
2025-05-27,AMZN,7257
2025-05-28,AMZN,7847
2025-05-29,AMZN,7780
2025-05-30,AMZN,7030
2025-05-31,AMZN,5579
2025-06-01,AMZN,5892
2025-06-02,AMZN,7029
2025-06-03,AMZN,7234
2025-06-04,AMZN,7099
2025-06-05,AMZN,6911
2025-06-06,AMZN,7009
2025-06-07,AMZN,5537
2025-06-08,AMZN,6067
2025-06-09,AMZN,7354
2025-06-10,AMZN,6881
2025-06-11,AMZN,6636
2025-06-12,AMZN,6934
2025-06-13,AMZN,6147
2025-06-14,AMZN,5553
2025-06-15,AMZN,5805
2025-06-16,AMZN,7057
2025-06-17,AMZN,6949
2025-06-18,AMZN,7128
2025-06-19,AMZN,6582
2025-06-20,AMZN,6216
2025-06-21,AMZN,5681
2025-06-22,AMZN,5810
2025-06-23,AMZN,7206
2025-06-24,AMZN,7635
2025-06-25,AMZN,8593
2025-06-26,AMZN,10367
2025-06-27,AMZN,12310
2025-06-28,AMZN,14172
2025-06-29,AMZN,11706
2025-06-30,AMZN,12524
2025-07-01,AMZN,11768
2025-07-02,AMZN,9144
2025-07-03,AMZN,8619
2025-07-04,AMZN,7261
2025-07-05,AMZN,6806
2025-07-06,AMZN,7271
2025-07-07,AMZN,8821
2025-07-08,AMZN,9652
2025-07-09,AMZN,9226
2025-07-10,AMZN,12633
2025-07-11,AMZN,11321
2025-07-12,AMZN,7047
2025-07-13,AMZN,6529
2025-07-14,AMZN,8315
2025-07-15,AMZN,7809
2025-07-16,AMZN,8362
2025-07-17,AMZN,7627
2025-07-18,AMZN,7362
2025-07-19,AMZN,6074
2025-07-20,AMZN,6378
2025-07-21,AMZN,10695
2025-07-22,AMZN,8851
2025-07-23,AMZN,8789
2025-07-24,AMZN,9145
2025-07-25,AMZN,7272
2025-07-26,AMZN,6452
2025-07-27,AMZN,6539
2025-07-28,AMZN,8147
2025-07-29,AMZN,8349
2025-07-30,AMZN,7932
2025-07-31,AMZN,8312
2025-08-01,AMZN,7348
2025-08-02,AMZN,6604
2025-08-03,AMZN,6532
2025-08-04,AMZN,8455
2025-08-05,AMZN,8633
2025-08-06,AMZN,8477
2025-08-07,AMZN,8832
2025-08-08,AMZN,8440
2025-08-09,AMZN,6845
2025-08-10,AMZN,7182
2025-08-11,AMZN,8455
2025-08-12,AMZN,8667
2025-08-13,AMZN,8156
2025-08-14,AMZN,7508
2025-08-15,AMZN,8160
2025-08-16,AMZN,6692
2025-08-17,AMZN,6899
2025-08-18,AMZN,7971
2025-08-19,AMZN,8206
2025-08-20,AMZN,7940
2025-08-21,AMZN,7516
2025-08-22,AMZN,7078
2025-08-23,AMZN,6235
2025-08-24,AMZN,6945
2025-08-25,AMZN,7747
2025-08-26,AMZN,7683
2025-08-27,AMZN,7523
2025-08-28,AMZN,8238
2025-08-29,AMZN,7947
2025-08-30,AMZN,6808
2025-08-31,AMZN,6635
2025-09-01,AMZN,7881
2025-09-02,AMZN,8324
2025-09-03,AMZN,8185
2025-09-04,AMZN,7655
2025-09-05,AMZN,7145
2025-09-06,AMZN,6356
2025-09-07,AMZN,6738
2025-09-08,AMZN,8366
2025-09-09,AMZN,8318
2025-09-10,AMZN,7593
2025-09-11,AMZN,7508
2025-09-12,AMZN,7223
2025-09-13,AMZN,5720
2025-09-14,AMZN,6298
2025-09-15,AMZN,7791
2025-09-16,AMZN,7854
2025-09-17,AMZN,7777
2025-09-18,AMZN,7703
2025-09-19,AMZN,7246
2025-09-20,AMZN,5993
2025-09-21,AMZN,6466
2025-09-22,AMZN,8060
2025-09-23,AMZN,7949
2025-09-24,AMZN,7609
2025-09-25,AMZN,7835
2025-09-26,AMZN,6935
2025-09-27,AMZN,6083
2025-09-28,AMZN,6100
2025-09-29,AMZN,6856
2025-09-30,AMZN,6953
2025-10-01,AMZN,6291
2025-10-02,AMZN,6743
2025-10-03,AMZN,6604
2025-10-04,AMZN,5986
2025-10-05,AMZN,6412
2025-10-06,AMZN,6973
2025-10-07,AMZN,6881
2025-10-08,AMZN,6817
2025-10-09,AMZN,6791
2025-10-10,AMZN,6389
2025-10-11,AMZN,5970
2025-10-12,AMZN,6079
2025-10-13,AMZN,7115
2025-10-14,AMZN,6964
2025-10-15,AMZN,7535
2025-10-16,AMZN,7511
2025-10-17,AMZN,7870
2025-10-18,AMZN,5743
2025-10-19,AMZN,6209
2025-10-20,AMZN,11289
2025-10-21,AMZN,9485
2025-10-22,AMZN,9166
2025-10-23,AMZN,7954
2025-10-24,AMZN,7186
2025-10-25,AMZN,6285
2025-10-26,AMZN,6495
2025-10-27,AMZN,9484
2025-10-28,AMZN,13514
2025-10-29,AMZN,10919
2025-10-30,AMZN,9726
2025-10-31,AMZN,8001
2025-11-01,AMZN,6223
2025-11-02,AMZN,6794
2025-11-03,AMZN,8086
2025-11-04,AMZN,8377
2025-11-05,AMZN,7697
2025-11-06,AMZN,8059
2025-11-07,AMZN,6835
2025-11-08,AMZN,5858
2025-11-09,AMZN,5958
2025-11-10,AMZN,7533
2025-11-11,AMZN,7732
2025-11-12,AMZN,7787
2025-11-13,AMZN,7150
2025-11-14,AMZN,6841
2025-11-15,AMZN,6223
2025-11-16,AMZN,6887
2025-11-17,AMZN,8340
2025-11-18,AMZN,8725
2025-11-19,AMZN,7723
2025-11-20,AMZN,7532
2025-11-21,AMZN,7361
2025-11-22,AMZN,6225
2025-11-23,AMZN,6371
2025-11-24,AMZN,7933
2025-11-25,AMZN,7343
2025-11-26,AMZN,6925
2025-11-27,AMZN,6728
2025-11-28,AMZN,6447
2025-11-29,AMZN,5362
2025-11-30,AMZN,8333
2025-12-01,AMZN,8139
2025-12-02,AMZN,7263
2025-12-03,AMZN,7038
2025-12-04,AMZN,7147
2025-12-05,AMZN,7232
2025-12-06,AMZN,5889
2025-12-07,AMZN,6731
2025-12-08,AMZN,7185
2025-12-09,AMZN,7248
2025-12-10,AMZN,7626
2025-12-11,AMZN,7950
2025-12-12,AMZN,6807
2025-12-13,AMZN,5753
2025-12-14,AMZN,5866
2025-12-15,AMZN,7490
2025-12-16,AMZN,7423
2025-12-17,AMZN,7381
2025-12-18,AMZN,7044
2025-12-19,AMZN,6481
2025-12-20,AMZN,6622
2025-12-21,AMZN,6631
2025-12-22,AMZN,7057
2025-12-23,AMZN,7536
2025-12-24,AMZN,6775
2025-12-25,AMZN,6091
2025-12-26,AMZN,6695
2025-12-27,AMZN,6180
2025-12-28,AMZN,6400
2025-12-29,AMZN,7162
2025-12-30,AMZN,6572
2025-12-31,AMZN,6077
2026-01-01,AMZN,5468
2026-01-02,AMZN,6083
2026-01-03,AMZN,5911
2026-01-04,AMZN,6189
2026-01-05,AMZN,7067
2026-01-06,AMZN,7393
2026-01-07,AMZN,7516
2026-01-08,AMZN,7428
2026-01-09,AMZN,7162
2026-01-10,AMZN,5558
2026-01-11,AMZN,6524
2026-01-12,AMZN,6963
2026-01-13,AMZN,7423
2026-01-14,AMZN,7366
2026-01-15,AMZN,7442
2026-01-16,AMZN,6748
2026-01-17,AMZN,6132
2026-01-18,AMZN,9591
2026-01-19,AMZN,8759
2026-01-20,AMZN,9190
2026-01-21,AMZN,9302
2026-01-22,AMZN,7701
2026-01-23,AMZN,6971
2026-01-24,AMZN,5515
2026-01-25,AMZN,5932
2026-01-26,AMZN,6659
2026-01-27,AMZN,7310
2026-01-28,AMZN,10005
2026-01-29,AMZN,8768
2026-01-30,AMZN,7857
2026-01-31,AMZN,5923
2026-02-01,AMZN,6114
2026-02-02,AMZN,7682
2026-02-03,AMZN,7290
2026-02-04,AMZN,9627
2026-02-05,AMZN,10412
2026-02-06,AMZN,8181
2026-02-07,AMZN,6712
2026-02-08,AMZN,6606
2026-02-09,AMZN,8265
2026-02-10,AMZN,8075
2026-02-11,AMZN,7527
2026-02-12,AMZN,9768
2026-02-13,AMZN,8410
2026-02-14,AMZN,6072
2026-02-15,AMZN,6831
2026-02-16,AMZN,7731
2026-02-17,AMZN,8732
2026-02-18,AMZN,7796
2026-02-19,AMZN,9387
2026-02-20,AMZN,7831
2026-02-21,AMZN,6387
2026-02-22,AMZN,6579
2026-02-23,AMZN,9059
2026-02-24,AMZN,8065
2026-02-25,AMZN,9050
2026-02-26,AMZN,7903
2026-02-27,AMZN,9066
2026-02-28,AMZN,7276
2026-03-01,AMZN,7156
2026-03-02,AMZN,7373
2026-03-03,AMZN,8119
2026-03-04,AMZN,8216
2026-03-05,AMZN,8593
2026-03-06,AMZN,6296
2026-03-07,AMZN,5845
2026-03-08,AMZN,6021
2026-03-09,AMZN,8678
2026-03-10,AMZN,7917
2026-03-11,AMZN,7874
2026-03-12,AMZN,9072
2026-03-13,AMZN,6371
2026-03-14,AMZN,5358
2026-03-15,AMZN,5550
2026-03-16,AMZN,6773
2026-03-17,AMZN,7121
2026-03-18,AMZN,6620
2026-03-19,AMZN,8275
2026-03-20,AMZN,5556
2026-03-21,AMZN,4685
2026-03-22,AMZN,5155
2026-03-23,AMZN,7006
2026-03-24,AMZN,9134
2025-01-19,ANET,219
2025-01-20,ANET,278
2025-01-21,ANET,362
2025-01-22,ANET,568
2025-01-23,ANET,610
2025-01-24,ANET,495
2025-01-25,ANET,286
2025-01-26,ANET,321
2025-01-27,ANET,1112
2025-01-28,ANET,939
2025-01-29,ANET,453
2025-01-30,ANET,487
2025-01-31,ANET,431
2025-02-01,ANET,270
2025-02-02,ANET,270
2025-02-03,ANET,437
2025-02-04,ANET,464
2025-02-05,ANET,453
2025-02-06,ANET,412
2025-02-07,ANET,391
2025-02-08,ANET,245
2025-02-09,ANET,220
2025-02-10,ANET,363
2025-02-11,ANET,473
2025-02-12,ANET,529
2025-02-13,ANET,467
2025-02-14,ANET,512
2025-02-15,ANET,466
2025-02-16,ANET,277
2025-02-17,ANET,344
2025-02-18,ANET,528
2025-02-19,ANET,686
2025-02-20,ANET,623
2025-02-21,ANET,388
2025-02-22,ANET,212
2025-02-23,ANET,188
2025-02-24,ANET,367
2025-02-25,ANET,395
2025-02-26,ANET,399
2025-02-27,ANET,417
2025-02-28,ANET,328
2025-03-01,ANET,181
2025-03-02,ANET,165
2025-03-03,ANET,326
2025-03-04,ANET,412
2025-03-05,ANET,325
2025-03-06,ANET,344
2025-03-07,ANET,356
2025-03-08,ANET,185
2025-03-09,ANET,232
2025-03-10,ANET,356
2025-03-11,ANET,345
2025-03-12,ANET,329
2025-03-13,ANET,321
2025-03-14,ANET,292
2025-03-15,ANET,195
2025-03-16,ANET,165
2025-03-17,ANET,290
2025-03-18,ANET,319
2025-03-19,ANET,290
2025-03-20,ANET,355
2025-03-21,ANET,284
2025-03-22,ANET,146
2025-03-23,ANET,175
2025-03-24,ANET,307
2025-03-25,ANET,302
2025-03-26,ANET,326
2025-03-27,ANET,267
2025-03-28,ANET,262
2025-03-29,ANET,150
2025-03-30,ANET,144
2025-03-31,ANET,234
2025-04-01,ANET,266
2025-04-02,ANET,290
2025-04-03,ANET,346
2025-04-04,ANET,353
2025-04-05,ANET,203
2025-04-06,ANET,172
2025-04-07,ANET,379
2025-04-08,ANET,378
2025-04-09,ANET,350
2025-04-10,ANET,315
2025-04-11,ANET,242
2025-04-12,ANET,243
2025-04-13,ANET,208
2025-04-14,ANET,274
2025-04-15,ANET,262
2025-04-16,ANET,271
2025-04-17,ANET,257
2025-04-18,ANET,194
2025-04-19,ANET,154
2025-04-20,ANET,142
2025-04-21,ANET,243
2025-04-22,ANET,256
2025-04-23,ANET,282
2025-04-24,ANET,294
2025-04-25,ANET,247
2025-04-26,ANET,164
2025-04-27,ANET,132
2025-04-28,ANET,257
2025-04-29,ANET,305
2025-04-30,ANET,221
2025-05-01,ANET,224
2025-05-02,ANET,239
2025-05-03,ANET,157
2025-05-04,ANET,165
2025-05-05,ANET,266
2025-05-06,ANET,386
2025-05-07,ANET,344
2025-05-08,ANET,314
2025-05-09,ANET,252
2025-05-10,ANET,132
2025-05-11,ANET,150
2025-05-12,ANET,322
2025-05-13,ANET,303
2025-05-14,ANET,324
2025-05-15,ANET,344
2025-05-16,ANET,337
2025-05-17,ANET,130
2025-05-18,ANET,146
2025-05-19,ANET,280
2025-05-20,ANET,279
2025-05-21,ANET,289
2025-05-22,ANET,272
2025-05-23,ANET,250
2025-05-24,ANET,148
2025-05-25,ANET,175
2025-05-26,ANET,204
2025-05-27,ANET,299
2025-05-28,ANET,368
2025-05-29,ANET,368
2025-05-30,ANET,271
2025-05-31,ANET,212
2025-06-01,ANET,166
2025-06-02,ANET,271
2025-06-03,ANET,310
2025-06-04,ANET,434
2025-06-05,ANET,587
2025-06-06,ANET,412
2025-06-07,ANET,232
2025-06-08,ANET,230
2025-06-09,ANET,324
2025-06-10,ANET,477
2025-06-11,ANET,402
2025-06-12,ANET,374
2025-06-13,ANET,298
2025-06-14,ANET,184
2025-06-15,ANET,202
2025-06-16,ANET,292
2025-06-17,ANET,377
2025-06-18,ANET,306
2025-06-19,ANET,226
2025-06-20,ANET,295
2025-06-21,ANET,166
2025-06-22,ANET,144
2025-06-23,ANET,284
2025-06-24,ANET,310
2025-06-25,ANET,276
2025-06-26,ANET,343
2025-06-27,ANET,287
2025-06-28,ANET,212
2025-06-29,ANET,170
2025-06-30,ANET,338
2025-07-01,ANET,329
2025-07-02,ANET,369
2025-07-03,ANET,374
2025-07-04,ANET,277
2025-07-05,ANET,147
2025-07-06,ANET,167
2025-07-07,ANET,274
2025-07-08,ANET,360
2025-07-09,ANET,281
2025-07-10,ANET,302
2025-07-11,ANET,268
2025-07-12,ANET,163
2025-07-13,ANET,190
2025-07-14,ANET,282
2025-07-15,ANET,308
2025-07-16,ANET,297
2025-07-17,ANET,309
2025-07-18,ANET,246
2025-07-19,ANET,163
2025-07-20,ANET,146
2025-07-21,ANET,313
2025-07-22,ANET,320
2025-07-23,ANET,281
2025-07-24,ANET,326
2025-07-25,ANET,257
2025-07-26,ANET,188
2025-07-27,ANET,171
2025-07-28,ANET,314
2025-07-29,ANET,293
2025-07-30,ANET,365
2025-07-31,ANET,323
2025-08-01,ANET,272
2025-08-02,ANET,227
2025-08-03,ANET,192
2025-08-04,ANET,348
2025-08-05,ANET,452
2025-08-06,ANET,1063
2025-08-07,ANET,706
2025-08-08,ANET,431
2025-08-09,ANET,226
2025-08-10,ANET,223
2025-08-11,ANET,469
2025-08-12,ANET,481
2025-08-13,ANET,422
2025-08-14,ANET,532
2025-08-15,ANET,472
2025-08-16,ANET,194
2025-08-17,ANET,197
2025-08-18,ANET,318
2025-08-19,ANET,338
2025-08-20,ANET,363
2025-08-21,ANET,319
2025-08-22,ANET,256
2025-08-23,ANET,152
2025-08-24,ANET,182
2025-08-25,ANET,315
2025-08-26,ANET,334
2025-08-27,ANET,328
2025-08-28,ANET,347
2025-08-29,ANET,256
2025-08-30,ANET,172
2025-08-31,ANET,157
2025-09-01,ANET,231
2025-09-02,ANET,264
2025-09-03,ANET,293
2025-09-04,ANET,269
2025-09-05,ANET,272
2025-09-06,ANET,210
2025-09-07,ANET,354
2025-09-08,ANET,351
2025-09-09,ANET,356
2025-09-10,ANET,401
2025-09-11,ANET,311
2025-09-12,ANET,394
2025-09-13,ANET,221
2025-09-14,ANET,204
2025-09-15,ANET,363
2025-09-16,ANET,341
2025-09-17,ANET,294
2025-09-18,ANET,301
2025-09-19,ANET,311
2025-09-20,ANET,175
2025-09-21,ANET,221
2025-09-22,ANET,312
2025-09-23,ANET,373
2025-09-24,ANET,339
2025-09-25,ANET,343
2025-09-26,ANET,299
2025-09-27,ANET,153
2025-09-28,ANET,153
2025-09-29,ANET,295
2025-09-30,ANET,300
2025-10-01,ANET,353
2025-10-02,ANET,811
2025-10-03,ANET,950
2025-10-04,ANET,609
2025-10-05,ANET,588
2025-10-06,ANET,937
2025-10-07,ANET,1051
2025-10-08,ANET,659
2025-10-09,ANET,687
2025-10-10,ANET,486
2025-10-11,ANET,323
2025-10-12,ANET,308
2025-10-13,ANET,425
2025-10-14,ANET,433
2025-10-15,ANET,436
2025-10-16,ANET,363
2025-10-17,ANET,296
2025-10-18,ANET,192
2025-10-19,ANET,240
2025-10-20,ANET,286
2025-10-21,ANET,332
2025-10-22,ANET,376
2025-10-23,ANET,388
2025-10-24,ANET,328
2025-10-25,ANET,205
2025-10-26,ANET,172
2025-10-27,ANET,283
2025-10-28,ANET,358
2025-10-29,ANET,336
2025-10-30,ANET,370
2025-10-31,ANET,321
2025-11-01,ANET,206
2025-11-02,ANET,222
2025-11-03,ANET,346
2025-11-04,ANET,439
2025-11-05,ANET,462
2025-11-06,ANET,427
2025-11-07,ANET,314
2025-11-08,ANET,190
2025-11-09,ANET,171
2025-11-10,ANET,268
2025-11-11,ANET,268
2025-11-12,ANET,267
2025-11-13,ANET,273
2025-11-14,ANET,242
2025-11-15,ANET,199
2025-11-16,ANET,207
2025-11-17,ANET,365
2025-11-18,ANET,386
2025-11-19,ANET,365
2025-11-20,ANET,316
2025-11-21,ANET,240
2025-11-22,ANET,160
2025-11-23,ANET,157
2025-11-24,ANET,259
2025-11-25,ANET,356
2025-11-26,ANET,263
2025-11-27,ANET,238
2025-11-28,ANET,223
2025-11-29,ANET,132
2025-11-30,ANET,169
2025-12-01,ANET,255
2025-12-02,ANET,387
2025-12-03,ANET,317
2025-12-04,ANET,781
2025-12-05,ANET,469
2025-12-06,ANET,378
2025-12-07,ANET,298
2025-12-08,ANET,452
2025-12-09,ANET,377
2025-12-10,ANET,376
2025-12-11,ANET,304
2025-12-12,ANET,286
2025-12-13,ANET,189
2025-12-14,ANET,183
2025-12-15,ANET,229
2025-12-16,ANET,272
2025-12-17,ANET,283
2025-12-18,ANET,286
2025-12-19,ANET,239
2025-12-20,ANET,145
2025-12-21,ANET,142
2025-12-22,ANET,213
2025-12-23,ANET,208
2025-12-24,ANET,187
2025-12-25,ANET,153
2025-12-26,ANET,409
2025-12-27,ANET,1246
2025-12-28,ANET,1891
2025-12-29,ANET,2438
2025-12-30,ANET,1201
2025-12-31,ANET,690
2026-01-01,ANET,384
2026-01-02,ANET,555
2026-01-03,ANET,582
2026-01-04,ANET,377
2026-01-05,ANET,471
2026-01-06,ANET,412
2026-01-07,ANET,360
2026-01-08,ANET,407
2026-01-09,ANET,359
2026-01-10,ANET,233
2026-01-11,ANET,196
2026-01-12,ANET,311
2026-01-13,ANET,327
2026-01-14,ANET,318
2026-01-15,ANET,330
2026-01-16,ANET,276
2026-01-17,ANET,192
2026-01-18,ANET,154
2026-01-19,ANET,227
2026-01-20,ANET,286
2026-01-21,ANET,279
2026-01-22,ANET,360
2026-01-23,ANET,295
2026-01-24,ANET,145
2026-01-25,ANET,163
2026-01-26,ANET,283
2026-01-27,ANET,309
2026-01-28,ANET,326
2026-01-29,ANET,322
2026-01-30,ANET,262
2026-01-31,ANET,188
2026-02-01,ANET,119
2026-02-02,ANET,212
2026-02-03,ANET,266
2026-02-04,ANET,294
2026-02-05,ANET,224
2026-02-06,ANET,245
2026-02-07,ANET,156
2026-02-08,ANET,165
2026-02-09,ANET,246
2026-02-10,ANET,269
2026-02-11,ANET,274
2026-02-12,ANET,376
2026-02-13,ANET,544
2026-02-14,ANET,430
2026-02-15,ANET,283
2026-02-16,ANET,304
2026-02-17,ANET,275
2026-02-18,ANET,302
2026-02-19,ANET,302
2026-02-20,ANET,241
2026-02-21,ANET,172
2026-02-22,ANET,180
2026-02-23,ANET,237
2026-02-24,ANET,304
2026-02-25,ANET,347
2026-02-26,ANET,340
2026-02-27,ANET,267
2026-02-28,ANET,263
2026-03-01,ANET,171
2026-03-02,ANET,284
2026-03-03,ANET,275
2026-03-04,ANET,281
2026-03-05,ANET,266
2026-03-06,ANET,263
2026-03-07,ANET,156
2026-03-08,ANET,166
2026-03-09,ANET,247
2026-03-10,ANET,245
2026-03-11,ANET,273
2026-03-12,ANET,254
2026-03-13,ANET,255
2026-03-14,ANET,192
2026-03-15,ANET,162
2026-03-16,ANET,211
2026-03-17,ANET,257
2026-03-18,ANET,255
2026-03-19,ANET,216
2026-03-20,ANET,221
2026-03-21,ANET,192
2026-03-22,ANET,142
2026-03-23,ANET,226
2026-03-24,ANET,213
2025-01-19,APP,351
2025-01-20,APP,401
2025-01-21,APP,586
2025-01-22,APP,759
2025-01-23,APP,703
2025-01-24,APP,550
2025-01-25,APP,348
2025-01-26,APP,337
2025-01-27,APP,512
2025-01-28,APP,524
2025-01-29,APP,533
2025-01-30,APP,543
2025-01-31,APP,474
2025-02-01,APP,283
2025-02-02,APP,295
2025-02-03,APP,438
2025-02-04,APP,698
2025-02-05,APP,578
2025-02-06,APP,525
2025-02-07,APP,563
2025-02-08,APP,574
2025-02-09,APP,632
2025-02-10,APP,793
2025-02-11,APP,836
2025-02-12,APP,2823
2025-02-13,APP,8774
2025-02-14,APP,2862
2025-02-15,APP,1213
2025-02-16,APP,866
2025-02-17,APP,1003
2025-02-18,APP,1073
2025-02-19,APP,961
2025-02-20,APP,967
2025-02-21,APP,803
2025-02-22,APP,422
2025-02-23,APP,399
2025-02-24,APP,522
2025-02-25,APP,576
2025-02-26,APP,1911
2025-02-27,APP,1592
2025-02-28,APP,838
2025-03-01,APP,434
2025-03-02,APP,471
2025-03-03,APP,855
2025-03-04,APP,609
2025-03-05,APP,612
2025-03-06,APP,1169
2025-03-07,APP,1074
2025-03-08,APP,648
2025-03-09,APP,417
2025-03-10,APP,893
2025-03-11,APP,815
2025-03-12,APP,811
2025-03-13,APP,748
2025-03-14,APP,619
2025-03-15,APP,354
2025-03-16,APP,285
2025-03-17,APP,512
2025-03-18,APP,507
2025-03-19,APP,542
2025-03-20,APP,450
2025-03-21,APP,373
2025-03-22,APP,253
2025-03-23,APP,282
2025-03-24,APP,458
2025-03-25,APP,427
2025-03-26,APP,354
2025-03-27,APP,985
2025-03-28,APP,1318
2025-03-29,APP,432
2025-03-30,APP,371
2025-03-31,APP,467
2025-04-01,APP,402
2025-04-02,APP,3351
2025-04-03,APP,3764
2025-04-04,APP,2485
2025-04-05,APP,754
2025-04-06,APP,456
2025-04-07,APP,816
2025-04-08,APP,609
2025-04-09,APP,498
2025-04-10,APP,495
2025-04-11,APP,484
2025-04-12,APP,288
2025-04-13,APP,256
2025-04-14,APP,438
2025-04-15,APP,388
2025-04-16,APP,352
2025-04-17,APP,316
2025-04-18,APP,252
2025-04-19,APP,581
2025-04-20,APP,293
2025-04-21,APP,345
2025-04-22,APP,351
2025-04-23,APP,414
2025-04-24,APP,388
2025-04-25,APP,384
2025-04-26,APP,247
2025-04-27,APP,228
2025-04-28,APP,390
2025-04-29,APP,361
2025-04-30,APP,557
2025-05-01,APP,323
2025-05-02,APP,396
2025-05-03,APP,430
2025-05-04,APP,463
2025-05-05,APP,574
2025-05-06,APP,559
2025-05-07,APP,1265
2025-05-08,APP,1506
2025-05-09,APP,640
2025-05-10,APP,317
2025-05-11,APP,261
2025-05-12,APP,474
2025-05-13,APP,594
2025-05-14,APP,618
2025-05-15,APP,447
2025-05-16,APP,426
2025-05-17,APP,256
2025-05-18,APP,234
2025-05-19,APP,451
2025-05-20,APP,419
2025-05-21,APP,459
2025-05-22,APP,361
2025-05-23,APP,345
2025-05-24,APP,242
2025-05-25,APP,230
2025-05-26,APP,239
2025-05-27,APP,404
2025-05-28,APP,412
2025-05-29,APP,424
2025-05-30,APP,291
2025-05-31,APP,235
2025-06-01,APP,221
2025-06-02,APP,369
2025-06-03,APP,409
2025-06-04,APP,621
2025-06-05,APP,521
2025-06-06,APP,572
2025-06-07,APP,485
2025-06-08,APP,419
2025-06-09,APP,715
2025-06-10,APP,646
2025-06-11,APP,391
2025-06-12,APP,420
2025-06-13,APP,277
2025-06-14,APP,187
2025-06-15,APP,263
2025-06-16,APP,289
2025-06-17,APP,345
2025-06-18,APP,376
2025-06-19,APP,282
2025-06-20,APP,401
2025-06-21,APP,331
2025-06-22,APP,289
2025-06-23,APP,375
2025-06-24,APP,406
2025-06-25,APP,387
2025-06-26,APP,393
2025-06-27,APP,338
2025-06-28,APP,208
2025-06-29,APP,258
2025-06-30,APP,449
2025-07-01,APP,420
2025-07-02,APP,358
2025-07-03,APP,334
2025-07-04,APP,311
2025-07-05,APP,224
2025-07-06,APP,238
2025-07-07,APP,357
2025-07-08,APP,342
2025-07-09,APP,361
2025-07-10,APP,377
2025-07-11,APP,311
2025-07-12,APP,214
2025-07-13,APP,199
2025-07-14,APP,624
2025-07-15,APP,1114
2025-07-16,APP,446
2025-07-17,APP,379
2025-07-18,APP,379
2025-07-19,APP,270
2025-07-20,APP,250
2025-07-21,APP,416
2025-07-22,APP,389
2025-07-23,APP,441
2025-07-24,APP,358
2025-07-25,APP,333
2025-07-26,APP,238
2025-07-27,APP,196
2025-07-28,APP,445
2025-07-29,APP,377
2025-07-30,APP,332
2025-07-31,APP,507
2025-08-01,APP,369
2025-08-02,APP,314
2025-08-03,APP,317
2025-08-04,APP,434
2025-08-05,APP,493
2025-08-06,APP,881
2025-08-07,APP,1241
2025-08-08,APP,776
2025-08-09,APP,374
2025-08-10,APP,461
2025-08-11,APP,698
2025-08-12,APP,840
2025-08-13,APP,540
2025-08-14,APP,358
2025-08-15,APP,332
2025-08-16,APP,239
2025-08-17,APP,217
2025-08-18,APP,314
2025-08-19,APP,357
2025-08-20,APP,319
2025-08-21,APP,296
2025-08-22,APP,547
2025-08-23,APP,326
2025-08-24,APP,257
2025-08-25,APP,432
2025-08-26,APP,514
2025-08-27,APP,356
2025-08-28,APP,355
2025-08-29,APP,308
2025-08-30,APP,249
2025-08-31,APP,173
2025-09-01,APP,280
2025-09-02,APP,295
2025-09-03,APP,370
2025-09-04,APP,402
2025-09-05,APP,883
2025-09-06,APP,1162
2025-09-07,APP,484
2025-09-08,APP,2191
2025-09-09,APP,1191
2025-09-10,APP,856
2025-09-11,APP,604
2025-09-12,APP,609
2025-09-13,APP,371
2025-09-14,APP,390
2025-09-15,APP,585
2025-09-16,APP,669
2025-09-17,APP,593
2025-09-18,APP,934
2025-09-19,APP,1244
2025-09-20,APP,587
2025-09-21,APP,519
2025-09-22,APP,775
2025-09-23,APP,790
2025-09-24,APP,798
2025-09-25,APP,679
2025-09-26,APP,833
2025-09-27,APP,565
2025-09-28,APP,500
2025-09-29,APP,1274
2025-09-30,APP,1143
2025-10-01,APP,792
2025-10-02,APP,1007
2025-10-03,APP,728
2025-10-04,APP,509
2025-10-05,APP,516
2025-10-06,APP,2098
2025-10-07,APP,2506
2025-10-08,APP,1057
2025-10-09,APP,751
2025-10-10,APP,660
2025-10-11,APP,345
2025-10-12,APP,346
2025-10-13,APP,470
2025-10-14,APP,570
2025-10-15,APP,644
2025-10-16,APP,503
2025-10-17,APP,503
2025-10-18,APP,344
2025-10-19,APP,374
2025-10-20,APP,695
2025-10-21,APP,662
2025-10-22,APP,505
2025-10-23,APP,420
2025-10-24,APP,479
2025-10-25,APP,309
2025-10-26,APP,364
2025-10-27,APP,487
2025-10-28,APP,650
2025-10-29,APP,438
2025-10-30,APP,401
2025-10-31,APP,478
2025-11-01,APP,285
2025-11-02,APP,364
2025-11-03,APP,540
2025-11-04,APP,472
2025-11-05,APP,643
2025-11-06,APP,870
2025-11-07,APP,540
2025-11-08,APP,342
2025-11-09,APP,279
2025-11-10,APP,585
2025-11-11,APP,603
2025-11-12,APP,519
2025-11-13,APP,389
2025-11-14,APP,368
2025-11-15,APP,264
2025-11-16,APP,291
2025-11-17,APP,437
2025-11-18,APP,595
2025-11-19,APP,557
2025-11-20,APP,535
2025-11-21,APP,472
2025-11-22,APP,286
2025-11-23,APP,312
2025-11-24,APP,401
2025-11-25,APP,474
2025-11-26,APP,446
2025-11-27,APP,373
2025-11-28,APP,360
2025-11-29,APP,247
2025-11-30,APP,249
2025-12-01,APP,419
2025-12-02,APP,480
2025-12-03,APP,459
2025-12-04,APP,443
2025-12-05,APP,502
2025-12-06,APP,320
2025-12-07,APP,316
2025-12-08,APP,464
2025-12-09,APP,497
2025-12-10,APP,430
2025-12-11,APP,450
2025-12-12,APP,344
2025-12-13,APP,250
2025-12-14,APP,195
2025-12-15,APP,308
2025-12-16,APP,405
2025-12-17,APP,337
2025-12-18,APP,349
2025-12-19,APP,345
2025-12-20,APP,270
2025-12-21,APP,248
2025-12-22,APP,380
2025-12-23,APP,359
2025-12-24,APP,301
2025-12-25,APP,304
2025-12-26,APP,350
2025-12-27,APP,285
2025-12-28,APP,249
2025-12-29,APP,335
2025-12-30,APP,389
2025-12-31,APP,449
2026-01-01,APP,284
2026-01-02,APP,505
2026-01-03,APP,326
2026-01-04,APP,299
2026-01-05,APP,436
2026-01-06,APP,427
2026-01-07,APP,385
2026-01-08,APP,386
2026-01-09,APP,381
2026-01-10,APP,249
2026-01-11,APP,290
2026-01-12,APP,403
2026-01-13,APP,419
2026-01-14,APP,567
2026-01-15,APP,463
2026-01-16,APP,377
2026-01-17,APP,301
2026-01-18,APP,405
2026-01-19,APP,381
2026-01-20,APP,816
2026-01-21,APP,576
2026-01-22,APP,512
2026-01-23,APP,379
2026-01-24,APP,309
2026-01-25,APP,319
2026-01-26,APP,446
2026-01-27,APP,411
2026-01-28,APP,467
2026-01-29,APP,360
2026-01-30,APP,526
2026-01-31,APP,364
2026-02-01,APP,295
2026-02-02,APP,415
2026-02-03,APP,398
2026-02-04,APP,794
2026-02-05,APP,631
2026-02-06,APP,449
2026-02-07,APP,322
2026-02-08,APP,308
2026-02-09,APP,783
2026-02-10,APP,623
2026-02-11,APP,849
2026-02-12,APP,1617
2026-02-13,APP,852
2026-02-14,APP,382
2026-02-15,APP,450
2026-02-16,APP,417
2026-02-17,APP,492
2026-02-18,APP,447
2026-02-19,APP,484
2026-02-20,APP,565
2026-02-21,APP,292
2026-02-22,APP,241
2026-02-23,APP,462
2026-02-24,APP,404
2026-02-25,APP,399
2026-02-26,APP,439
2026-02-27,APP,394
2026-02-28,APP,196
2026-03-01,APP,200
2026-03-02,APP,260
2026-03-03,APP,367
2026-03-04,APP,373
2026-03-05,APP,374
2026-03-06,APP,304
2026-03-07,APP,182
2026-03-08,APP,200
2026-03-09,APP,291
2026-03-10,APP,466
2026-03-11,APP,342
2026-03-12,APP,296
2026-03-13,APP,253
2026-03-14,APP,218
2026-03-15,APP,189
2026-03-16,APP,231
2026-03-17,APP,249
2026-03-18,APP,322
2026-03-19,APP,438
2026-03-20,APP,337
2026-03-21,APP,234
2026-03-22,APP,183
2026-03-23,APP,312
2026-03-24,APP,260
2025-01-19,AVGO,98
2025-01-20,AVGO,152
2025-01-21,AVGO,160
2025-01-22,AVGO,165
2025-01-23,AVGO,176
2025-01-24,AVGO,138
2025-01-25,AVGO,146
2025-01-26,AVGO,149
2025-01-27,AVGO,209
2025-01-28,AVGO,517
2025-01-29,AVGO,197
2025-01-30,AVGO,189
2025-01-31,AVGO,168
2025-02-01,AVGO,111
2025-02-02,AVGO,131
2025-02-03,AVGO,120
2025-02-04,AVGO,162
2025-02-05,AVGO,144
2025-02-06,AVGO,139
2025-02-07,AVGO,116
2025-02-08,AVGO,103
2025-02-09,AVGO,94
2025-02-10,AVGO,139
2025-02-11,AVGO,141
2025-02-12,AVGO,141
2025-02-13,AVGO,147
2025-02-14,AVGO,132
2025-02-15,AVGO,85
2025-02-16,AVGO,142
2025-02-17,AVGO,164
2025-02-18,AVGO,181
2025-02-19,AVGO,158
2025-02-20,AVGO,127
2025-02-21,AVGO,122
2025-02-22,AVGO,104
2025-02-23,AVGO,147
2025-02-24,AVGO,132
2025-02-25,AVGO,136
2025-02-26,AVGO,136
2025-02-27,AVGO,137
2025-02-28,AVGO,121
2025-03-01,AVGO,91
2025-03-02,AVGO,109
2025-03-03,AVGO,179
2025-03-04,AVGO,144
2025-03-05,AVGO,121
2025-03-06,AVGO,144
2025-03-07,AVGO,167
2025-03-08,AVGO,109
2025-03-09,AVGO,122
2025-03-10,AVGO,203
2025-03-11,AVGO,265
2025-03-12,AVGO,189
2025-03-13,AVGO,292
2025-03-14,AVGO,167
2025-03-15,AVGO,139
2025-03-16,AVGO,119
2025-03-17,AVGO,118
2025-03-18,AVGO,153
2025-03-19,AVGO,142
2025-03-20,AVGO,109
2025-03-21,AVGO,121
2025-03-22,AVGO,73
2025-03-23,AVGO,93
2025-03-24,AVGO,131
2025-03-25,AVGO,128
2025-03-26,AVGO,124
2025-03-27,AVGO,122
2025-03-28,AVGO,131
2025-03-29,AVGO,86
2025-03-30,AVGO,101
2025-03-31,AVGO,116
2025-04-01,AVGO,105
2025-04-02,AVGO,125
2025-04-03,AVGO,122
2025-04-04,AVGO,124
2025-04-05,AVGO,97
2025-04-06,AVGO,96
2025-04-07,AVGO,102
2025-04-08,AVGO,132
2025-04-09,AVGO,147
2025-04-10,AVGO,173
2025-04-11,AVGO,125
2025-04-12,AVGO,89
2025-04-13,AVGO,84
2025-04-14,AVGO,120
2025-04-15,AVGO,115
2025-04-16,AVGO,121
2025-04-17,AVGO,99
2025-04-18,AVGO,83
2025-04-19,AVGO,84
2025-04-20,AVGO,90
2025-04-21,AVGO,98
2025-04-22,AVGO,147
2025-04-23,AVGO,122
2025-04-24,AVGO,126
2025-04-25,AVGO,105
2025-04-26,AVGO,81
2025-04-27,AVGO,87
2025-04-28,AVGO,103
2025-04-29,AVGO,105
2025-04-30,AVGO,134
2025-05-01,AVGO,105
2025-05-02,AVGO,112
2025-05-03,AVGO,128
2025-05-04,AVGO,91
2025-05-05,AVGO,145
2025-05-06,AVGO,115
2025-05-07,AVGO,125
2025-05-08,AVGO,125
2025-05-09,AVGO,122
2025-05-10,AVGO,90
2025-05-11,AVGO,77
2025-05-12,AVGO,97
2025-05-13,AVGO,106
2025-05-14,AVGO,121
2025-05-15,AVGO,97
2025-05-16,AVGO,107
2025-05-17,AVGO,66
2025-05-18,AVGO,85
2025-05-19,AVGO,109
2025-05-20,AVGO,119
2025-05-21,AVGO,101
2025-05-22,AVGO,116
2025-05-23,AVGO,110
2025-05-24,AVGO,89
2025-05-25,AVGO,65
2025-05-26,AVGO,89
2025-05-27,AVGO,121
2025-05-28,AVGO,117
2025-05-29,AVGO,108
2025-05-30,AVGO,96
2025-05-31,AVGO,67
2025-06-01,AVGO,68
2025-06-02,AVGO,108
2025-06-03,AVGO,131
2025-06-04,AVGO,119
2025-06-05,AVGO,113
2025-06-06,AVGO,109
2025-06-07,AVGO,88
2025-06-08,AVGO,80
2025-06-09,AVGO,74
2025-06-10,AVGO,110
2025-06-11,AVGO,104
2025-06-12,AVGO,95
2025-06-13,AVGO,76
2025-06-14,AVGO,65
2025-06-15,AVGO,64
2025-06-16,AVGO,111
2025-06-17,AVGO,108
2025-06-18,AVGO,113
2025-06-19,AVGO,82
2025-06-20,AVGO,98
2025-06-21,AVGO,74
2025-06-22,AVGO,72
2025-06-23,AVGO,116
2025-06-24,AVGO,79
2025-06-25,AVGO,117
2025-06-26,AVGO,107
2025-06-27,AVGO,118
2025-06-28,AVGO,73
2025-06-29,AVGO,69
2025-06-30,AVGO,116
2025-07-01,AVGO,94
2025-07-02,AVGO,87
2025-07-03,AVGO,80
2025-07-04,AVGO,83
2025-07-05,AVGO,70
2025-07-06,AVGO,69
2025-07-07,AVGO,86
2025-07-08,AVGO,125
2025-07-09,AVGO,94
2025-07-10,AVGO,156
2025-07-11,AVGO,125
2025-07-12,AVGO,80
2025-07-13,AVGO,99
2025-07-14,AVGO,106
2025-07-15,AVGO,117
2025-07-16,AVGO,126
2025-07-17,AVGO,131
2025-07-18,AVGO,127
2025-07-19,AVGO,105
2025-07-20,AVGO,106
2025-07-21,AVGO,174
2025-07-22,AVGO,124
2025-07-23,AVGO,108
2025-07-24,AVGO,125
2025-07-25,AVGO,100
2025-07-26,AVGO,88
2025-07-27,AVGO,111
2025-07-28,AVGO,114
2025-07-29,AVGO,151
2025-07-30,AVGO,131
2025-07-31,AVGO,132
2025-08-01,AVGO,124
2025-08-02,AVGO,77
2025-08-03,AVGO,75
2025-08-04,AVGO,122
2025-08-05,AVGO,116
2025-08-06,AVGO,140
2025-08-07,AVGO,143
2025-08-08,AVGO,151
2025-08-09,AVGO,76
2025-08-10,AVGO,107
2025-08-11,AVGO,175
2025-08-12,AVGO,190
2025-08-13,AVGO,145
2025-08-14,AVGO,106
2025-08-15,AVGO,121
2025-08-16,AVGO,88
2025-08-17,AVGO,80
2025-08-18,AVGO,124
2025-08-19,AVGO,140
2025-08-20,AVGO,122
2025-08-21,AVGO,122
2025-08-22,AVGO,123
2025-08-23,AVGO,84
2025-08-24,AVGO,110
2025-08-25,AVGO,164
2025-08-26,AVGO,129
2025-08-27,AVGO,137
2025-08-28,AVGO,183
2025-08-29,AVGO,126
2025-08-30,AVGO,104
2025-08-31,AVGO,90
2025-09-01,AVGO,112
2025-09-02,AVGO,130
2025-09-03,AVGO,131
2025-09-04,AVGO,166
2025-09-05,AVGO,302
2025-09-06,AVGO,172
2025-09-07,AVGO,148
2025-09-08,AVGO,172
2025-09-09,AVGO,162
2025-09-10,AVGO,214
2025-09-11,AVGO,162
2025-09-12,AVGO,132
2025-09-13,AVGO,108
2025-09-14,AVGO,96
2025-09-15,AVGO,127
2025-09-16,AVGO,121
2025-09-17,AVGO,136
2025-09-18,AVGO,144
2025-09-19,AVGO,133
2025-09-20,AVGO,97
2025-09-21,AVGO,93
2025-09-22,AVGO,114
2025-09-23,AVGO,126
2025-09-24,AVGO,91
2025-09-25,AVGO,94
2025-09-26,AVGO,122
2025-09-27,AVGO,93
2025-09-28,AVGO,103
2025-09-29,AVGO,117
2025-09-30,AVGO,135
2025-10-01,AVGO,123
2025-10-02,AVGO,145
2025-10-03,AVGO,110
2025-10-04,AVGO,104
2025-10-05,AVGO,112
2025-10-06,AVGO,160
2025-10-07,AVGO,167
2025-10-08,AVGO,136
2025-10-09,AVGO,134
2025-10-10,AVGO,124
2025-10-11,AVGO,105
2025-10-12,AVGO,115
2025-10-13,AVGO,199
2025-10-14,AVGO,213
2025-10-15,AVGO,114
2025-10-16,AVGO,103
2025-10-17,AVGO,103
2025-10-18,AVGO,89
2025-10-19,AVGO,97
2025-10-20,AVGO,111
2025-10-21,AVGO,108
2025-10-22,AVGO,98
2025-10-23,AVGO,90
2025-10-24,AVGO,96
2025-10-25,AVGO,73
2025-10-26,AVGO,75
2025-10-27,AVGO,102
2025-10-28,AVGO,107
2025-10-29,AVGO,134
2025-10-30,AVGO,116
2025-10-31,AVGO,110
2025-11-01,AVGO,92
2025-11-02,AVGO,80
2025-11-03,AVGO,122
2025-11-04,AVGO,122
2025-11-05,AVGO,138
2025-11-06,AVGO,107
2025-11-07,AVGO,153
2025-11-08,AVGO,114
2025-11-09,AVGO,125
2025-11-10,AVGO,132
2025-11-11,AVGO,96
2025-11-12,AVGO,117
2025-11-13,AVGO,92
2025-11-14,AVGO,104
2025-11-15,AVGO,70
2025-11-16,AVGO,80
2025-11-17,AVGO,84
2025-11-18,AVGO,132
2025-11-19,AVGO,116
2025-11-20,AVGO,119
2025-11-21,AVGO,102
2025-11-22,AVGO,69
2025-11-23,AVGO,101
2025-11-24,AVGO,103
2025-11-25,AVGO,134
2025-11-26,AVGO,112
2025-11-27,AVGO,99
2025-11-28,AVGO,74
2025-11-29,AVGO,76
2025-11-30,AVGO,72
2025-12-01,AVGO,77
2025-12-02,AVGO,91
2025-12-03,AVGO,124
2025-12-04,AVGO,135
2025-12-05,AVGO,106
2025-12-06,AVGO,102
2025-12-07,AVGO,74
2025-12-08,AVGO,181
2025-12-09,AVGO,233
2025-12-10,AVGO,168
2025-12-11,AVGO,147
2025-12-12,AVGO,194
2025-12-13,AVGO,103
2025-12-14,AVGO,85
2025-12-15,AVGO,105
2025-12-16,AVGO,127
2025-12-17,AVGO,123
2025-12-18,AVGO,110
2025-12-19,AVGO,95
2025-12-20,AVGO,65
2025-12-21,AVGO,64
2025-12-22,AVGO,71
2025-12-23,AVGO,111
2025-12-24,AVGO,77
2025-12-25,AVGO,86
2025-12-26,AVGO,79
2025-12-27,AVGO,96
2025-12-28,AVGO,84
2025-12-29,AVGO,68
2025-12-30,AVGO,80
2025-12-31,AVGO,76
2026-01-01,AVGO,97
2026-01-02,AVGO,84
2026-01-03,AVGO,82
2026-01-04,AVGO,88
2026-01-05,AVGO,83
2026-01-06,AVGO,106
2026-01-07,AVGO,84
2026-01-08,AVGO,98
2026-01-09,AVGO,82
2026-01-10,AVGO,93
2026-01-11,AVGO,86
2026-01-12,AVGO,117
2026-01-13,AVGO,94
2026-01-14,AVGO,93
2026-01-15,AVGO,100
2026-01-16,AVGO,89
2026-01-17,AVGO,64
2026-01-18,AVGO,86
2026-01-19,AVGO,88
2026-01-20,AVGO,93
2026-01-21,AVGO,97
2026-01-22,AVGO,100
2026-01-23,AVGO,90
2026-01-24,AVGO,79
2026-01-25,AVGO,78
2026-01-26,AVGO,97
2026-01-27,AVGO,97
2026-01-28,AVGO,84
2026-01-29,AVGO,85
2026-01-30,AVGO,93
2026-01-31,AVGO,68
2026-02-01,AVGO,69
2026-02-02,AVGO,88
2026-02-03,AVGO,98
2026-02-04,AVGO,98
2026-02-05,AVGO,96
2026-02-06,AVGO,76
2026-02-07,AVGO,72
2026-02-08,AVGO,79
2026-02-09,AVGO,83
2026-02-10,AVGO,99
2026-02-11,AVGO,87
2026-02-12,AVGO,93
2026-02-13,AVGO,80
2026-02-14,AVGO,56
2026-02-15,AVGO,62
2026-02-16,AVGO,69
2026-02-17,AVGO,86
2026-02-18,AVGO,86
2026-02-19,AVGO,87
2026-02-20,AVGO,81
2026-02-21,AVGO,58
2026-02-22,AVGO,44
2026-02-23,AVGO,91
2026-02-24,AVGO,87
2026-02-25,AVGO,82
2026-02-26,AVGO,97
2026-02-27,AVGO,64
2026-02-28,AVGO,58
2026-03-01,AVGO,70
2026-03-02,AVGO,74
2026-03-03,AVGO,69
2026-03-04,AVGO,98
2026-03-05,AVGO,133
2026-03-06,AVGO,98
2026-03-07,AVGO,74
2026-03-08,AVGO,76
2026-03-09,AVGO,81
2026-03-10,AVGO,86
2026-03-11,AVGO,55
2026-03-12,AVGO,80
2026-03-13,AVGO,66
2026-03-14,AVGO,62
2026-03-15,AVGO,58
2026-03-16,AVGO,76
2026-03-17,AVGO,63
2026-03-18,AVGO,96
2026-03-19,AVGO,62
2026-03-20,AVGO,79
2026-03-21,AVGO,54
2026-03-22,AVGO,91
2026-03-23,AVGO,86
2026-03-24,AVGO,79
2025-01-19,CRM,1805
2025-01-20,CRM,2483
2025-01-21,CRM,2850
2025-01-22,CRM,3494
2025-01-23,CRM,3819
2025-01-24,CRM,2930
2025-01-25,CRM,1814
2025-01-26,CRM,2052
2025-01-27,CRM,3089
2025-01-28,CRM,3209
2025-01-29,CRM,3197
2025-01-30,CRM,2832
2025-01-31,CRM,2635
2025-02-01,CRM,1567
2025-02-02,CRM,1507
2025-02-03,CRM,2533
2025-02-04,CRM,2954
2025-02-05,CRM,2848
2025-02-06,CRM,2623
2025-02-07,CRM,1982
2025-02-08,CRM,1331
2025-02-09,CRM,1267
2025-02-10,CRM,3285
2025-02-11,CRM,2552
2025-02-12,CRM,2442
2025-02-13,CRM,2440
2025-02-14,CRM,1964
2025-02-15,CRM,1136
2025-02-16,CRM,1228
2025-02-17,CRM,2025
2025-02-18,CRM,2175
2025-02-19,CRM,2268
2025-02-20,CRM,2193
2025-02-21,CRM,2102
2025-02-22,CRM,1437
2025-02-23,CRM,1393
2025-02-24,CRM,2060
2025-02-25,CRM,2221
2025-02-26,CRM,3029
2025-02-27,CRM,2554
2025-02-28,CRM,2137
2025-03-01,CRM,1480
2025-03-02,CRM,1297
2025-03-03,CRM,2030
2025-03-04,CRM,2180
2025-03-05,CRM,2174
2025-03-06,CRM,2172
2025-03-07,CRM,1873
2025-03-08,CRM,1107
2025-03-09,CRM,1113
2025-03-10,CRM,1804
2025-03-11,CRM,2029
2025-03-12,CRM,2497
2025-03-13,CRM,2083
2025-03-14,CRM,1654
2025-03-15,CRM,1193
2025-03-16,CRM,1383
2025-03-17,CRM,1789
2025-03-18,CRM,1983
2025-03-19,CRM,2020
2025-03-20,CRM,1871
2025-03-21,CRM,1656
2025-03-22,CRM,1026
2025-03-23,CRM,1091
2025-03-24,CRM,1848
2025-03-25,CRM,1911
2025-03-26,CRM,1982
2025-03-27,CRM,1951
2025-03-28,CRM,1601
2025-03-29,CRM,924
2025-03-30,CRM,978
2025-03-31,CRM,1634
2025-04-01,CRM,1726
2025-04-02,CRM,1817
2025-04-03,CRM,1894
2025-04-04,CRM,1616
2025-04-05,CRM,1119
2025-04-06,CRM,1130
2025-04-07,CRM,1886
2025-04-08,CRM,1935
2025-04-09,CRM,1883
2025-04-10,CRM,1881
2025-04-11,CRM,1609
2025-04-12,CRM,1064
2025-04-13,CRM,986
2025-04-14,CRM,1541
2025-04-15,CRM,1909
2025-04-16,CRM,2135
2025-04-17,CRM,1895
2025-04-18,CRM,1384
2025-04-19,CRM,1030
2025-04-20,CRM,1039
2025-04-21,CRM,1500
2025-04-22,CRM,1912
2025-04-23,CRM,1790
2025-04-24,CRM,1724
2025-04-25,CRM,1764
2025-04-26,CRM,954
2025-04-27,CRM,1099
2025-04-28,CRM,1655
2025-04-29,CRM,1728
2025-04-30,CRM,1728
2025-05-01,CRM,1445
2025-05-02,CRM,1609
2025-05-03,CRM,989
2025-05-04,CRM,1025
2025-05-05,CRM,1643
2025-05-06,CRM,1736
2025-05-07,CRM,1679
2025-05-08,CRM,1640
2025-05-09,CRM,1451
2025-05-10,CRM,926
2025-05-11,CRM,848
2025-05-12,CRM,1580
2025-05-13,CRM,1917
2025-05-14,CRM,2252
2025-05-15,CRM,1703
2025-05-16,CRM,1526
2025-05-17,CRM,1041
2025-05-18,CRM,999
2025-05-19,CRM,3259
2025-05-20,CRM,1713
2025-05-21,CRM,1709
2025-05-22,CRM,1784
2025-05-23,CRM,1698
2025-05-24,CRM,1199
2025-05-25,CRM,1458
2025-05-26,CRM,1560
2025-05-27,CRM,3435
2025-05-28,CRM,3424
2025-05-29,CRM,2548
2025-05-30,CRM,1899
2025-05-31,CRM,1190
2025-06-01,CRM,1105
2025-06-02,CRM,1666
2025-06-03,CRM,1841
2025-06-04,CRM,1945
2025-06-05,CRM,1684
2025-06-06,CRM,1506
2025-06-07,CRM,903
2025-06-08,CRM,976
2025-06-09,CRM,1669
2025-06-10,CRM,1950
2025-06-11,CRM,1750
2025-06-12,CRM,1700
2025-06-13,CRM,1373
2025-06-14,CRM,995
2025-06-15,CRM,1040
2025-06-16,CRM,1548
2025-06-17,CRM,1669
2025-06-18,CRM,1644
2025-06-19,CRM,1488
2025-06-20,CRM,1373
2025-06-21,CRM,902
2025-06-22,CRM,952
2025-06-23,CRM,1557
2025-06-24,CRM,1543
2025-06-25,CRM,1697
2025-06-26,CRM,2323
2025-06-27,CRM,2181
2025-06-28,CRM,1349
2025-06-29,CRM,1265
2025-06-30,CRM,1709
2025-07-01,CRM,1805
2025-07-02,CRM,1862
2025-07-03,CRM,1696
2025-07-04,CRM,1254
2025-07-05,CRM,910
2025-07-06,CRM,955
2025-07-07,CRM,1626
2025-07-08,CRM,1834
2025-07-09,CRM,1863
2025-07-10,CRM,1650
2025-07-11,CRM,1574
2025-07-12,CRM,966
2025-07-13,CRM,938
2025-07-14,CRM,1719
2025-07-15,CRM,2074
2025-07-16,CRM,1968
2025-07-17,CRM,1921
2025-07-18,CRM,1478
2025-07-19,CRM,1022
2025-07-20,CRM,968
2025-07-21,CRM,1800
2025-07-22,CRM,2138
2025-07-23,CRM,1955
2025-07-24,CRM,2327
2025-07-25,CRM,1848
2025-07-26,CRM,1154
2025-07-27,CRM,1133
2025-07-28,CRM,1864
2025-07-29,CRM,1935
2025-07-30,CRM,1754
2025-07-31,CRM,2086
2025-08-01,CRM,2255
2025-08-02,CRM,1074
2025-08-03,CRM,1139
2025-08-04,CRM,1651
2025-08-05,CRM,1931
2025-08-06,CRM,1929
2025-08-07,CRM,2088
2025-08-08,CRM,1877
2025-08-09,CRM,1245
2025-08-10,CRM,1163
2025-08-11,CRM,1883
2025-08-12,CRM,2171
2025-08-13,CRM,2197
2025-08-14,CRM,1992
2025-08-15,CRM,1825
2025-08-16,CRM,1025
2025-08-17,CRM,960
2025-08-18,CRM,2158
2025-08-19,CRM,2290
2025-08-20,CRM,2028
2025-08-21,CRM,2025
2025-08-22,CRM,1610
2025-08-23,CRM,1028
2025-08-24,CRM,1006
2025-08-25,CRM,1934
2025-08-26,CRM,1948
2025-08-27,CRM,1981
2025-08-28,CRM,1826
2025-08-29,CRM,1752
2025-08-30,CRM,1150
2025-08-31,CRM,1170
2025-09-01,CRM,2480
2025-09-02,CRM,3355
2025-09-03,CRM,4450
2025-09-04,CRM,3966
2025-09-05,CRM,2599
2025-09-06,CRM,1499
2025-09-07,CRM,1541
2025-09-08,CRM,2619
2025-09-09,CRM,2223
2025-09-10,CRM,2420
2025-09-11,CRM,2191
2025-09-12,CRM,1913
2025-09-13,CRM,1089
2025-09-14,CRM,1118
2025-09-15,CRM,1989
2025-09-16,CRM,2040
2025-09-17,CRM,2148
2025-09-18,CRM,2411
2025-09-19,CRM,1966
2025-09-20,CRM,1194
2025-09-21,CRM,1094
2025-09-22,CRM,1991
2025-09-23,CRM,1922
2025-09-24,CRM,1972
2025-09-25,CRM,1935
2025-09-26,CRM,1727
2025-09-27,CRM,1164
2025-09-28,CRM,1207
2025-09-29,CRM,2248
2025-09-30,CRM,1892
2025-10-01,CRM,1847
2025-10-02,CRM,1684
2025-10-03,CRM,1712
2025-10-04,CRM,1224
2025-10-05,CRM,1218
2025-10-06,CRM,1947
2025-10-07,CRM,1992
2025-10-08,CRM,2316
2025-10-09,CRM,2225
2025-10-10,CRM,1856
2025-10-11,CRM,3185
2025-10-12,CRM,2632
2025-10-13,CRM,3225
2025-10-14,CRM,3157
2025-10-15,CRM,2933
2025-10-16,CRM,3631
2025-10-17,CRM,4694
2025-10-18,CRM,3884
2025-10-19,CRM,2693
2025-10-20,CRM,3369
2025-10-21,CRM,2744
2025-10-22,CRM,4308
2025-10-23,CRM,2270
2025-10-24,CRM,1952
2025-10-25,CRM,1320
2025-10-26,CRM,1247
2025-10-27,CRM,1942
2025-10-28,CRM,2178
2025-10-29,CRM,2270
2025-10-30,CRM,2154
2025-10-31,CRM,1738
2025-11-01,CRM,1133
2025-11-02,CRM,1378
2025-11-03,CRM,2032
2025-11-04,CRM,2000
2025-11-05,CRM,1928
2025-11-06,CRM,2143
2025-11-07,CRM,1909
2025-11-08,CRM,1133
2025-11-09,CRM,1186
2025-11-10,CRM,1755
2025-11-11,CRM,1934
2025-11-12,CRM,1888
2025-11-13,CRM,1937
2025-11-14,CRM,1616
2025-11-15,CRM,892
2025-11-16,CRM,1195
2025-11-17,CRM,1984
2025-11-18,CRM,2064
2025-11-19,CRM,2241
2025-11-20,CRM,2297
2025-11-21,CRM,2011
2025-11-22,CRM,1043
2025-11-23,CRM,1105
2025-11-24,CRM,2142
2025-11-25,CRM,1894
2025-11-26,CRM,1771
2025-11-27,CRM,1553
2025-11-28,CRM,1307
2025-11-29,CRM,823
2025-11-30,CRM,1076
2025-12-01,CRM,1627
2025-12-02,CRM,1662
2025-12-03,CRM,1898
2025-12-04,CRM,2112
2025-12-05,CRM,1805
2025-12-06,CRM,1178
2025-12-07,CRM,1319
2025-12-08,CRM,1676
2025-12-09,CRM,1899
2025-12-10,CRM,1888
2025-12-11,CRM,2088
2025-12-12,CRM,1605
2025-12-13,CRM,993
2025-12-14,CRM,956
2025-12-15,CRM,1533
2025-12-16,CRM,1731
2025-12-17,CRM,1626
2025-12-18,CRM,1740
2025-12-19,CRM,1492
2025-12-20,CRM,865
2025-12-21,CRM,796
2025-12-22,CRM,1346
2025-12-23,CRM,1611
2025-12-24,CRM,1497
2025-12-25,CRM,1096
2025-12-26,CRM,1328
2025-12-27,CRM,930
2025-12-28,CRM,1031
2025-12-29,CRM,1394
2025-12-30,CRM,1349
2025-12-31,CRM,1190
2026-01-01,CRM,842
2026-01-02,CRM,1195
2026-01-03,CRM,901
2026-01-04,CRM,898
2026-01-05,CRM,1653
2026-01-06,CRM,1812
2026-01-07,CRM,1948
2026-01-08,CRM,1744
2026-01-09,CRM,1620
2026-01-10,CRM,853
2026-01-11,CRM,898
2026-01-12,CRM,1779
2026-01-13,CRM,1916
2026-01-14,CRM,2002
2026-01-15,CRM,2157
2026-01-16,CRM,2084
2026-01-17,CRM,1681
2026-01-18,CRM,1445
2026-01-19,CRM,2355
2026-01-20,CRM,2575
2026-01-21,CRM,2266
2026-01-22,CRM,2190
2026-01-23,CRM,1967
2026-01-24,CRM,1384
2026-01-25,CRM,1464
2026-01-26,CRM,2240
2026-01-27,CRM,3005
2026-01-28,CRM,3215
2026-01-29,CRM,2135
2026-01-30,CRM,1861
2026-01-31,CRM,1180
2026-02-01,CRM,1110
2026-02-02,CRM,2107
2026-02-03,CRM,2261
2026-02-04,CRM,2352
2026-02-05,CRM,2139
2026-02-06,CRM,2096
2026-02-07,CRM,1448
2026-02-08,CRM,1504
2026-02-09,CRM,3531
2026-02-10,CRM,2937
2026-02-11,CRM,3073
2026-02-12,CRM,2806
2026-02-13,CRM,2172
2026-02-14,CRM,1397
2026-02-15,CRM,1512
2026-02-16,CRM,1925
2026-02-17,CRM,2256
2026-02-18,CRM,2823
2026-02-19,CRM,2316
2026-02-20,CRM,2132
2026-02-21,CRM,1331
2026-02-22,CRM,1362
2026-02-23,CRM,2265
2026-02-24,CRM,2356
2026-02-25,CRM,2495
2026-02-26,CRM,3352
2026-02-27,CRM,2408
2026-02-28,CRM,1182
2026-03-01,CRM,1087
2026-03-02,CRM,1925
2026-03-03,CRM,2475
2026-03-04,CRM,1948
2026-03-05,CRM,2249
2026-03-06,CRM,2039
2026-03-07,CRM,1135
2026-03-08,CRM,1110
2026-03-09,CRM,2234
2026-03-10,CRM,2429
2026-03-11,CRM,2331
2026-03-12,CRM,2013
2026-03-13,CRM,1758
2026-03-14,CRM,1051
2026-03-15,CRM,1060
2026-03-16,CRM,2101
2026-03-17,CRM,1896
2026-03-18,CRM,1846
2026-03-19,CRM,1626
2026-03-20,CRM,1553
2026-03-21,CRM,867
2026-03-22,CRM,916
2026-03-23,CRM,1799
2026-03-24,CRM,3030
2025-01-19,CSCO,880
2025-01-20,CSCO,1908
2025-01-21,CSCO,2313
2025-01-22,CSCO,1682
2025-01-23,CSCO,2315
2025-01-24,CSCO,1377
2025-01-25,CSCO,1092
2025-01-26,CSCO,1066
2025-01-27,CSCO,2450
2025-01-28,CSCO,1778
2025-01-29,CSCO,1494
2025-01-30,CSCO,1589
2025-01-31,CSCO,1530
2025-02-01,CSCO,978
2025-02-02,CSCO,948
2025-02-03,CSCO,1401
2025-02-04,CSCO,1433
2025-02-05,CSCO,1536
2025-02-06,CSCO,1442
2025-02-07,CSCO,1943
2025-02-08,CSCO,917
2025-02-09,CSCO,944
2025-02-10,CSCO,2079
2025-02-11,CSCO,1536
2025-02-12,CSCO,1668
2025-02-13,CSCO,6632
2025-02-14,CSCO,3560
2025-02-15,CSCO,1016
2025-02-16,CSCO,980
2025-02-17,CSCO,1918
2025-02-18,CSCO,1983
2025-02-19,CSCO,1307
2025-02-20,CSCO,1418
2025-02-21,CSCO,1891
2025-02-22,CSCO,881
2025-02-23,CSCO,1022
2025-02-24,CSCO,1308
2025-02-25,CSCO,1378
2025-02-26,CSCO,1332
2025-02-27,CSCO,1329
2025-02-28,CSCO,1800
2025-03-01,CSCO,805
2025-03-02,CSCO,790
2025-03-03,CSCO,1191
2025-03-04,CSCO,1362
2025-03-05,CSCO,1285
2025-03-06,CSCO,1307
2025-03-07,CSCO,1117
2025-03-08,CSCO,728
2025-03-09,CSCO,946
2025-03-10,CSCO,2041
2025-03-11,CSCO,1367
2025-03-12,CSCO,1329
2025-03-13,CSCO,1260
2025-03-14,CSCO,944
2025-03-15,CSCO,844
2025-03-16,CSCO,891
2025-03-17,CSCO,1238
2025-03-18,CSCO,1242
2025-03-19,CSCO,1900
2025-03-20,CSCO,1145
2025-03-21,CSCO,1185
2025-03-22,CSCO,792
2025-03-23,CSCO,849
2025-03-24,CSCO,1141
2025-03-25,CSCO,1299
2025-03-26,CSCO,1204
2025-03-27,CSCO,1130
2025-03-28,CSCO,1077
2025-03-29,CSCO,663
2025-03-30,CSCO,701
2025-03-31,CSCO,994
2025-04-01,CSCO,1060
2025-04-02,CSCO,1988
2025-04-03,CSCO,1276
2025-04-04,CSCO,1188
2025-04-05,CSCO,780
2025-04-06,CSCO,787
2025-04-07,CSCO,1329
2025-04-08,CSCO,1913
2025-04-09,CSCO,1163
2025-04-10,CSCO,1145
2025-04-11,CSCO,1779
2025-04-12,CSCO,740
2025-04-13,CSCO,717
2025-04-14,CSCO,1024
2025-04-15,CSCO,1152
2025-04-16,CSCO,1215
2025-04-17,CSCO,1118
2025-04-18,CSCO,953
2025-04-19,CSCO,807
2025-04-20,CSCO,734
2025-04-21,CSCO,985
2025-04-22,CSCO,1078
2025-04-23,CSCO,1100
2025-04-24,CSCO,1110
2025-04-25,CSCO,2141
2025-04-26,CSCO,727
2025-04-27,CSCO,699
2025-04-28,CSCO,1854
2025-04-29,CSCO,1877
2025-04-30,CSCO,1504
2025-05-01,CSCO,899
2025-05-02,CSCO,957
2025-05-03,CSCO,712
2025-05-04,CSCO,798
2025-05-05,CSCO,1092
2025-05-06,CSCO,1066
2025-05-07,CSCO,1152
2025-05-08,CSCO,1077
2025-05-09,CSCO,894
2025-05-10,CSCO,646
2025-05-11,CSCO,691
2025-05-12,CSCO,1024
2025-05-13,CSCO,1133
2025-05-14,CSCO,1338
2025-05-15,CSCO,1292
2025-05-16,CSCO,1091
2025-05-17,CSCO,775
2025-05-18,CSCO,711
2025-05-19,CSCO,1100
2025-05-20,CSCO,1092
2025-05-21,CSCO,1060
2025-05-22,CSCO,1035
2025-05-23,CSCO,2261
2025-05-24,CSCO,734
2025-05-25,CSCO,742
2025-05-26,CSCO,1002
2025-05-27,CSCO,1037
2025-05-28,CSCO,1048
2025-05-29,CSCO,1202
2025-05-30,CSCO,927
2025-05-31,CSCO,711
2025-06-01,CSCO,688
2025-06-02,CSCO,996
2025-06-03,CSCO,1025
2025-06-04,CSCO,1052
2025-06-05,CSCO,1003
2025-06-06,CSCO,940
2025-06-07,CSCO,676
2025-06-08,CSCO,731
2025-06-09,CSCO,950
2025-06-10,CSCO,1177
2025-06-11,CSCO,1025
2025-06-12,CSCO,1064
2025-06-13,CSCO,955
2025-06-14,CSCO,773
2025-06-15,CSCO,736
2025-06-16,CSCO,929
2025-06-17,CSCO,960
2025-06-18,CSCO,1155
2025-06-19,CSCO,1083
2025-06-20,CSCO,817
2025-06-21,CSCO,710
2025-06-22,CSCO,632
2025-06-23,CSCO,1237
2025-06-24,CSCO,954
2025-06-25,CSCO,2325
2025-06-26,CSCO,1017
2025-06-27,CSCO,823
2025-06-28,CSCO,656
2025-06-29,CSCO,690
2025-06-30,CSCO,1019
2025-07-01,CSCO,951
2025-07-02,CSCO,970
2025-07-03,CSCO,1426
2025-07-04,CSCO,1054
2025-07-05,CSCO,826
2025-07-06,CSCO,738
2025-07-07,CSCO,984
2025-07-08,CSCO,1071
2025-07-09,CSCO,1838
2025-07-10,CSCO,1071
2025-07-11,CSCO,1019
2025-07-12,CSCO,669
2025-07-13,CSCO,681
2025-07-14,CSCO,948
2025-07-15,CSCO,1080
2025-07-16,CSCO,1028
2025-07-17,CSCO,1076
2025-07-18,CSCO,989
2025-07-19,CSCO,926
2025-07-20,CSCO,827
2025-07-21,CSCO,1077
2025-07-22,CSCO,1124
2025-07-23,CSCO,1173
2025-07-24,CSCO,1043
2025-07-25,CSCO,1000
2025-07-26,CSCO,712
2025-07-27,CSCO,756
2025-07-28,CSCO,998
2025-07-29,CSCO,1000
2025-07-30,CSCO,1022
2025-07-31,CSCO,1098
2025-08-01,CSCO,969
2025-08-02,CSCO,691
2025-08-03,CSCO,780
2025-08-04,CSCO,1281
2025-08-05,CSCO,1228
2025-08-06,CSCO,1201
2025-08-07,CSCO,1225
2025-08-08,CSCO,1183
2025-08-09,CSCO,746
2025-08-10,CSCO,804
2025-08-11,CSCO,1143
2025-08-12,CSCO,1218
2025-08-13,CSCO,1343
2025-08-14,CSCO,1520
2025-08-15,CSCO,1086
2025-08-16,CSCO,826
2025-08-17,CSCO,834
2025-08-18,CSCO,1197
2025-08-19,CSCO,1573
2025-08-20,CSCO,1255
2025-08-21,CSCO,1300
2025-08-22,CSCO,1244
2025-08-23,CSCO,758
2025-08-24,CSCO,719
2025-08-25,CSCO,1122
2025-08-26,CSCO,1119
2025-08-27,CSCO,1130
2025-08-28,CSCO,1103
2025-08-29,CSCO,998
2025-08-30,CSCO,750
2025-08-31,CSCO,857
2025-09-01,CSCO,901
2025-09-02,CSCO,1103
2025-09-03,CSCO,1248
2025-09-04,CSCO,1161
2025-09-05,CSCO,1157
2025-09-06,CSCO,928
2025-09-07,CSCO,920
2025-09-08,CSCO,1129
2025-09-09,CSCO,1157
2025-09-10,CSCO,1279
2025-09-11,CSCO,1124
2025-09-12,CSCO,975
2025-09-13,CSCO,738
2025-09-14,CSCO,729
2025-09-15,CSCO,1101
2025-09-16,CSCO,1027
2025-09-17,CSCO,1120
2025-09-18,CSCO,1140
2025-09-19,CSCO,1161
2025-09-20,CSCO,845
2025-09-21,CSCO,1063
2025-09-22,CSCO,1252
2025-09-23,CSCO,1157
2025-09-24,CSCO,1210
2025-09-25,CSCO,1163
2025-09-26,CSCO,1297
2025-09-27,CSCO,883
2025-09-28,CSCO,801
2025-09-29,CSCO,1158
2025-09-30,CSCO,1231
2025-10-01,CSCO,1157
2025-10-02,CSCO,1060
2025-10-03,CSCO,963
2025-10-04,CSCO,823
2025-10-05,CSCO,759
2025-10-06,CSCO,1044
2025-10-07,CSCO,1178
2025-10-08,CSCO,1411
2025-10-09,CSCO,1293
2025-10-10,CSCO,1104
2025-10-11,CSCO,754
2025-10-12,CSCO,808
2025-10-13,CSCO,1073
2025-10-14,CSCO,1133
2025-10-15,CSCO,1264
2025-10-16,CSCO,1190
2025-10-17,CSCO,1011
2025-10-18,CSCO,988
2025-10-19,CSCO,853
2025-10-20,CSCO,980
2025-10-21,CSCO,949
2025-10-22,CSCO,1136
2025-10-23,CSCO,1078
2025-10-24,CSCO,1001
2025-10-25,CSCO,810
2025-10-26,CSCO,770
2025-10-27,CSCO,1036
2025-10-28,CSCO,1116
2025-10-29,CSCO,1237
2025-10-30,CSCO,1217
2025-10-31,CSCO,1132
2025-11-01,CSCO,905
2025-11-02,CSCO,912
2025-11-03,CSCO,1211
2025-11-04,CSCO,1291
2025-11-05,CSCO,1253
2025-11-06,CSCO,1514
2025-11-07,CSCO,1159
2025-11-08,CSCO,1007
2025-11-09,CSCO,959
2025-11-10,CSCO,1196
2025-11-11,CSCO,1273
2025-11-12,CSCO,1485
2025-11-13,CSCO,1686
2025-11-14,CSCO,1288
2025-11-15,CSCO,962
2025-11-16,CSCO,944
2025-11-17,CSCO,1362
2025-11-18,CSCO,1415
2025-11-19,CSCO,1371
2025-11-20,CSCO,1426
2025-11-21,CSCO,1322
2025-11-22,CSCO,983
2025-11-23,CSCO,980
2025-11-24,CSCO,1480
2025-11-25,CSCO,1804
2025-11-26,CSCO,1807
2025-11-27,CSCO,1765
2025-11-28,CSCO,1446
2025-11-29,CSCO,1136
2025-11-30,CSCO,1140
2025-12-01,CSCO,1383
2025-12-02,CSCO,1360
2025-12-03,CSCO,1302
2025-12-04,CSCO,1377
2025-12-05,CSCO,1243
2025-12-06,CSCO,1011
2025-12-07,CSCO,980
2025-12-08,CSCO,1318
2025-12-09,CSCO,1276
2025-12-10,CSCO,2073
2025-12-11,CSCO,2038
2025-12-12,CSCO,1364
2025-12-13,CSCO,1032
2025-12-14,CSCO,1363
2025-12-15,CSCO,1179
2025-12-16,CSCO,1331
2025-12-17,CSCO,1202
2025-12-18,CSCO,1227
2025-12-19,CSCO,986
2025-12-20,CSCO,720
2025-12-21,CSCO,699
2025-12-22,CSCO,884
2025-12-23,CSCO,1015
2025-12-24,CSCO,777
2025-12-25,CSCO,744
2025-12-26,CSCO,794
2025-12-27,CSCO,677
2025-12-28,CSCO,743
2025-12-29,CSCO,885
2025-12-30,CSCO,844
2025-12-31,CSCO,732
2026-01-01,CSCO,643
2026-01-02,CSCO,834
2026-01-03,CSCO,694
2026-01-04,CSCO,758
2026-01-05,CSCO,1002
2026-01-06,CSCO,1031
2026-01-07,CSCO,1129
2026-01-08,CSCO,1142
2026-01-09,CSCO,1019
2026-01-10,CSCO,747
2026-01-11,CSCO,751
2026-01-12,CSCO,1099
2026-01-13,CSCO,1124
2026-01-14,CSCO,1057
2026-01-15,CSCO,1075
2026-01-16,CSCO,978
2026-01-17,CSCO,822
2026-01-18,CSCO,815
2026-01-19,CSCO,1120
2026-01-20,CSCO,1318
2026-01-21,CSCO,1228
2026-01-22,CSCO,1265
2026-01-23,CSCO,1078
2026-01-24,CSCO,811
2026-01-25,CSCO,736
2026-01-26,CSCO,1111
2026-01-27,CSCO,1222
2026-01-28,CSCO,1326
2026-01-29,CSCO,1302
2026-01-30,CSCO,1136
2026-01-31,CSCO,848
2026-02-01,CSCO,789
2026-02-02,CSCO,1180
2026-02-03,CSCO,1443
2026-02-04,CSCO,2111
2026-02-05,CSCO,1303
2026-02-06,CSCO,1259
2026-02-07,CSCO,819
2026-02-08,CSCO,869
2026-02-09,CSCO,1289
2026-02-10,CSCO,1355
2026-02-11,CSCO,1382
2026-02-12,CSCO,1594
2026-02-13,CSCO,1315
2026-02-14,CSCO,1037
2026-02-15,CSCO,909
2026-02-16,CSCO,1034
2026-02-17,CSCO,1309
2026-02-18,CSCO,1221
2026-02-19,CSCO,1324
2026-02-20,CSCO,1161
2026-02-21,CSCO,842
2026-02-22,CSCO,833
2026-02-23,CSCO,1209
2026-02-24,CSCO,1353
2026-02-25,CSCO,1936
2026-02-26,CSCO,1372
2026-02-27,CSCO,1215
2026-02-28,CSCO,736
2026-03-01,CSCO,704
2026-03-02,CSCO,1124
2026-03-03,CSCO,1163
2026-03-04,CSCO,1202
2026-03-05,CSCO,1903
2026-03-06,CSCO,1094
2026-03-07,CSCO,794
2026-03-08,CSCO,991
2026-03-09,CSCO,1146
2026-03-10,CSCO,1066
2026-03-11,CSCO,1129
2026-03-12,CSCO,1105
2026-03-13,CSCO,956
2026-03-14,CSCO,698
2026-03-15,CSCO,876
2026-03-16,CSCO,1049
2026-03-17,CSCO,1239
2026-03-18,CSCO,1096
2026-03-19,CSCO,1088
2026-03-20,CSCO,1023
2026-03-21,CSCO,634
2026-03-22,CSCO,704
2026-03-23,CSCO,1106
2026-03-24,CSCO,1669
2025-01-19,DDOG,327
2025-01-20,DDOG,798
2025-01-21,DDOG,2392
2025-01-22,DDOG,1901
2025-01-23,DDOG,2101
2025-01-24,DDOG,1849
2025-01-25,DDOG,1297
2025-01-26,DDOG,1655
2025-01-27,DDOG,1762
2025-01-28,DDOG,2051
2025-01-29,DDOG,1819
2025-01-30,DDOG,1813
2025-01-31,DDOG,2426
2025-02-01,DDOG,2163
2025-02-02,DDOG,1687
2025-02-03,DDOG,2109
2025-02-04,DDOG,2728
2025-02-05,DDOG,1575
2025-02-06,DDOG,1486
2025-02-07,DDOG,1498
2025-02-08,DDOG,1152
2025-02-09,DDOG,1294
2025-02-10,DDOG,1830
2025-02-11,DDOG,1777
2025-02-12,DDOG,1973
2025-02-13,DDOG,1714
2025-02-14,DDOG,1422
2025-02-15,DDOG,1076
2025-02-16,DDOG,1067
2025-02-17,DDOG,1456
2025-02-18,DDOG,1535
2025-02-19,DDOG,1454
2025-02-20,DDOG,1149
2025-02-21,DDOG,1089
2025-02-22,DDOG,891
2025-02-23,DDOG,904
2025-02-24,DDOG,1214
2025-02-25,DDOG,1284
2025-02-26,DDOG,1303
2025-02-27,DDOG,1233
2025-02-28,DDOG,1194
2025-03-01,DDOG,868
2025-03-02,DDOG,690
2025-03-03,DDOG,1121
2025-03-04,DDOG,1227
2025-03-05,DDOG,1226
2025-03-06,DDOG,1056
2025-03-07,DDOG,1126
2025-03-08,DDOG,776
2025-03-09,DDOG,772
2025-03-10,DDOG,1085
2025-03-11,DDOG,1115
2025-03-12,DDOG,1083
2025-03-13,DDOG,1169
2025-03-14,DDOG,1026
2025-03-15,DDOG,857
2025-03-16,DDOG,871
2025-03-17,DDOG,1098
2025-03-18,DDOG,1034
2025-03-19,DDOG,1346
2025-03-20,DDOG,1468
2025-03-21,DDOG,1589
2025-03-22,DDOG,1372
2025-03-23,DDOG,1207
2025-03-24,DDOG,1530
2025-03-25,DDOG,1474
2025-03-26,DDOG,1511
2025-03-27,DDOG,1529
2025-03-28,DDOG,1574
2025-03-29,DDOG,1253
2025-03-30,DDOG,1303
2025-03-31,DDOG,1530
2025-04-01,DDOG,2516
2025-04-02,DDOG,1667
2025-04-03,DDOG,1556
2025-04-04,DDOG,1395
2025-04-05,DDOG,1162
2025-04-06,DDOG,1253
2025-04-07,DDOG,1551
2025-04-08,DDOG,1621
2025-04-09,DDOG,1368
2025-04-10,DDOG,1619
2025-04-11,DDOG,1866
2025-04-12,DDOG,1694
2025-04-13,DDOG,1953
2025-04-14,DDOG,2072
2025-04-15,DDOG,1937
2025-04-16,DDOG,1689
2025-04-17,DDOG,1635
2025-04-18,DDOG,1804
2025-04-19,DDOG,1727
2025-04-20,DDOG,1811
2025-04-21,DDOG,1958
2025-04-22,DDOG,2141
2025-04-23,DDOG,1846
2025-04-24,DDOG,1689
2025-04-25,DDOG,1853
2025-04-26,DDOG,1511
2025-04-27,DDOG,1437
2025-04-28,DDOG,1854
2025-04-29,DDOG,1821
2025-04-30,DDOG,1711
2025-05-01,DDOG,1622
2025-05-02,DDOG,1720
2025-05-03,DDOG,1506
2025-05-04,DDOG,1489
2025-05-05,DDOG,2014
2025-05-06,DDOG,2078
2025-05-07,DDOG,1899
2025-05-08,DDOG,1734
2025-05-09,DDOG,1681
2025-05-10,DDOG,1506
2025-05-11,DDOG,1500
2025-05-12,DDOG,1908
2025-05-13,DDOG,1930
2025-05-14,DDOG,1917
2025-05-15,DDOG,1734
2025-05-16,DDOG,1685
2025-05-17,DDOG,1466
2025-05-18,DDOG,1502
2025-05-19,DDOG,1895
2025-05-20,DDOG,1738
2025-05-21,DDOG,1926
2025-05-22,DDOG,1633
2025-05-23,DDOG,1573
2025-05-24,DDOG,1355
2025-05-25,DDOG,1329
2025-05-26,DDOG,1535
2025-05-27,DDOG,1617
2025-05-28,DDOG,1633
2025-05-29,DDOG,1556
2025-05-30,DDOG,1529
2025-05-31,DDOG,1340
2025-06-01,DDOG,1328
2025-06-02,DDOG,1572
2025-06-03,DDOG,1599
2025-06-04,DDOG,1604
2025-06-05,DDOG,1578
2025-06-06,DDOG,1524
2025-06-07,DDOG,1333
2025-06-08,DDOG,1371
2025-06-09,DDOG,1547
2025-06-10,DDOG,1719
2025-06-11,DDOG,1868
2025-06-12,DDOG,1814
2025-06-13,DDOG,1521
2025-06-14,DDOG,1332
2025-06-15,DDOG,1327
2025-06-16,DDOG,1563
2025-06-17,DDOG,1487
2025-06-18,DDOG,1600
2025-06-19,DDOG,1496
2025-06-20,DDOG,1484
2025-06-21,DDOG,1212
2025-06-22,DDOG,1207
2025-06-23,DDOG,1755
2025-06-24,DDOG,1719
2025-06-25,DDOG,1638
2025-06-26,DDOG,1470
2025-06-27,DDOG,1395
2025-06-28,DDOG,1179
2025-06-29,DDOG,1171
2025-06-30,DDOG,1459
2025-07-01,DDOG,1506
2025-07-02,DDOG,1707
2025-07-03,DDOG,2800
2025-07-04,DDOG,1860
2025-07-05,DDOG,1517
2025-07-06,DDOG,1504
2025-07-07,DDOG,2106
2025-07-08,DDOG,2010
2025-07-09,DDOG,1862
2025-07-10,DDOG,1768
2025-07-11,DDOG,1687
2025-07-12,DDOG,1323
2025-07-13,DDOG,1262
2025-07-14,DDOG,1853
2025-07-15,DDOG,1697
2025-07-16,DDOG,1653
2025-07-17,DDOG,1630
2025-07-18,DDOG,1502
2025-07-19,DDOG,1348
2025-07-20,DDOG,1346
2025-07-21,DDOG,1605
2025-07-22,DDOG,1524
2025-07-23,DDOG,1737
2025-07-24,DDOG,1582
2025-07-25,DDOG,1463
2025-07-26,DDOG,1310
2025-07-27,DDOG,1346
2025-07-28,DDOG,1608
2025-07-29,DDOG,1804
2025-07-30,DDOG,1639
2025-07-31,DDOG,1851
2025-08-01,DDOG,1604
2025-08-02,DDOG,1305
2025-08-03,DDOG,1350
2025-08-04,DDOG,1816
2025-08-05,DDOG,1627
2025-08-06,DDOG,1667
2025-08-07,DDOG,1746
2025-08-08,DDOG,1612
2025-08-09,DDOG,1378
2025-08-10,DDOG,1376
2025-08-11,DDOG,1571
2025-08-12,DDOG,1576
2025-08-13,DDOG,1836
2025-08-14,DDOG,1556
2025-08-15,DDOG,1456
2025-08-16,DDOG,1351
2025-08-17,DDOG,1309
2025-08-18,DDOG,1615
2025-08-19,DDOG,1662
2025-08-20,DDOG,1670
2025-08-21,DDOG,1609
2025-08-22,DDOG,1507
2025-08-23,DDOG,1366
2025-08-24,DDOG,1319
2025-08-25,DDOG,1520
2025-08-26,DDOG,1528
2025-08-27,DDOG,1314
2025-08-28,DDOG,1365
2025-08-29,DDOG,1255
2025-08-30,DDOG,1047
2025-08-31,DDOG,1049
2025-09-01,DDOG,1204
2025-09-02,DDOG,1849
2025-09-03,DDOG,1977
2025-09-04,DDOG,1812
2025-09-05,DDOG,1850
2025-09-06,DDOG,1506
2025-09-07,DDOG,1579
2025-09-08,DDOG,1979
2025-09-09,DDOG,1952
2025-09-10,DDOG,1931
2025-09-11,DDOG,1931
2025-09-12,DDOG,1878
2025-09-13,DDOG,1645
2025-09-14,DDOG,1737
2025-09-15,DDOG,1873
2025-09-16,DDOG,1964
2025-09-17,DDOG,2028
2025-09-18,DDOG,1991
2025-09-19,DDOG,1888
2025-09-20,DDOG,1668
2025-09-21,DDOG,1636
2025-09-22,DDOG,1911
2025-09-23,DDOG,1994
2025-09-24,DDOG,2095
2025-09-25,DDOG,2015
2025-09-26,DDOG,1872
2025-09-27,DDOG,1651
2025-09-28,DDOG,1659
2025-09-29,DDOG,2007
2025-09-30,DDOG,1964
2025-10-01,DDOG,2059
2025-10-02,DDOG,2255
2025-10-03,DDOG,2076
2025-10-04,DDOG,1899
2025-10-05,DDOG,1916
2025-10-06,DDOG,2173
2025-10-07,DDOG,2312
2025-10-08,DDOG,2336
2025-10-09,DDOG,2101
2025-10-10,DDOG,1494
2025-10-11,DDOG,1889
2025-10-12,DDOG,1966
2025-10-13,DDOG,2128
2025-10-14,DDOG,2117
2025-10-15,DDOG,2190
2025-10-16,DDOG,2219
2025-10-17,DDOG,2149
2025-10-18,DDOG,1915
2025-10-19,DDOG,1906
2025-10-20,DDOG,2097
2025-10-21,DDOG,2207
2025-10-22,DDOG,2235
2025-10-23,DDOG,2212
2025-10-24,DDOG,2185
2025-10-25,DDOG,1954
2025-10-26,DDOG,1900
2025-10-27,DDOG,2277
2025-10-28,DDOG,2188
2025-10-29,DDOG,2190
2025-10-30,DDOG,2270
2025-10-31,DDOG,2102
2025-11-01,DDOG,1899
2025-11-02,DDOG,1799
2025-11-03,DDOG,2100
2025-11-04,DDOG,2489
2025-11-05,DDOG,2231
2025-11-06,DDOG,2621
2025-11-07,DDOG,2305
2025-11-08,DDOG,1708
2025-11-09,DDOG,1552
2025-11-10,DDOG,2131
2025-11-11,DDOG,2172
2025-11-12,DDOG,2004
2025-11-13,DDOG,2122
2025-11-14,DDOG,2336
2025-11-15,DDOG,1925
2025-11-16,DDOG,1944
2025-11-17,DDOG,2285
2025-11-18,DDOG,2191
2025-11-19,DDOG,2036
2025-11-20,DDOG,2246
2025-11-21,DDOG,2138
2025-11-22,DDOG,1694
2025-11-23,DDOG,1728
2025-11-24,DDOG,2348
2025-11-25,DDOG,2221
2025-11-26,DDOG,2176
2025-11-27,DDOG,2071
2025-11-28,DDOG,2088
2025-11-29,DDOG,1935
2025-11-30,DDOG,1886
2025-12-01,DDOG,2329
2025-12-02,DDOG,2418
2025-12-03,DDOG,2194
2025-12-04,DDOG,2116
2025-12-05,DDOG,2083
2025-12-06,DDOG,1853
2025-12-07,DDOG,1938
2025-12-08,DDOG,2295
2025-12-09,DDOG,2164
2025-12-10,DDOG,2044
2025-12-11,DDOG,2130
2025-12-12,DDOG,2076
2025-12-13,DDOG,1917
2025-12-14,DDOG,1890
2025-12-15,DDOG,2034
2025-12-16,DDOG,2151
2025-12-17,DDOG,2088
2025-12-18,DDOG,2049
2025-12-19,DDOG,2004
2025-12-20,DDOG,1947
2025-12-21,DDOG,1908
2025-12-22,DDOG,2029
2025-12-23,DDOG,2011
2025-12-24,DDOG,1944
2025-12-25,DDOG,1963
2025-12-26,DDOG,1983
2025-12-27,DDOG,1932
2025-12-28,DDOG,1983
2025-12-29,DDOG,2024
2025-12-30,DDOG,2038
2025-12-31,DDOG,1979
2026-01-01,DDOG,1829
2026-01-02,DDOG,1918
2026-01-03,DDOG,1879
2026-01-04,DDOG,1865
2026-01-05,DDOG,2060
2026-01-06,DDOG,2175
2026-01-07,DDOG,2239
2026-01-08,DDOG,2410
2026-01-09,DDOG,2084
2026-01-10,DDOG,1782
2026-01-11,DDOG,1727
2026-01-12,DDOG,1632
2026-01-13,DDOG,1447
2026-01-14,DDOG,1357
2026-01-15,DDOG,1372
2026-01-16,DDOG,1310
2026-01-17,DDOG,1155
2026-01-18,DDOG,1164
2026-01-19,DDOG,1308
2026-01-20,DDOG,1380
2026-01-21,DDOG,1461
2026-01-22,DDOG,1505
2026-01-23,DDOG,1379
2026-01-24,DDOG,1145
2026-01-25,DDOG,1108
2026-01-26,DDOG,1408
2026-01-27,DDOG,1447
2026-01-28,DDOG,1403
2026-01-29,DDOG,1342
2026-01-30,DDOG,1268
2026-01-31,DDOG,1084
2026-02-01,DDOG,1084
2026-02-02,DDOG,1227
2026-02-03,DDOG,1328
2026-02-04,DDOG,1373
2026-02-05,DDOG,1327
2026-02-06,DDOG,1309
2026-02-07,DDOG,1124
2026-02-08,DDOG,1038
2026-02-09,DDOG,1401
2026-02-10,DDOG,1655
2026-02-11,DDOG,1488
2026-02-12,DDOG,1425
2026-02-13,DDOG,1261
2026-02-14,DDOG,1103
2026-02-15,DDOG,1062
2026-02-16,DDOG,1188
2026-02-17,DDOG,1072
2026-02-18,DDOG,475
2026-02-19,DDOG,429
2026-02-20,DDOG,425
2026-02-21,DDOG,309
2026-02-22,DDOG,235
2026-02-23,DDOG,482
2026-02-24,DDOG,569
2026-02-25,DDOG,435
2026-02-26,DDOG,477
2026-02-27,DDOG,414
2026-02-28,DDOG,188
2026-03-01,DDOG,168
2026-03-02,DDOG,394
2026-03-03,DDOG,411
2026-03-04,DDOG,453
2026-03-05,DDOG,441
2026-03-06,DDOG,296
2026-03-07,DDOG,218
2026-03-08,DDOG,163
2026-03-09,DDOG,353
2026-03-10,DDOG,446
2026-03-11,DDOG,400
2026-03-12,DDOG,490
2026-03-13,DDOG,394
2026-03-14,DDOG,220
2026-03-15,DDOG,193
2026-03-16,DDOG,487
2026-03-17,DDOG,452
2026-03-18,DDOG,435
2026-03-19,DDOG,475
2026-03-20,DDOG,433
2026-03-21,DDOG,222
2026-03-22,DDOG,205
2026-03-23,DDOG,440
2026-03-24,DDOG,472
2025-01-19,FIX,32
2025-01-20,FIX,29
2025-01-21,FIX,40
2025-01-22,FIX,53
2025-01-23,FIX,60
2025-01-24,FIX,47
2025-01-25,FIX,32
2025-01-26,FIX,13
2025-01-27,FIX,109
2025-01-28,FIX,65
2025-01-29,FIX,48
2025-01-30,FIX,45
2025-01-31,FIX,34
2025-02-01,FIX,20
2025-02-02,FIX,18
2025-02-03,FIX,35
2025-02-04,FIX,35
2025-02-05,FIX,39
2025-02-06,FIX,38
2025-02-07,FIX,34
2025-02-08,FIX,20
2025-02-09,FIX,20
2025-02-10,FIX,26
2025-02-11,FIX,24
2025-02-12,FIX,56
2025-02-13,FIX,27
2025-02-14,FIX,31
2025-02-15,FIX,23
2025-02-16,FIX,16
2025-02-17,FIX,26
2025-02-18,FIX,33
2025-02-19,FIX,31
2025-02-20,FIX,50
2025-02-21,FIX,63
2025-02-22,FIX,32
2025-02-23,FIX,18
2025-02-24,FIX,49
2025-02-25,FIX,28
2025-02-26,FIX,34
2025-02-27,FIX,54
2025-02-28,FIX,29
2025-03-01,FIX,31
2025-03-02,FIX,15
2025-03-03,FIX,25
2025-03-04,FIX,26
2025-03-05,FIX,28
2025-03-06,FIX,30
2025-03-07,FIX,37
2025-03-08,FIX,11
2025-03-09,FIX,28
2025-03-10,FIX,32
2025-03-11,FIX,66
2025-03-12,FIX,32
2025-03-13,FIX,34
2025-03-14,FIX,20
2025-03-15,FIX,21
2025-03-16,FIX,18
2025-03-17,FIX,62
2025-03-18,FIX,34
2025-03-19,FIX,33
2025-03-20,FIX,32
2025-03-21,FIX,53
2025-03-22,FIX,35
2025-03-23,FIX,27
2025-03-24,FIX,42
2025-03-25,FIX,37
2025-03-26,FIX,29
2025-03-27,FIX,38
2025-03-28,FIX,32
2025-03-29,FIX,20
2025-03-30,FIX,24
2025-03-31,FIX,34
2025-04-01,FIX,44
2025-04-02,FIX,34
2025-04-03,FIX,47
2025-04-04,FIX,63
2025-04-05,FIX,23
2025-04-06,FIX,24
2025-04-07,FIX,52
2025-04-08,FIX,47
2025-04-09,FIX,40
2025-04-10,FIX,26
2025-04-11,FIX,30
2025-04-12,FIX,22
2025-04-13,FIX,18
2025-04-14,FIX,37
2025-04-15,FIX,34
2025-04-16,FIX,75
2025-04-17,FIX,26
2025-04-18,FIX,29
2025-04-19,FIX,8
2025-04-20,FIX,13
2025-04-21,FIX,38
2025-04-22,FIX,36
2025-04-23,FIX,61
2025-04-24,FIX,44
2025-04-25,FIX,59
2025-04-26,FIX,30
2025-04-27,FIX,31
2025-04-28,FIX,44
2025-04-29,FIX,58
2025-04-30,FIX,46
2025-05-01,FIX,44
2025-05-02,FIX,45
2025-05-03,FIX,18
2025-05-04,FIX,27
2025-05-05,FIX,35
2025-05-06,FIX,38
2025-05-07,FIX,32
2025-05-08,FIX,22
2025-05-09,FIX,30
2025-05-10,FIX,16
2025-05-11,FIX,18
2025-05-12,FIX,34
2025-05-13,FIX,30
2025-05-14,FIX,32
2025-05-15,FIX,27
2025-05-16,FIX,25
2025-05-17,FIX,18
2025-05-18,FIX,25
2025-05-19,FIX,53
2025-05-20,FIX,45
2025-05-21,FIX,34
2025-05-22,FIX,27
2025-05-23,FIX,24
2025-05-24,FIX,14
2025-05-25,FIX,17
2025-05-26,FIX,24
2025-05-27,FIX,52
2025-05-28,FIX,23
2025-05-29,FIX,36
2025-05-30,FIX,35
2025-05-31,FIX,7
2025-06-01,FIX,14
2025-06-02,FIX,31
2025-06-03,FIX,38
2025-06-04,FIX,42
2025-06-05,FIX,36
2025-06-06,FIX,34
2025-06-07,FIX,43
2025-06-08,FIX,25
2025-06-09,FIX,39
2025-06-10,FIX,34
2025-06-11,FIX,18
2025-06-12,FIX,30
2025-06-13,FIX,34
2025-06-14,FIX,15
2025-06-15,FIX,23
2025-06-16,FIX,15
2025-06-17,FIX,28
2025-06-18,FIX,38
2025-06-19,FIX,38
2025-06-20,FIX,23
2025-06-21,FIX,11
2025-06-22,FIX,18
2025-06-23,FIX,34
2025-06-24,FIX,20
2025-06-25,FIX,30
2025-06-26,FIX,30
2025-06-27,FIX,25
2025-06-28,FIX,15
2025-06-29,FIX,21
2025-06-30,FIX,38
2025-07-01,FIX,40
2025-07-02,FIX,26
2025-07-03,FIX,27
2025-07-04,FIX,19
2025-07-05,FIX,15
2025-07-06,FIX,13
2025-07-07,FIX,36
2025-07-08,FIX,33
2025-07-09,FIX,33
2025-07-10,FIX,43
2025-07-11,FIX,32
2025-07-12,FIX,16
2025-07-13,FIX,18
2025-07-14,FIX,31
2025-07-15,FIX,24
2025-07-16,FIX,35
2025-07-17,FIX,45
2025-07-18,FIX,45
2025-07-19,FIX,17
2025-07-20,FIX,13
2025-07-21,FIX,27
2025-07-22,FIX,43
2025-07-23,FIX,39
2025-07-24,FIX,63
2025-07-25,FIX,223
2025-07-26,FIX,143
2025-07-27,FIX,86
2025-07-28,FIX,117
2025-07-29,FIX,66
2025-07-30,FIX,63
2025-07-31,FIX,52
2025-08-01,FIX,56
2025-08-02,FIX,28
2025-08-03,FIX,28
2025-08-04,FIX,47
2025-08-05,FIX,52
2025-08-06,FIX,38
2025-08-07,FIX,49
2025-08-08,FIX,59
2025-08-09,FIX,24
2025-08-10,FIX,28
2025-08-11,FIX,39
2025-08-12,FIX,55
2025-08-13,FIX,47
2025-08-14,FIX,49
2025-08-15,FIX,32
2025-08-16,FIX,32
2025-08-17,FIX,19
2025-08-18,FIX,55
2025-08-19,FIX,52
2025-08-20,FIX,40
2025-08-21,FIX,45
2025-08-22,FIX,46
2025-08-23,FIX,12
2025-08-24,FIX,19
2025-08-25,FIX,52
2025-08-26,FIX,25
2025-08-27,FIX,42
2025-08-28,FIX,59
2025-08-29,FIX,34
2025-08-30,FIX,16
2025-08-31,FIX,21
2025-09-01,FIX,25
2025-09-02,FIX,49
2025-09-03,FIX,53
2025-09-04,FIX,54
2025-09-05,FIX,40
2025-09-06,FIX,36
2025-09-07,FIX,20
2025-09-08,FIX,45
2025-09-09,FIX,52
2025-09-10,FIX,70
2025-09-11,FIX,41
2025-09-12,FIX,49
2025-09-13,FIX,36
2025-09-14,FIX,23
2025-09-15,FIX,74
2025-09-16,FIX,51
2025-09-17,FIX,62
2025-09-18,FIX,58
2025-09-19,FIX,47
2025-09-20,FIX,18
2025-09-21,FIX,22
2025-09-22,FIX,61
2025-09-23,FIX,49
2025-09-24,FIX,57
2025-09-25,FIX,60
2025-09-26,FIX,41
2025-09-27,FIX,34
2025-09-28,FIX,33
2025-09-29,FIX,55
2025-09-30,FIX,47
2025-10-01,FIX,48
2025-10-02,FIX,50
2025-10-03,FIX,53
2025-10-04,FIX,30
2025-10-05,FIX,25
2025-10-06,FIX,46
2025-10-07,FIX,40
2025-10-08,FIX,64
2025-10-09,FIX,36
2025-10-10,FIX,41
2025-10-11,FIX,15
2025-10-12,FIX,30
2025-10-13,FIX,35
2025-10-14,FIX,55
2025-10-15,FIX,40
2025-10-16,FIX,39
2025-10-17,FIX,29
2025-10-18,FIX,13
2025-10-19,FIX,33
2025-10-20,FIX,41
2025-10-21,FIX,33
2025-10-22,FIX,42
2025-10-23,FIX,82
2025-10-24,FIX,303
2025-10-25,FIX,205
2025-10-26,FIX,184
2025-10-27,FIX,286
2025-10-28,FIX,216
2025-10-29,FIX,77
2025-10-30,FIX,68
2025-10-31,FIX,97
2025-11-01,FIX,42
2025-11-02,FIX,25
2025-11-03,FIX,59
2025-11-04,FIX,55
2025-11-05,FIX,54
2025-11-06,FIX,51
2025-11-07,FIX,44
2025-11-08,FIX,41
2025-11-09,FIX,52
2025-11-10,FIX,69
2025-11-11,FIX,75
2025-11-12,FIX,51
2025-11-13,FIX,47
2025-11-14,FIX,46
2025-11-15,FIX,38
2025-11-16,FIX,34
2025-11-17,FIX,54
2025-11-18,FIX,70
2025-11-19,FIX,53
2025-11-20,FIX,52
2025-11-21,FIX,41
2025-11-22,FIX,32
2025-11-23,FIX,33
2025-11-24,FIX,76
2025-11-25,FIX,59
2025-11-26,FIX,56
2025-11-27,FIX,34
2025-11-28,FIX,29
2025-11-29,FIX,36
2025-11-30,FIX,49
2025-12-01,FIX,72
2025-12-02,FIX,54
2025-12-03,FIX,78
2025-12-04,FIX,112
2025-12-05,FIX,148
2025-12-06,FIX,273
2025-12-07,FIX,98
2025-12-08,FIX,180
2025-12-09,FIX,119
2025-12-10,FIX,89
2025-12-11,FIX,78
2025-12-12,FIX,98
2025-12-13,FIX,57
2025-12-14,FIX,33
2025-12-15,FIX,57
2025-12-16,FIX,83
2025-12-17,FIX,64
2025-12-18,FIX,71
2025-12-19,FIX,62
2025-12-20,FIX,43
2025-12-21,FIX,34
2025-12-22,FIX,70
2025-12-23,FIX,76
2025-12-24,FIX,65
2025-12-25,FIX,46
2025-12-26,FIX,55
2025-12-27,FIX,54
2025-12-28,FIX,45
2025-12-29,FIX,68
2025-12-30,FIX,55
2025-12-31,FIX,66
2026-01-01,FIX,52
2026-01-02,FIX,81
2026-01-03,FIX,73
2026-01-04,FIX,66
2026-01-05,FIX,85
2026-01-06,FIX,104
2026-01-07,FIX,90
2026-01-08,FIX,104
2026-01-09,FIX,81
2026-01-10,FIX,60
2026-01-11,FIX,43
2026-01-12,FIX,60
2026-01-13,FIX,86
2026-01-14,FIX,84
2026-01-15,FIX,66
2026-01-16,FIX,62
2026-01-17,FIX,64
2026-01-18,FIX,42
2026-01-19,FIX,65
2026-01-20,FIX,94
2026-01-21,FIX,72
2026-01-22,FIX,69
2026-01-23,FIX,56
2026-01-24,FIX,46
2026-01-25,FIX,43
2026-01-26,FIX,59
2026-01-27,FIX,61
2026-01-28,FIX,83
2026-01-29,FIX,60
2026-01-30,FIX,57
2026-01-31,FIX,34
2026-02-01,FIX,28
2026-02-02,FIX,53
2026-02-03,FIX,57
2026-02-04,FIX,82
2026-02-05,FIX,79
2026-02-06,FIX,82
2026-02-07,FIX,48
2026-02-08,FIX,47
2026-02-09,FIX,70
2026-02-10,FIX,85
2026-02-11,FIX,130
2026-02-12,FIX,69
2026-02-13,FIX,81
2026-02-14,FIX,36
2026-02-15,FIX,43
2026-02-16,FIX,64
2026-02-17,FIX,80
2026-02-18,FIX,70
2026-02-19,FIX,111
2026-02-20,FIX,213
2026-02-21,FIX,74
2026-02-22,FIX,78
2026-02-23,FIX,90
2026-02-24,FIX,71
2026-02-25,FIX,78
2026-02-26,FIX,77
2026-02-27,FIX,61
2026-02-28,FIX,54
2026-03-01,FIX,45
2026-03-02,FIX,56
2026-03-03,FIX,74
2026-03-04,FIX,57
2026-03-05,FIX,73
2026-03-06,FIX,64
2026-03-07,FIX,62
2026-03-08,FIX,24
2026-03-09,FIX,63
2026-03-10,FIX,64
2026-03-11,FIX,46
2026-03-12,FIX,57
2026-03-13,FIX,44
2026-03-14,FIX,31
2026-03-15,FIX,44
2026-03-16,FIX,35
2026-03-17,FIX,71
2026-03-18,FIX,66
2026-03-19,FIX,86
2026-03-20,FIX,46
2026-03-21,FIX,45
2026-03-22,FIX,37
2026-03-23,FIX,59
2026-03-24,FIX,84
2025-01-19,FNV,39
2025-01-20,FNV,24
2025-01-21,FNV,36
2025-01-22,FNV,51
2025-01-23,FNV,33
2025-01-24,FNV,28
2025-01-25,FNV,18
2025-01-26,FNV,27
2025-01-27,FNV,52
2025-01-28,FNV,55
2025-01-29,FNV,42
2025-01-30,FNV,55
2025-01-31,FNV,38
2025-02-01,FNV,34
2025-02-02,FNV,27
2025-02-03,FNV,37
2025-02-04,FNV,33
2025-02-05,FNV,49
2025-02-06,FNV,37
2025-02-07,FNV,38
2025-02-08,FNV,30
2025-02-09,FNV,26
2025-02-10,FNV,48
2025-02-11,FNV,52
2025-02-12,FNV,49
2025-02-13,FNV,43
2025-02-14,FNV,37
2025-02-15,FNV,20
2025-02-16,FNV,55
2025-02-17,FNV,32
2025-02-18,FNV,45
2025-02-19,FNV,32
2025-02-20,FNV,35
2025-02-21,FNV,45
2025-02-22,FNV,50
2025-02-23,FNV,36
2025-02-24,FNV,35
2025-02-25,FNV,49
2025-02-26,FNV,44
2025-02-27,FNV,40
2025-02-28,FNV,36
2025-03-01,FNV,29
2025-03-02,FNV,42
2025-03-03,FNV,38
2025-03-04,FNV,39
2025-03-05,FNV,56
2025-03-06,FNV,52
2025-03-07,FNV,34
2025-03-08,FNV,27
2025-03-09,FNV,33
2025-03-10,FNV,69
2025-03-11,FNV,51
2025-03-12,FNV,39
2025-03-13,FNV,63
2025-03-14,FNV,65
2025-03-15,FNV,38
2025-03-16,FNV,33
2025-03-17,FNV,870
2025-03-18,FNV,218
2025-03-19,FNV,85
2025-03-20,FNV,84
2025-03-21,FNV,58
2025-03-22,FNV,34
2025-03-23,FNV,32
2025-03-24,FNV,51
2025-03-25,FNV,58
2025-03-26,FNV,42
2025-03-27,FNV,47
2025-03-28,FNV,53
2025-03-29,FNV,43
2025-03-30,FNV,47
2025-03-31,FNV,31
2025-04-01,FNV,55
2025-04-02,FNV,40
2025-04-03,FNV,62
2025-04-04,FNV,56
2025-04-05,FNV,32
2025-04-06,FNV,25
2025-04-07,FNV,53
2025-04-08,FNV,36
2025-04-09,FNV,48
2025-04-10,FNV,49
2025-04-11,FNV,55
2025-04-12,FNV,65
2025-04-13,FNV,61
2025-04-14,FNV,57
2025-04-15,FNV,64
2025-04-16,FNV,79
2025-04-17,FNV,62
2025-04-18,FNV,30
2025-04-19,FNV,31
2025-04-20,FNV,29
2025-04-21,FNV,90
2025-04-22,FNV,87
2025-04-23,FNV,42
2025-04-24,FNV,38
2025-04-25,FNV,59
2025-04-26,FNV,34
2025-04-27,FNV,36
2025-04-28,FNV,36
2025-04-29,FNV,32
2025-04-30,FNV,35
2025-05-01,FNV,23
2025-05-02,FNV,35
2025-05-03,FNV,47
2025-05-04,FNV,33
2025-05-05,FNV,32
2025-05-06,FNV,38
2025-05-07,FNV,37
2025-05-08,FNV,37
2025-05-09,FNV,47
2025-05-10,FNV,57
2025-05-11,FNV,27
2025-05-12,FNV,54
2025-05-13,FNV,34
2025-05-14,FNV,32
2025-05-15,FNV,26
2025-05-16,FNV,28
2025-05-17,FNV,14
2025-05-18,FNV,23
2025-05-19,FNV,24
2025-05-20,FNV,26
2025-05-21,FNV,31
2025-05-22,FNV,33
2025-05-23,FNV,27
2025-05-24,FNV,21
2025-05-25,FNV,28
2025-05-26,FNV,40
2025-05-27,FNV,48
2025-05-28,FNV,43
2025-05-29,FNV,29
2025-05-30,FNV,30
2025-05-31,FNV,28
2025-06-01,FNV,24
2025-06-02,FNV,39
2025-06-03,FNV,28
2025-06-04,FNV,36
2025-06-05,FNV,24
2025-06-06,FNV,28
2025-06-07,FNV,25
2025-06-08,FNV,20
2025-06-09,FNV,25
2025-06-10,FNV,21
2025-06-11,FNV,36
2025-06-12,FNV,24
2025-06-13,FNV,32
2025-06-14,FNV,15
2025-06-15,FNV,21
2025-06-16,FNV,29
2025-06-17,FNV,45
2025-06-18,FNV,23
2025-06-19,FNV,28
2025-06-20,FNV,32
2025-06-21,FNV,13
2025-06-22,FNV,24
2025-06-23,FNV,26
2025-06-24,FNV,31
2025-06-25,FNV,19
2025-06-26,FNV,24
2025-06-27,FNV,28
2025-06-28,FNV,25
2025-06-29,FNV,21
2025-06-30,FNV,24
2025-07-01,FNV,26
2025-07-02,FNV,25
2025-07-03,FNV,31
2025-07-04,FNV,16
2025-07-05,FNV,14
2025-07-06,FNV,20
2025-07-07,FNV,36
2025-07-08,FNV,36
2025-07-09,FNV,23
2025-07-10,FNV,28
2025-07-11,FNV,25
2025-07-12,FNV,36
2025-07-13,FNV,28
2025-07-14,FNV,26
2025-07-15,FNV,20
2025-07-16,FNV,31
2025-07-17,FNV,34
2025-07-18,FNV,26
2025-07-19,FNV,17
2025-07-20,FNV,27
2025-07-21,FNV,33
2025-07-22,FNV,36
2025-07-23,FNV,26
2025-07-24,FNV,27
2025-07-25,FNV,28
2025-07-26,FNV,22
2025-07-27,FNV,27
2025-07-28,FNV,22
2025-07-29,FNV,43
2025-07-30,FNV,24
2025-07-31,FNV,17
2025-08-01,FNV,28
2025-08-02,FNV,18
2025-08-03,FNV,8
2025-08-04,FNV,34
2025-08-05,FNV,23
2025-08-06,FNV,28
2025-08-07,FNV,29
2025-08-08,FNV,34
2025-08-09,FNV,41
2025-08-10,FNV,18
2025-08-11,FNV,41
2025-08-12,FNV,64
2025-08-13,FNV,32
2025-08-14,FNV,32
2025-08-15,FNV,28
2025-08-16,FNV,22
2025-08-17,FNV,18
2025-08-18,FNV,31
2025-08-19,FNV,30
2025-08-20,FNV,39
2025-08-21,FNV,40
2025-08-22,FNV,38
2025-08-23,FNV,30
2025-08-24,FNV,31
2025-08-25,FNV,26
2025-08-26,FNV,37
2025-08-27,FNV,51
2025-08-28,FNV,32
2025-08-29,FNV,41
2025-08-30,FNV,23
2025-08-31,FNV,19
2025-09-01,FNV,40
2025-09-02,FNV,33
2025-09-03,FNV,41
2025-09-04,FNV,38
2025-09-05,FNV,33
2025-09-06,FNV,23
2025-09-07,FNV,32
2025-09-08,FNV,39
2025-09-09,FNV,37
2025-09-10,FNV,47
2025-09-11,FNV,41
2025-09-12,FNV,31
2025-09-13,FNV,25
2025-09-14,FNV,22
2025-09-15,FNV,47
2025-09-16,FNV,39
2025-09-17,FNV,35
2025-09-18,FNV,45
2025-09-19,FNV,48
2025-09-20,FNV,30
2025-09-21,FNV,24
2025-09-22,FNV,52
2025-09-23,FNV,31
2025-09-24,FNV,26
2025-09-25,FNV,23
2025-09-26,FNV,45
2025-09-27,FNV,33
2025-09-28,FNV,13
2025-09-29,FNV,45
2025-09-30,FNV,81
2025-10-01,FNV,121
2025-10-02,FNV,58
2025-10-03,FNV,72
2025-10-04,FNV,45
2025-10-05,FNV,41
2025-10-06,FNV,64
2025-10-07,FNV,93
2025-10-08,FNV,108
2025-10-09,FNV,96
2025-10-10,FNV,67
2025-10-11,FNV,39
2025-10-12,FNV,96
2025-10-13,FNV,80
2025-10-14,FNV,69
2025-10-15,FNV,72
2025-10-16,FNV,92
2025-10-17,FNV,65
2025-10-18,FNV,55
2025-10-19,FNV,40
2025-10-20,FNV,60
2025-10-21,FNV,56
2025-10-22,FNV,57
2025-10-23,FNV,56
2025-10-24,FNV,30
2025-10-25,FNV,35
2025-10-26,FNV,23
2025-10-27,FNV,44
2025-10-28,FNV,41
2025-10-29,FNV,35
2025-10-30,FNV,27
2025-10-31,FNV,37
2025-11-01,FNV,25
2025-11-02,FNV,28
2025-11-03,FNV,33
2025-11-04,FNV,36
2025-11-05,FNV,44
2025-11-06,FNV,41
2025-11-07,FNV,37
2025-11-08,FNV,17
2025-11-09,FNV,29
2025-11-10,FNV,33
2025-11-11,FNV,40
2025-11-12,FNV,31
2025-11-13,FNV,41
2025-11-14,FNV,32
2025-11-15,FNV,27
2025-11-16,FNV,30
2025-11-17,FNV,59
2025-11-18,FNV,54
2025-11-19,FNV,48
2025-11-20,FNV,39
2025-11-21,FNV,55
2025-11-22,FNV,33
2025-11-23,FNV,27
2025-11-24,FNV,39
2025-11-25,FNV,37
2025-11-26,FNV,32
2025-11-27,FNV,26
2025-11-28,FNV,31
2025-11-29,FNV,30
2025-11-30,FNV,50
2025-12-01,FNV,50
2025-12-02,FNV,39
2025-12-03,FNV,536
2025-12-04,FNV,44
2025-12-05,FNV,34
2025-12-06,FNV,26
2025-12-07,FNV,25
2025-12-08,FNV,34
2025-12-09,FNV,20
2025-12-10,FNV,46
2025-12-11,FNV,33
2025-12-12,FNV,35
2025-12-13,FNV,18
2025-12-14,FNV,34
2025-12-15,FNV,28
2025-12-16,FNV,33
2025-12-17,FNV,24
2025-12-18,FNV,36
2025-12-19,FNV,44
2025-12-20,FNV,26
2025-12-21,FNV,22
2025-12-22,FNV,44
2025-12-23,FNV,62
2025-12-24,FNV,48
2025-12-25,FNV,47
2025-12-26,FNV,43
2025-12-27,FNV,31
2025-12-28,FNV,43
2025-12-29,FNV,33
2025-12-30,FNV,29
2025-12-31,FNV,32
2026-01-01,FNV,31
2026-01-02,FNV,38
2026-01-03,FNV,42
2026-01-04,FNV,33
2026-01-05,FNV,39
2026-01-06,FNV,45
2026-01-07,FNV,50
2026-01-08,FNV,52
2026-01-09,FNV,76
2026-01-10,FNV,54
2026-01-11,FNV,69
2026-01-12,FNV,72
2026-01-13,FNV,88
2026-01-14,FNV,73
2026-01-15,FNV,61
2026-01-16,FNV,39
2026-01-17,FNV,42
2026-01-18,FNV,60
2026-01-19,FNV,66
2026-01-20,FNV,51
2026-01-21,FNV,54
2026-01-22,FNV,60
2026-01-23,FNV,79
2026-01-24,FNV,62
2026-01-25,FNV,44
2026-01-26,FNV,116
2026-01-27,FNV,81
2026-01-28,FNV,99
2026-01-29,FNV,74
2026-01-30,FNV,66
2026-01-31,FNV,51
2026-02-01,FNV,30
2026-02-02,FNV,43
2026-02-03,FNV,63
2026-02-04,FNV,60
2026-02-05,FNV,38
2026-02-06,FNV,47
2026-02-07,FNV,43
2026-02-08,FNV,24
2026-02-09,FNV,38
2026-02-10,FNV,40
2026-02-11,FNV,42
2026-02-12,FNV,29
2026-02-13,FNV,43
2026-02-14,FNV,16
2026-02-15,FNV,22
2026-02-16,FNV,28
2026-02-17,FNV,24
2026-02-18,FNV,41
2026-02-19,FNV,37
2026-02-20,FNV,38
2026-02-21,FNV,30
2026-02-22,FNV,37
2026-02-23,FNV,84
2026-02-24,FNV,73
2026-02-25,FNV,39
2026-02-26,FNV,47
2026-02-27,FNV,34
2026-02-28,FNV,22
2026-03-01,FNV,27
2026-03-02,FNV,46
2026-03-03,FNV,38
2026-03-04,FNV,60
2026-03-05,FNV,40
2026-03-06,FNV,50
2026-03-07,FNV,21
2026-03-08,FNV,30
2026-03-09,FNV,32
2026-03-10,FNV,50
2026-03-11,FNV,51
2026-03-12,FNV,50
2026-03-13,FNV,28
2026-03-14,FNV,23
2026-03-15,FNV,19
2026-03-16,FNV,25
2026-03-17,FNV,30
2026-03-18,FNV,31
2026-03-19,FNV,20
2026-03-20,FNV,34
2026-03-21,FNV,35
2026-03-22,FNV,19
2026-03-23,FNV,22
2026-03-24,FNV,30
2025-01-19,GOLD,596
2025-01-20,GOLD,602
2025-01-21,GOLD,574
2025-01-22,GOLD,556
2025-01-23,GOLD,518
2025-01-24,GOLD,411
2025-01-25,GOLD,342
2025-01-26,GOLD,297
2025-01-27,GOLD,441
2025-01-28,GOLD,375
2025-01-29,GOLD,322
2025-01-30,GOLD,394
2025-01-31,GOLD,348
2025-02-01,GOLD,288
2025-02-02,GOLD,353
2025-02-03,GOLD,400
2025-02-04,GOLD,369
2025-02-05,GOLD,378
2025-02-06,GOLD,385
2025-02-07,GOLD,368
2025-02-08,GOLD,307
2025-02-09,GOLD,299
2025-02-10,GOLD,446
2025-02-11,GOLD,429
2025-02-12,GOLD,553
2025-02-13,GOLD,441
2025-02-14,GOLD,986
2025-02-15,GOLD,531
2025-02-16,GOLD,355
2025-02-17,GOLD,345
2025-02-18,GOLD,371
2025-02-19,GOLD,366
2025-02-20,GOLD,357
2025-02-21,GOLD,399
2025-02-22,GOLD,296
2025-02-23,GOLD,269
2025-02-24,GOLD,365
2025-02-25,GOLD,357
2025-02-26,GOLD,292
2025-02-27,GOLD,330
2025-02-28,GOLD,320
2025-03-01,GOLD,226
2025-03-02,GOLD,244
2025-03-03,GOLD,366
2025-03-04,GOLD,299
2025-03-05,GOLD,324
2025-03-06,GOLD,272
2025-03-07,GOLD,268
2025-03-08,GOLD,198
2025-03-09,GOLD,207
2025-03-10,GOLD,294
2025-03-11,GOLD,309
2025-03-12,GOLD,350
2025-03-13,GOLD,334
2025-03-14,GOLD,375
2025-03-15,GOLD,257
2025-03-16,GOLD,279
2025-03-17,GOLD,297
2025-03-18,GOLD,337
2025-03-19,GOLD,347
2025-03-20,GOLD,266
2025-03-21,GOLD,279
2025-03-22,GOLD,175
2025-03-23,GOLD,229
2025-03-24,GOLD,261
2025-03-25,GOLD,317
2025-03-26,GOLD,303
2025-03-27,GOLD,319
2025-03-28,GOLD,272
2025-03-29,GOLD,219
2025-03-30,GOLD,247
2025-03-31,GOLD,288
2025-04-01,GOLD,305
2025-04-02,GOLD,287
2025-04-03,GOLD,398
2025-04-04,GOLD,263
2025-04-05,GOLD,239
2025-04-06,GOLD,268
2025-04-07,GOLD,370
2025-04-08,GOLD,486
2025-04-09,GOLD,609
2025-04-10,GOLD,568
2025-04-11,GOLD,520
2025-04-12,GOLD,475
2025-04-13,GOLD,379
2025-04-14,GOLD,434
2025-04-15,GOLD,454
2025-04-16,GOLD,551
2025-04-17,GOLD,355
2025-04-18,GOLD,385
2025-04-19,GOLD,398
2025-04-20,GOLD,317
2025-04-21,GOLD,419
2025-04-22,GOLD,476
2025-04-23,GOLD,405
2025-04-24,GOLD,338
2025-04-25,GOLD,282
2025-04-26,GOLD,223
2025-04-27,GOLD,266
2025-04-28,GOLD,383
2025-04-29,GOLD,319
2025-04-30,GOLD,303
2025-05-01,GOLD,222
2025-05-02,GOLD,139
2025-05-03,GOLD,170
2025-05-04,GOLD,151
2025-05-05,GOLD,172
2025-05-06,GOLD,193
2025-05-07,GOLD,218
2025-05-08,GOLD,171
2025-05-09,GOLD,219
2025-05-10,GOLD,131
2025-05-11,GOLD,92
2025-05-12,GOLD,132
2025-05-13,GOLD,154
2025-05-14,GOLD,151
2025-05-15,GOLD,153
2025-05-16,GOLD,128
2025-05-17,GOLD,113
2025-05-18,GOLD,90
2025-05-19,GOLD,126
2025-05-20,GOLD,118
2025-05-21,GOLD,119
2025-05-22,GOLD,69
2025-05-23,GOLD,82
2025-05-24,GOLD,78
2025-05-25,GOLD,55
2025-05-26,GOLD,63
2025-05-27,GOLD,81
2025-05-28,GOLD,83
2025-05-29,GOLD,74
2025-05-30,GOLD,64
2025-05-31,GOLD,63
2025-06-01,GOLD,61
2025-06-02,GOLD,75
2025-06-03,GOLD,75
2025-06-04,GOLD,64
2025-06-05,GOLD,60
2025-06-06,GOLD,58
2025-06-07,GOLD,60
2025-06-08,GOLD,51
2025-06-09,GOLD,55
2025-06-10,GOLD,54
2025-06-11,GOLD,79
2025-06-12,GOLD,56
2025-06-13,GOLD,56
2025-06-14,GOLD,63
2025-06-15,GOLD,54
2025-06-16,GOLD,68
2025-06-17,GOLD,126
2025-06-18,GOLD,91
2025-06-19,GOLD,55
2025-06-20,GOLD,61
2025-06-21,GOLD,66
2025-06-22,GOLD,65
2025-06-23,GOLD,72
2025-06-24,GOLD,62
2025-06-25,GOLD,73
2025-06-26,GOLD,82
2025-06-27,GOLD,58
2025-06-28,GOLD,60
2025-06-29,GOLD,54
2025-06-30,GOLD,71
2025-07-01,GOLD,57
2025-07-02,GOLD,53
2025-07-03,GOLD,51
2025-07-04,GOLD,40
2025-07-05,GOLD,54
2025-07-06,GOLD,58
2025-07-07,GOLD,78
2025-07-08,GOLD,66
2025-07-09,GOLD,68
2025-07-10,GOLD,79
2025-07-11,GOLD,102
2025-07-12,GOLD,59
2025-07-13,GOLD,70
2025-07-14,GOLD,64
2025-07-15,GOLD,64
2025-07-16,GOLD,64
2025-07-17,GOLD,67
2025-07-18,GOLD,56
2025-07-19,GOLD,55
2025-07-20,GOLD,58
2025-07-21,GOLD,56
2025-07-22,GOLD,72
2025-07-23,GOLD,70
2025-07-24,GOLD,72
2025-07-25,GOLD,70
2025-07-26,GOLD,60
2025-07-27,GOLD,50
2025-07-28,GOLD,63
2025-07-29,GOLD,55
2025-07-30,GOLD,70
2025-07-31,GOLD,60
2025-08-01,GOLD,53
2025-08-02,GOLD,54
2025-08-03,GOLD,64
2025-08-04,GOLD,77
2025-08-05,GOLD,83
2025-08-06,GOLD,58
2025-08-07,GOLD,55
2025-08-08,GOLD,73
2025-08-09,GOLD,49
2025-08-10,GOLD,50
2025-08-11,GOLD,122
2025-08-12,GOLD,95
2025-08-13,GOLD,66
2025-08-14,GOLD,69
2025-08-15,GOLD,53
2025-08-16,GOLD,55
2025-08-17,GOLD,68
2025-08-18,GOLD,71
2025-08-19,GOLD,85
2025-08-20,GOLD,59
2025-08-21,GOLD,67
2025-08-22,GOLD,78
2025-08-23,GOLD,47
2025-08-24,GOLD,66
2025-08-25,GOLD,52
2025-08-26,GOLD,62
2025-08-27,GOLD,56
2025-08-28,GOLD,64
2025-08-29,GOLD,67
2025-08-30,GOLD,52
2025-08-31,GOLD,46
2025-09-01,GOLD,63
2025-09-02,GOLD,62
2025-09-03,GOLD,86
2025-09-04,GOLD,65
2025-09-05,GOLD,87
2025-09-06,GOLD,57
2025-09-07,GOLD,66
2025-09-08,GOLD,73
2025-09-09,GOLD,90
2025-09-10,GOLD,102
2025-09-11,GOLD,68
2025-09-12,GOLD,65
2025-09-13,GOLD,56
2025-09-14,GOLD,44
2025-09-15,GOLD,68
2025-09-16,GOLD,71
2025-09-17,GOLD,66
2025-09-18,GOLD,80
2025-09-19,GOLD,94
2025-09-20,GOLD,53
2025-09-21,GOLD,54
2025-09-22,GOLD,85
2025-09-23,GOLD,71
2025-09-24,GOLD,86
2025-09-25,GOLD,74
2025-09-26,GOLD,71
2025-09-27,GOLD,38
2025-09-28,GOLD,61
2025-09-29,GOLD,166
2025-09-30,GOLD,133
2025-10-01,GOLD,82
2025-10-02,GOLD,72
2025-10-03,GOLD,70
2025-10-04,GOLD,77
2025-10-05,GOLD,74
2025-10-06,GOLD,81
2025-10-07,GOLD,88
2025-10-08,GOLD,91
2025-10-09,GOLD,75
2025-10-10,GOLD,74
2025-10-11,GOLD,69
2025-10-12,GOLD,71
2025-10-13,GOLD,64
2025-10-14,GOLD,71
2025-10-15,GOLD,88
2025-10-16,GOLD,88
2025-10-17,GOLD,84
2025-10-18,GOLD,69
2025-10-19,GOLD,63
2025-10-20,GOLD,81
2025-10-21,GOLD,75
2025-10-22,GOLD,80
2025-10-23,GOLD,67
2025-10-24,GOLD,87
2025-10-25,GOLD,66
2025-10-26,GOLD,55
2025-10-27,GOLD,88
2025-10-28,GOLD,78
2025-10-29,GOLD,78
2025-10-30,GOLD,71
2025-10-31,GOLD,64
2025-11-01,GOLD,44
2025-11-02,GOLD,59
2025-11-03,GOLD,68
2025-11-04,GOLD,70
2025-11-05,GOLD,79
2025-11-06,GOLD,53
2025-11-07,GOLD,44
2025-11-08,GOLD,52
2025-11-09,GOLD,45
2025-11-10,GOLD,66
2025-11-11,GOLD,57
2025-11-12,GOLD,61
2025-11-13,GOLD,90
2025-11-14,GOLD,54
2025-11-15,GOLD,50
2025-11-16,GOLD,55
2025-11-17,GOLD,69
2025-11-18,GOLD,81
2025-11-19,GOLD,57
2025-11-20,GOLD,71
2025-11-21,GOLD,61
2025-11-22,GOLD,56
2025-11-23,GOLD,69
2025-11-24,GOLD,84
2025-11-25,GOLD,105
2025-11-26,GOLD,91
2025-11-27,GOLD,64
2025-11-28,GOLD,69
2025-11-29,GOLD,60
2025-11-30,GOLD,61
2025-12-01,GOLD,68
2025-12-02,GOLD,63
2025-12-03,GOLD,77
2025-12-04,GOLD,89
2025-12-05,GOLD,77
2025-12-06,GOLD,56
2025-12-07,GOLD,43
2025-12-08,GOLD,65
2025-12-09,GOLD,57
2025-12-10,GOLD,49
2025-12-11,GOLD,46
2025-12-12,GOLD,44
2025-12-13,GOLD,44
2025-12-14,GOLD,57
2025-12-15,GOLD,55
2025-12-16,GOLD,63
2025-12-17,GOLD,77
2025-12-18,GOLD,75
2025-12-19,GOLD,60
2025-12-20,GOLD,66
2025-12-21,GOLD,68
2025-12-22,GOLD,52
2025-12-23,GOLD,64
2025-12-24,GOLD,63
2025-12-25,GOLD,61
2025-12-26,GOLD,62
2025-12-27,GOLD,60
2025-12-28,GOLD,53
2025-12-29,GOLD,65
2025-12-30,GOLD,61
2025-12-31,GOLD,67
2026-01-01,GOLD,54
2026-01-02,GOLD,73
2026-01-03,GOLD,60
2026-01-04,GOLD,74
2026-01-05,GOLD,72
2026-01-06,GOLD,89
2026-01-07,GOLD,60
2026-01-08,GOLD,75
2026-01-09,GOLD,60
2026-01-10,GOLD,56
2026-01-11,GOLD,63
2026-01-12,GOLD,69
2026-01-13,GOLD,83
2026-01-14,GOLD,69
2026-01-15,GOLD,69
2026-01-16,GOLD,67
2026-01-17,GOLD,57
2026-01-18,GOLD,48
2026-01-19,GOLD,77
2026-01-20,GOLD,67
2026-01-21,GOLD,67
2026-01-22,GOLD,57
2026-01-23,GOLD,73
2026-01-24,GOLD,83
2026-01-25,GOLD,52
2026-01-26,GOLD,85
2026-01-27,GOLD,103
2026-01-28,GOLD,86
2026-01-29,GOLD,88
2026-01-30,GOLD,72
2026-01-31,GOLD,60
2026-02-01,GOLD,70
2026-02-02,GOLD,71
2026-02-03,GOLD,66
2026-02-04,GOLD,74
2026-02-05,GOLD,77
2026-02-06,GOLD,63
2026-02-07,GOLD,46
2026-02-08,GOLD,69
2026-02-09,GOLD,77
2026-02-10,GOLD,50
2026-02-11,GOLD,60
2026-02-12,GOLD,67
2026-02-13,GOLD,53
2026-02-14,GOLD,59
2026-02-15,GOLD,57
2026-02-16,GOLD,51
2026-02-17,GOLD,61
2026-02-18,GOLD,66
2026-02-19,GOLD,59
2026-02-20,GOLD,48
2026-02-21,GOLD,64
2026-02-22,GOLD,44
2026-02-23,GOLD,61
2026-02-24,GOLD,49
2026-02-25,GOLD,52
2026-02-26,GOLD,62
2026-02-27,GOLD,50
2026-02-28,GOLD,54
2026-03-01,GOLD,51
2026-03-02,GOLD,56
2026-03-03,GOLD,60
2026-03-04,GOLD,66
2026-03-05,GOLD,81
2026-03-06,GOLD,46
2026-03-07,GOLD,61
2026-03-08,GOLD,63
2026-03-09,GOLD,53
2026-03-10,GOLD,63
2026-03-11,GOLD,59
2026-03-12,GOLD,60
2026-03-13,GOLD,49
2026-03-14,GOLD,71
2026-03-15,GOLD,56
2026-03-16,GOLD,74
2026-03-17,GOLD,52
2026-03-18,GOLD,75
2026-03-19,GOLD,65
2026-03-20,GOLD,70
2026-03-21,GOLD,71
2026-03-22,GOLD,43
2026-03-23,GOLD,57
2026-03-24,GOLD,56
2025-01-19,GOOGL,18721
2025-01-20,GOOGL,26697
2025-01-21,GOOGL,32354
2025-01-22,GOOGL,27341
2025-01-23,GOOGL,28713
2025-01-24,GOOGL,23999
2025-01-25,GOOGL,20310
2025-01-26,GOOGL,21229
2025-01-27,GOOGL,21390
2025-01-28,GOOGL,23761
2025-01-29,GOOGL,21815
2025-01-30,GOOGL,21064
2025-01-31,GOOGL,20680
2025-02-01,GOOGL,17107
2025-02-02,GOOGL,17979
2025-02-03,GOOGL,22588
2025-02-04,GOOGL,21969
2025-02-05,GOOGL,22304
2025-02-06,GOOGL,23254
2025-02-07,GOOGL,21786
2025-02-08,GOOGL,17446
2025-02-09,GOOGL,17158
2025-02-10,GOOGL,19846
2025-02-11,GOOGL,23682
2025-02-12,GOOGL,21384
2025-02-13,GOOGL,20229
2025-02-14,GOOGL,18492
2025-02-15,GOOGL,16720
2025-02-16,GOOGL,19719
2025-02-17,GOOGL,19538
2025-02-18,GOOGL,18705
2025-02-19,GOOGL,17500
2025-02-20,GOOGL,18079
2025-02-21,GOOGL,16742
2025-02-22,GOOGL,14926
2025-02-23,GOOGL,13458
2025-02-24,GOOGL,19763
2025-02-25,GOOGL,19062
2025-02-26,GOOGL,18675
2025-02-27,GOOGL,17920
2025-02-28,GOOGL,17616
2025-03-01,GOOGL,15240
2025-03-02,GOOGL,14042
2025-03-03,GOOGL,16162
2025-03-04,GOOGL,17527
2025-03-05,GOOGL,19322
2025-03-06,GOOGL,17498
2025-03-07,GOOGL,23504
2025-03-08,GOOGL,16638
2025-03-09,GOOGL,14248
2025-03-10,GOOGL,17727
2025-03-11,GOOGL,18687
2025-03-12,GOOGL,17844
2025-03-13,GOOGL,16226
2025-03-14,GOOGL,14985
2025-03-15,GOOGL,13515
2025-03-16,GOOGL,13454
2025-03-17,GOOGL,16650
2025-03-18,GOOGL,18117
2025-03-19,GOOGL,18239
2025-03-20,GOOGL,16455
2025-03-21,GOOGL,14928
2025-03-22,GOOGL,12762
2025-03-23,GOOGL,14397
2025-03-24,GOOGL,16323
2025-03-25,GOOGL,17568
2025-03-26,GOOGL,16156
2025-03-27,GOOGL,15600
2025-03-28,GOOGL,15736
2025-03-29,GOOGL,13528
2025-03-30,GOOGL,14862
2025-03-31,GOOGL,15688
2025-04-01,GOOGL,17125
2025-04-02,GOOGL,17957
2025-04-03,GOOGL,16199
2025-04-04,GOOGL,15067
2025-04-05,GOOGL,14843
2025-04-06,GOOGL,13607
2025-04-07,GOOGL,16986
2025-04-08,GOOGL,16429
2025-04-09,GOOGL,17869
2025-04-10,GOOGL,17022
2025-04-11,GOOGL,16822
2025-04-12,GOOGL,13917
2025-04-13,GOOGL,14210
2025-04-14,GOOGL,16840
2025-04-15,GOOGL,17353
2025-04-16,GOOGL,16376
2025-04-17,GOOGL,17426
2025-04-18,GOOGL,14641
2025-04-19,GOOGL,13426
2025-04-20,GOOGL,12471
2025-04-21,GOOGL,14499
2025-04-22,GOOGL,16903
2025-04-23,GOOGL,16804
2025-04-24,GOOGL,17850
2025-04-25,GOOGL,15688
2025-04-26,GOOGL,13194
2025-04-27,GOOGL,13068
2025-04-28,GOOGL,16716
2025-04-29,GOOGL,24502
2025-04-30,GOOGL,18089
2025-05-01,GOOGL,14968
2025-05-02,GOOGL,14683
2025-05-03,GOOGL,12437
2025-05-04,GOOGL,11950
2025-05-05,GOOGL,14368
2025-05-06,GOOGL,15868
2025-05-07,GOOGL,16135
2025-05-08,GOOGL,15589
2025-05-09,GOOGL,14863
2025-05-10,GOOGL,14893
2025-05-11,GOOGL,13159
2025-05-12,GOOGL,17705
2025-05-13,GOOGL,20331
2025-05-14,GOOGL,19370
2025-05-15,GOOGL,17236
2025-05-16,GOOGL,16493
2025-05-17,GOOGL,12551
2025-05-18,GOOGL,12410
2025-05-19,GOOGL,15315
2025-05-20,GOOGL,15741
2025-05-21,GOOGL,16765
2025-05-22,GOOGL,16676
2025-05-23,GOOGL,16042
2025-05-24,GOOGL,14002
2025-05-25,GOOGL,13076
2025-05-26,GOOGL,15374
2025-05-27,GOOGL,16167
2025-05-28,GOOGL,15901
2025-05-29,GOOGL,15232
2025-05-30,GOOGL,14297
2025-05-31,GOOGL,12343
2025-06-01,GOOGL,12000
2025-06-02,GOOGL,13795
2025-06-03,GOOGL,14578
2025-06-04,GOOGL,14075
2025-06-05,GOOGL,13846
2025-06-06,GOOGL,13237
2025-06-07,GOOGL,12469
2025-06-08,GOOGL,12286
2025-06-09,GOOGL,15238
2025-06-10,GOOGL,14691
2025-06-11,GOOGL,14671
2025-06-12,GOOGL,15128
2025-06-13,GOOGL,14422
2025-06-14,GOOGL,13056
2025-06-15,GOOGL,12327
2025-06-16,GOOGL,16078
2025-06-17,GOOGL,16483
2025-06-18,GOOGL,16140
2025-06-19,GOOGL,14955
2025-06-20,GOOGL,14741
2025-06-21,GOOGL,13577
2025-06-22,GOOGL,13759
2025-06-23,GOOGL,16368
2025-06-24,GOOGL,16978
2025-06-25,GOOGL,18478
2025-06-26,GOOGL,16201
2025-06-27,GOOGL,13745
2025-06-28,GOOGL,14805
2025-06-29,GOOGL,16192
2025-06-30,GOOGL,17430
2025-07-01,GOOGL,16366
2025-07-02,GOOGL,14236
2025-07-03,GOOGL,13971
2025-07-04,GOOGL,14002
2025-07-05,GOOGL,12398
2025-07-06,GOOGL,11630
2025-07-07,GOOGL,14715
2025-07-08,GOOGL,15842
2025-07-09,GOOGL,14030
2025-07-10,GOOGL,14973
2025-07-11,GOOGL,14596
2025-07-12,GOOGL,12718
2025-07-13,GOOGL,14557
2025-07-14,GOOGL,15707
2025-07-15,GOOGL,15758
2025-07-16,GOOGL,19198
2025-07-17,GOOGL,15076
2025-07-18,GOOGL,15058
2025-07-19,GOOGL,13658
2025-07-20,GOOGL,15643
2025-07-21,GOOGL,17909
2025-07-22,GOOGL,20225
2025-07-23,GOOGL,19249
2025-07-24,GOOGL,18875
2025-07-25,GOOGL,17127
2025-07-26,GOOGL,17070
2025-07-27,GOOGL,17270
2025-07-28,GOOGL,18010
2025-07-29,GOOGL,17206
2025-07-30,GOOGL,17515
2025-07-31,GOOGL,19145
2025-08-01,GOOGL,17787
2025-08-02,GOOGL,16204
2025-08-03,GOOGL,16559
2025-08-04,GOOGL,18622
2025-08-05,GOOGL,18571
2025-08-06,GOOGL,20557
2025-08-07,GOOGL,22130
2025-08-08,GOOGL,19349
2025-08-09,GOOGL,17326
2025-08-10,GOOGL,16760
2025-08-11,GOOGL,19288
2025-08-12,GOOGL,19395
2025-08-13,GOOGL,19735
2025-08-14,GOOGL,20679
2025-08-15,GOOGL,18684
2025-08-16,GOOGL,17385
2025-08-17,GOOGL,17146
2025-08-18,GOOGL,18762
2025-08-19,GOOGL,19935
2025-08-20,GOOGL,19166
2025-08-21,GOOGL,19677
2025-08-22,GOOGL,19541
2025-08-23,GOOGL,17356
2025-08-24,GOOGL,16763
2025-08-25,GOOGL,21861
2025-08-26,GOOGL,1441092
2025-08-27,GOOGL,21934
2025-08-28,GOOGL,19785
2025-08-29,GOOGL,18112
2025-08-30,GOOGL,16697
2025-08-31,GOOGL,16290
2025-09-01,GOOGL,18381
2025-09-02,GOOGL,20266
2025-09-03,GOOGL,21927
2025-09-04,GOOGL,23317
2025-09-05,GOOGL,21898
2025-09-06,GOOGL,21269
2025-09-07,GOOGL,19259
2025-09-08,GOOGL,22912
2025-09-09,GOOGL,24526
2025-09-10,GOOGL,25274
2025-09-11,GOOGL,25400
2025-09-12,GOOGL,25947
2025-09-13,GOOGL,21972
2025-09-14,GOOGL,23301
2025-09-15,GOOGL,25936
2025-09-16,GOOGL,25044
2025-09-17,GOOGL,23622
2025-09-18,GOOGL,25406
2025-09-19,GOOGL,21063
2025-09-20,GOOGL,20249
2025-09-21,GOOGL,20445
2025-09-22,GOOGL,24003
2025-09-23,GOOGL,26831
2025-09-24,GOOGL,22679
2025-09-25,GOOGL,21707
2025-09-26,GOOGL,21970
2025-09-27,GOOGL,54532
2025-09-28,GOOGL,22920
2025-09-29,GOOGL,24157
2025-09-30,GOOGL,19914
2025-10-01,GOOGL,21968
2025-10-02,GOOGL,20526
2025-10-03,GOOGL,19869
2025-10-04,GOOGL,17902
2025-10-05,GOOGL,19368
2025-10-06,GOOGL,21392
2025-10-07,GOOGL,23228
2025-10-08,GOOGL,24068
2025-10-09,GOOGL,24266
2025-10-10,GOOGL,22274
2025-10-11,GOOGL,19430
2025-10-12,GOOGL,18808
2025-10-13,GOOGL,21063
2025-10-14,GOOGL,23226
2025-10-15,GOOGL,23680
2025-10-16,GOOGL,24141
2025-10-17,GOOGL,21467
2025-10-18,GOOGL,17943
2025-10-19,GOOGL,17566
2025-10-20,GOOGL,19974
2025-10-21,GOOGL,21912
2025-10-22,GOOGL,22876
2025-10-23,GOOGL,20014
2025-10-24,GOOGL,20225
2025-10-25,GOOGL,18131
2025-10-26,GOOGL,18622
2025-10-27,GOOGL,21592
2025-10-28,GOOGL,22831
2025-10-29,GOOGL,24384
2025-10-30,GOOGL,24403
2025-10-31,GOOGL,22649
2025-11-01,GOOGL,20238
2025-11-02,GOOGL,21981
2025-11-03,GOOGL,23355
2025-11-04,GOOGL,24839
2025-11-05,GOOGL,25518
2025-11-06,GOOGL,25413
2025-11-07,GOOGL,26208
2025-11-08,GOOGL,21263
2025-11-09,GOOGL,21183
2025-11-10,GOOGL,25552
2025-11-11,GOOGL,24185
2025-11-12,GOOGL,23723
2025-11-13,GOOGL,23102
2025-11-14,GOOGL,24272
2025-11-15,GOOGL,21492
2025-11-16,GOOGL,31384
2025-11-17,GOOGL,28193
2025-11-18,GOOGL,27246
2025-11-19,GOOGL,24175
2025-11-20,GOOGL,24789
2025-11-21,GOOGL,25398
2025-11-22,GOOGL,23776
2025-11-23,GOOGL,23780
2025-11-24,GOOGL,27434
2025-11-25,GOOGL,30018
2025-11-26,GOOGL,28580
2025-11-27,GOOGL,24196
2025-11-28,GOOGL,22704
2025-11-29,GOOGL,20323
2025-11-30,GOOGL,19820
2025-12-01,GOOGL,23578
2025-12-02,GOOGL,24345
2025-12-03,GOOGL,25196
2025-12-04,GOOGL,22357
2025-12-05,GOOGL,22369
2025-12-06,GOOGL,20309
2025-12-07,GOOGL,17256
2025-12-08,GOOGL,21036
2025-12-09,GOOGL,20796
2025-12-10,GOOGL,22355
2025-12-11,GOOGL,26266
2025-12-12,GOOGL,23853
2025-12-13,GOOGL,20409
2025-12-14,GOOGL,21024
2025-12-15,GOOGL,27607
2025-12-16,GOOGL,26921
2025-12-17,GOOGL,37673
2025-12-18,GOOGL,24863
2025-12-19,GOOGL,24791
2025-12-20,GOOGL,22766
2025-12-21,GOOGL,20782
2025-12-22,GOOGL,23355
2025-12-23,GOOGL,25680
2025-12-24,GOOGL,21257
2025-12-25,GOOGL,18253
2025-12-26,GOOGL,19692
2025-12-27,GOOGL,20644
2025-12-28,GOOGL,20387
2025-12-29,GOOGL,22921
2025-12-30,GOOGL,21528
2025-12-31,GOOGL,20276
2026-01-01,GOOGL,17970
2026-01-02,GOOGL,18592
2026-01-03,GOOGL,18028
2026-01-04,GOOGL,20804
2026-01-05,GOOGL,25366
2026-01-06,GOOGL,27583
2026-01-07,GOOGL,28138
2026-01-08,GOOGL,25485
2026-01-09,GOOGL,24748
2026-01-10,GOOGL,23571
2026-01-11,GOOGL,22570
2026-01-12,GOOGL,26746
2026-01-13,GOOGL,28086
2026-01-14,GOOGL,27441
2026-01-15,GOOGL,27117
2026-01-16,GOOGL,26423
2026-01-17,GOOGL,21515
2026-01-18,GOOGL,21202
2026-01-19,GOOGL,25607
2026-01-20,GOOGL,25796
2026-01-21,GOOGL,25895
2026-01-22,GOOGL,26200
2026-01-23,GOOGL,21708
2026-01-24,GOOGL,18129
2026-01-25,GOOGL,18894
2026-01-26,GOOGL,42611
2026-01-27,GOOGL,34139
2026-01-28,GOOGL,45851
2026-01-29,GOOGL,26589
2026-01-30,GOOGL,50785
2026-01-31,GOOGL,20511
2026-02-01,GOOGL,20057
2026-02-02,GOOGL,25434
2026-02-03,GOOGL,25858
2026-02-04,GOOGL,26696
2026-02-05,GOOGL,28619
2026-02-06,GOOGL,31991
2026-02-07,GOOGL,21931
2026-02-08,GOOGL,21096
2026-02-09,GOOGL,23884
2026-02-10,GOOGL,24766
2026-02-11,GOOGL,34874
2026-02-12,GOOGL,26181
2026-02-13,GOOGL,24415
2026-02-14,GOOGL,20674
2026-02-15,GOOGL,20535
2026-02-16,GOOGL,25321
2026-02-17,GOOGL,27032
2026-02-18,GOOGL,27138
2026-02-19,GOOGL,28486
2026-02-20,GOOGL,26758
2026-02-21,GOOGL,22347
2026-02-22,GOOGL,22197
2026-02-23,GOOGL,36013
2026-02-24,GOOGL,28352
2026-02-25,GOOGL,28019
2026-02-26,GOOGL,30965
2026-02-27,GOOGL,26717
2026-02-28,GOOGL,20871
2026-03-01,GOOGL,21154
2026-03-02,GOOGL,25443
2026-03-03,GOOGL,26495
2026-03-04,GOOGL,26930
2026-03-05,GOOGL,24242
2026-03-06,GOOGL,20045
2026-03-07,GOOGL,17033
2026-03-08,GOOGL,16007
2026-03-09,GOOGL,21062
2026-03-10,GOOGL,21572
2026-03-11,GOOGL,24445
2026-03-12,GOOGL,22022
2026-03-13,GOOGL,19687
2026-03-14,GOOGL,15068
2026-03-15,GOOGL,15024
2026-03-16,GOOGL,19409
2026-03-17,GOOGL,18797
2026-03-18,GOOGL,17877
2026-03-19,GOOGL,17330
2026-03-20,GOOGL,16458
2026-03-21,GOOGL,14362
2026-03-22,GOOGL,14013
2026-03-23,GOOGL,19009
2026-03-24,GOOGL,18919
2025-01-19,GS,2779
2025-01-20,GS,2646
2025-01-21,GS,2948
2025-01-22,GS,3140
2025-01-23,GS,3189
2025-01-24,GS,2832
2025-01-25,GS,2464
2025-01-26,GS,2862
2025-01-27,GS,2857
2025-01-28,GS,2905
2025-01-29,GS,2788
2025-01-30,GS,2922
2025-01-31,GS,2978
2025-02-01,GS,2341
2025-02-02,GS,2400
2025-02-03,GS,2659
2025-02-04,GS,2777
2025-02-05,GS,2627
2025-02-06,GS,2708
2025-02-07,GS,2815
2025-02-08,GS,2245
2025-02-09,GS,2342
2025-02-10,GS,2419
2025-02-11,GS,2677
2025-02-12,GS,3326
2025-02-13,GS,2634
2025-02-14,GS,2467
2025-02-15,GS,2032
2025-02-16,GS,2049
2025-02-17,GS,2563
2025-02-18,GS,2542
2025-02-19,GS,2735
2025-02-20,GS,2722
2025-02-21,GS,2551
2025-02-22,GS,2116
2025-02-23,GS,2310
2025-02-24,GS,2738
2025-02-25,GS,2606
2025-02-26,GS,2498
2025-02-27,GS,2630
2025-02-28,GS,2589
2025-03-01,GS,2038
2025-03-02,GS,2104
2025-03-03,GS,2520
2025-03-04,GS,2730
2025-03-05,GS,2979
2025-03-06,GS,2780
2025-03-07,GS,2995
2025-03-08,GS,2667
2025-03-09,GS,3131
2025-03-10,GS,6214
2025-03-11,GS,4242
2025-03-12,GS,3774
2025-03-13,GS,3550
2025-03-14,GS,3560
2025-03-15,GS,3174
2025-03-16,GS,2751
2025-03-17,GS,3308
2025-03-18,GS,3090
2025-03-19,GS,3308
2025-03-20,GS,3092
2025-03-21,GS,2937
2025-03-22,GS,2353
2025-03-23,GS,2537
2025-03-24,GS,3098
2025-03-25,GS,2996
2025-03-26,GS,3353
2025-03-27,GS,3143
2025-03-28,GS,2967
2025-03-29,GS,2572
2025-03-30,GS,2435
2025-03-31,GS,2886
2025-04-01,GS,2871
2025-04-02,GS,3037
2025-04-03,GS,3048
2025-04-04,GS,2985
2025-04-05,GS,2396
2025-04-06,GS,2299
2025-04-07,GS,3617
2025-04-08,GS,3240
2025-04-09,GS,3331
2025-04-10,GS,3288
2025-04-11,GS,3081
2025-04-12,GS,2807
2025-04-13,GS,2533
2025-04-14,GS,3687
2025-04-15,GS,3385
2025-04-16,GS,3357
2025-04-17,GS,3030
2025-04-18,GS,2861
2025-04-19,GS,2597
2025-04-20,GS,2585
2025-04-21,GS,2823
2025-04-22,GS,2913
2025-04-23,GS,2856
2025-04-24,GS,2687
2025-04-25,GS,2485
2025-04-26,GS,1989
2025-04-27,GS,2096
2025-04-28,GS,2741
2025-04-29,GS,4194
2025-04-30,GS,3091
2025-05-01,GS,2480
2025-05-02,GS,2487
2025-05-03,GS,2181
2025-05-04,GS,2182
2025-05-05,GS,2358
2025-05-06,GS,2538
2025-05-07,GS,2533
2025-05-08,GS,2141
2025-05-09,GS,1951
2025-05-10,GS,1649
2025-05-11,GS,1720
2025-05-12,GS,1961
2025-05-13,GS,2348
2025-05-14,GS,2328
2025-05-15,GS,2277
2025-05-16,GS,1997
2025-05-17,GS,1641
2025-05-18,GS,1762
2025-05-19,GS,1883
2025-05-20,GS,2110
2025-05-21,GS,1969
2025-05-22,GS,1962
2025-05-23,GS,2002
2025-05-24,GS,1716
2025-05-25,GS,1577
2025-05-26,GS,2048
2025-05-27,GS,2560
2025-05-28,GS,2308
2025-05-29,GS,2236
2025-05-30,GS,2084
2025-05-31,GS,1703
2025-06-01,GS,1681
2025-06-02,GS,1894
2025-06-03,GS,2039
2025-06-04,GS,1942
2025-06-05,GS,2052
2025-06-06,GS,1976
2025-06-07,GS,1840
2025-06-08,GS,1741
2025-06-09,GS,2050
2025-06-10,GS,2078
2025-06-11,GS,2032
2025-06-12,GS,1940
2025-06-13,GS,1947
2025-06-14,GS,1635
2025-06-15,GS,1641
2025-06-16,GS,1966
2025-06-17,GS,2274
2025-06-18,GS,2388
2025-06-19,GS,2281
2025-06-20,GS,2061
2025-06-21,GS,1937
2025-06-22,GS,1940
2025-06-23,GS,2215
2025-06-24,GS,2198
2025-06-25,GS,2306
2025-06-26,GS,2284
2025-06-27,GS,2171
2025-06-28,GS,1674
2025-06-29,GS,1777
2025-06-30,GS,1928
2025-07-01,GS,2016
2025-07-02,GS,2220
2025-07-03,GS,2019
2025-07-04,GS,2013
2025-07-05,GS,1796
2025-07-06,GS,1793
2025-07-07,GS,2290
2025-07-08,GS,4104
2025-07-09,GS,6275
2025-07-10,GS,4201
2025-07-11,GS,3082
2025-07-12,GS,2325
2025-07-13,GS,2252
2025-07-14,GS,2727
2025-07-15,GS,2756
2025-07-16,GS,3117
2025-07-17,GS,2696
2025-07-18,GS,2480
2025-07-19,GS,2014
2025-07-20,GS,1967
2025-07-21,GS,2203
2025-07-22,GS,2521
2025-07-23,GS,2904
2025-07-24,GS,2648
2025-07-25,GS,2384
2025-07-26,GS,2083
2025-07-27,GS,2203
2025-07-28,GS,2324
2025-07-29,GS,2656
2025-07-30,GS,2744
2025-07-31,GS,2538
2025-08-01,GS,2653
2025-08-02,GS,2262
2025-08-03,GS,2147
2025-08-04,GS,2436
2025-08-05,GS,2595
2025-08-06,GS,2563
2025-08-07,GS,2710
2025-08-08,GS,2559
2025-08-09,GS,2243
2025-08-10,GS,2403
2025-08-11,GS,2483
2025-08-12,GS,2711
2025-08-13,GS,2879
2025-08-14,GS,2525
2025-08-15,GS,2592
2025-08-16,GS,1993
2025-08-17,GS,1892
2025-08-18,GS,2434
2025-08-19,GS,2740
2025-08-20,GS,2780
2025-08-21,GS,2723
2025-08-22,GS,2489
2025-08-23,GS,2054
2025-08-24,GS,2077
2025-08-25,GS,2405
2025-08-26,GS,2619
2025-08-27,GS,2521
2025-08-28,GS,2243
2025-08-29,GS,2106
2025-08-30,GS,1862
2025-08-31,GS,1843
2025-09-01,GS,2111
2025-09-02,GS,2227
2025-09-03,GS,2264
2025-09-04,GS,2405
2025-09-05,GS,2659
2025-09-06,GS,2105
2025-09-07,GS,2116
2025-09-08,GS,2294
2025-09-09,GS,2450
2025-09-10,GS,2304
2025-09-11,GS,2226
2025-09-12,GS,2113
2025-09-13,GS,1877
2025-09-14,GS,1898
2025-09-15,GS,2342
2025-09-16,GS,2432
2025-09-17,GS,2351
2025-09-18,GS,2260
2025-09-19,GS,2102
2025-09-20,GS,1720
2025-09-21,GS,1823
2025-09-22,GS,2227
2025-09-23,GS,2433
2025-09-24,GS,2141
2025-09-25,GS,2103
2025-09-26,GS,2118
2025-09-27,GS,1725
2025-09-28,GS,1743
2025-09-29,GS,1966
2025-09-30,GS,1960
2025-10-01,GS,2179
2025-10-02,GS,2329
2025-10-03,GS,2275
2025-10-04,GS,1986
2025-10-05,GS,1950
2025-10-06,GS,2514
2025-10-07,GS,2430
2025-10-08,GS,2629
2025-10-09,GS,2553
2025-10-10,GS,2174
2025-10-11,GS,1934
2025-10-12,GS,1915
2025-10-13,GS,2388
2025-10-14,GS,2556
2025-10-15,GS,2426
2025-10-16,GS,2355
2025-10-17,GS,2252
2025-10-18,GS,1997
2025-10-19,GS,1930
2025-10-20,GS,2087
2025-10-21,GS,2280
2025-10-22,GS,2456
2025-10-23,GS,2361
2025-10-24,GS,2348
2025-10-25,GS,2065
2025-10-26,GS,1938
2025-10-27,GS,2224
2025-10-28,GS,2305
2025-10-29,GS,2259
2025-10-30,GS,2467
2025-10-31,GS,2128
2025-11-01,GS,1733
2025-11-02,GS,1830
2025-11-03,GS,2037
2025-11-04,GS,2243
2025-11-05,GS,2519
2025-11-06,GS,2580
2025-11-07,GS,2325
2025-11-08,GS,2049
2025-11-09,GS,2054
2025-11-10,GS,2310
2025-11-11,GS,2343
2025-11-12,GS,2507
2025-11-13,GS,2472
2025-11-14,GS,2218
2025-11-15,GS,1828
2025-11-16,GS,1978
2025-11-17,GS,2309
2025-11-18,GS,2337
2025-11-19,GS,2332
2025-11-20,GS,2350
2025-11-21,GS,2137
2025-11-22,GS,1861
2025-11-23,GS,1845
2025-11-24,GS,2221
2025-11-25,GS,2252
2025-11-26,GS,2078
2025-11-27,GS,1908
2025-11-28,GS,2026
2025-11-29,GS,1623
2025-11-30,GS,1772
2025-12-01,GS,2009
2025-12-02,GS,2132
2025-12-03,GS,2070
2025-12-04,GS,2226
2025-12-05,GS,1978
2025-12-06,GS,1766
2025-12-07,GS,1794
2025-12-08,GS,1948
2025-12-09,GS,1866
2025-12-10,GS,2022
2025-12-11,GS,2485
2025-12-12,GS,2489
2025-12-13,GS,1799
2025-12-14,GS,1740
2025-12-15,GS,1923
2025-12-16,GS,1946
2025-12-17,GS,2143
2025-12-18,GS,1872
2025-12-19,GS,1759
2025-12-20,GS,1469
2025-12-21,GS,1712
2025-12-22,GS,1629
2025-12-23,GS,1866
2025-12-24,GS,1775
2025-12-25,GS,1510
2025-12-26,GS,1766
2025-12-27,GS,1622
2025-12-28,GS,1587
2025-12-29,GS,1729
2025-12-30,GS,1735
2025-12-31,GS,1440
2026-01-01,GS,1504
2026-01-02,GS,1724
2026-01-03,GS,1544
2026-01-04,GS,1626
2026-01-05,GS,1942
2026-01-06,GS,2031
2026-01-07,GS,2143
2026-01-08,GS,2247
2026-01-09,GS,1980
2026-01-10,GS,1736
2026-01-11,GS,1673
2026-01-12,GS,1955
2026-01-13,GS,2111
2026-01-14,GS,1954
2026-01-15,GS,2224
2026-01-16,GS,1966
2026-01-17,GS,1804
2026-01-18,GS,1761
2026-01-19,GS,1962
2026-01-20,GS,2061
2026-01-21,GS,2362
2026-01-22,GS,2371
2026-01-23,GS,2308
2026-01-24,GS,2035
2026-01-25,GS,1864
2026-01-26,GS,1967
2026-01-27,GS,2179
2026-01-28,GS,2022
2026-01-29,GS,2108
2026-01-30,GS,2112
2026-01-31,GS,1839
2026-02-01,GS,1946
2026-02-02,GS,2213
2026-02-03,GS,2304
2026-02-04,GS,2346
2026-02-05,GS,2238
2026-02-06,GS,1933
2026-02-07,GS,2047
2026-02-08,GS,1898
2026-02-09,GS,2072
2026-02-10,GS,2174
2026-02-11,GS,2234
2026-02-12,GS,2291
2026-02-13,GS,4184
2026-02-14,GS,2495
2026-02-15,GS,2243
2026-02-16,GS,2186
2026-02-17,GS,2339
2026-02-18,GS,2183
2026-02-19,GS,2341
2026-02-20,GS,2113
2026-02-21,GS,1894
2026-02-22,GS,2000
2026-02-23,GS,2054
2026-02-24,GS,2299
2026-02-25,GS,2135
2026-02-26,GS,2155
2026-02-27,GS,1924
2026-02-28,GS,1619
2026-03-01,GS,1684
2026-03-02,GS,2182
2026-03-03,GS,2021
2026-03-04,GS,2119
2026-03-05,GS,2087
2026-03-06,GS,2099
2026-03-07,GS,1866
2026-03-08,GS,2397
2026-03-09,GS,2122
2026-03-10,GS,2189
2026-03-11,GS,2021
2026-03-12,GS,2217
2026-03-13,GS,2126
2026-03-14,GS,2189
2026-03-15,GS,2159
2026-03-16,GS,2051
2026-03-17,GS,2081
2026-03-18,GS,2011
2026-03-19,GS,1937
2026-03-20,GS,1919
2026-03-21,GS,1674
2026-03-22,GS,1727
2026-03-23,GS,2245
2026-03-24,GS,2282
2025-01-19,HPE,500
2025-01-20,HPE,732
2025-01-21,HPE,880
2025-01-22,HPE,1004
2025-01-23,HPE,930
2025-01-24,HPE,804
2025-01-25,HPE,591
2025-01-26,HPE,615
2025-01-27,HPE,915
2025-01-28,HPE,878
2025-01-29,HPE,826
2025-01-30,HPE,1005
2025-01-31,HPE,977
2025-02-01,HPE,573
2025-02-02,HPE,523
2025-02-03,HPE,988
2025-02-04,HPE,765
2025-02-05,HPE,821
2025-02-06,HPE,786
2025-02-07,HPE,704
2025-02-08,HPE,564
2025-02-09,HPE,491
2025-02-10,HPE,732
2025-02-11,HPE,759
2025-02-12,HPE,771
2025-02-13,HPE,710
2025-02-14,HPE,700
2025-02-15,HPE,508
2025-02-16,HPE,509
2025-02-17,HPE,731
2025-02-18,HPE,749
2025-02-19,HPE,1038
2025-02-20,HPE,828
2025-02-21,HPE,694
2025-02-22,HPE,439
2025-02-23,HPE,486
2025-02-24,HPE,692
2025-02-25,HPE,733
2025-02-26,HPE,585
2025-02-27,HPE,723
2025-02-28,HPE,699
2025-03-01,HPE,535
2025-03-02,HPE,454
2025-03-03,HPE,692
2025-03-04,HPE,723
2025-03-05,HPE,658
2025-03-06,HPE,931
2025-03-07,HPE,1410
2025-03-08,HPE,698
2025-03-09,HPE,613
2025-03-10,HPE,910
2025-03-11,HPE,862
2025-03-12,HPE,933
2025-03-13,HPE,1031
2025-03-14,HPE,700
2025-03-15,HPE,577
2025-03-16,HPE,566
2025-03-17,HPE,677
2025-03-18,HPE,871
2025-03-19,HPE,732
2025-03-20,HPE,733
2025-03-21,HPE,693
2025-03-22,HPE,520
2025-03-23,HPE,491
2025-03-24,HPE,705
2025-03-25,HPE,682
2025-03-26,HPE,660
2025-03-27,HPE,665
2025-03-28,HPE,594
2025-03-29,HPE,458
2025-03-30,HPE,377
2025-03-31,HPE,521
2025-04-01,HPE,621
2025-04-02,HPE,664
2025-04-03,HPE,639
2025-04-04,HPE,643
2025-04-05,HPE,429
2025-04-06,HPE,419
2025-04-07,HPE,635
2025-04-08,HPE,636
2025-04-09,HPE,646
2025-04-10,HPE,675
2025-04-11,HPE,614
2025-04-12,HPE,422
2025-04-13,HPE,457
2025-04-14,HPE,584
2025-04-15,HPE,916
2025-04-16,HPE,651
2025-04-17,HPE,608
2025-04-18,HPE,469
2025-04-19,HPE,423
2025-04-20,HPE,368
2025-04-21,HPE,536
2025-04-22,HPE,592
2025-04-23,HPE,534
2025-04-24,HPE,598
2025-04-25,HPE,494
2025-04-26,HPE,370
2025-04-27,HPE,376
2025-04-28,HPE,532
2025-04-29,HPE,531
2025-04-30,HPE,574
2025-05-01,HPE,481
2025-05-02,HPE,452
2025-05-03,HPE,426
2025-05-04,HPE,432
2025-05-05,HPE,544
2025-05-06,HPE,561
2025-05-07,HPE,579
2025-05-08,HPE,480
2025-05-09,HPE,500
2025-05-10,HPE,420
2025-05-11,HPE,346
2025-05-12,HPE,512
2025-05-13,HPE,579
2025-05-14,HPE,596
2025-05-15,HPE,617
2025-05-16,HPE,598
2025-05-17,HPE,434
2025-05-18,HPE,412
2025-05-19,HPE,598
2025-05-20,HPE,557
2025-05-21,HPE,599
2025-05-22,HPE,576
2025-05-23,HPE,480
2025-05-24,HPE,349
2025-05-25,HPE,369
2025-05-26,HPE,508
2025-05-27,HPE,534
2025-05-28,HPE,610
2025-05-29,HPE,607
2025-05-30,HPE,502
2025-05-31,HPE,307
2025-06-01,HPE,376
2025-06-02,HPE,528
2025-06-03,HPE,599
2025-06-04,HPE,688
2025-06-05,HPE,558
2025-06-06,HPE,533
2025-06-07,HPE,357
2025-06-08,HPE,357
2025-06-09,HPE,559
2025-06-10,HPE,603
2025-06-11,HPE,552
2025-06-12,HPE,601
2025-06-13,HPE,640
2025-06-14,HPE,415
2025-06-15,HPE,377
2025-06-16,HPE,614
2025-06-17,HPE,543
2025-06-18,HPE,620
2025-06-19,HPE,581
2025-06-20,HPE,546
2025-06-21,HPE,420
2025-06-22,HPE,386
2025-06-23,HPE,534
2025-06-24,HPE,624
2025-06-25,HPE,673
2025-06-26,HPE,623
2025-06-27,HPE,503
2025-06-28,HPE,523
2025-06-29,HPE,527
2025-06-30,HPE,745
2025-07-01,HPE,623
2025-07-02,HPE,1035
2025-07-03,HPE,923
2025-07-04,HPE,663
2025-07-05,HPE,478
2025-07-06,HPE,466
2025-07-07,HPE,747
2025-07-08,HPE,1083
2025-07-09,HPE,953
2025-07-10,HPE,780
2025-07-11,HPE,693
2025-07-12,HPE,448
2025-07-13,HPE,429
2025-07-14,HPE,663
2025-07-15,HPE,674
2025-07-16,HPE,640
2025-07-17,HPE,676
2025-07-18,HPE,610
2025-07-19,HPE,444
2025-07-20,HPE,408
2025-07-21,HPE,674
2025-07-22,HPE,1417
2025-07-23,HPE,1094
2025-07-24,HPE,842
2025-07-25,HPE,870
2025-07-26,HPE,600
2025-07-27,HPE,409
2025-07-28,HPE,647
2025-07-29,HPE,661
2025-07-30,HPE,713
2025-07-31,HPE,652
2025-08-01,HPE,816
2025-08-02,HPE,455
2025-08-03,HPE,526
2025-08-04,HPE,630
2025-08-05,HPE,627
2025-08-06,HPE,637
2025-08-07,HPE,826
2025-08-08,HPE,645
2025-08-09,HPE,452
2025-08-10,HPE,383
2025-08-11,HPE,608
2025-08-12,HPE,669
2025-08-13,HPE,602
2025-08-14,HPE,650
2025-08-15,HPE,506
2025-08-16,HPE,448
2025-08-17,HPE,453
2025-08-18,HPE,605
2025-08-19,HPE,1062
2025-08-20,HPE,616
2025-08-21,HPE,650
2025-08-22,HPE,562
2025-08-23,HPE,461
2025-08-24,HPE,400
2025-08-25,HPE,601
2025-08-26,HPE,598
2025-08-27,HPE,623
2025-08-28,HPE,650
2025-08-29,HPE,624
2025-08-30,HPE,438
2025-08-31,HPE,411
2025-09-01,HPE,518
2025-09-02,HPE,628
2025-09-03,HPE,731
2025-09-04,HPE,735
2025-09-05,HPE,649
2025-09-06,HPE,483
2025-09-07,HPE,397
2025-09-08,HPE,618
2025-09-09,HPE,758
2025-09-10,HPE,793
2025-09-11,HPE,631
2025-09-12,HPE,874
2025-09-13,HPE,521
2025-09-14,HPE,531
2025-09-15,HPE,710
2025-09-16,HPE,711
2025-09-17,HPE,712
2025-09-18,HPE,749
2025-09-19,HPE,631
2025-09-20,HPE,456
2025-09-21,HPE,377
2025-09-22,HPE,704
2025-09-23,HPE,681
2025-09-24,HPE,687
2025-09-25,HPE,725
2025-09-26,HPE,581
2025-09-27,HPE,418
2025-09-28,HPE,400
2025-09-29,HPE,559
2025-09-30,HPE,603
2025-10-01,HPE,583
2025-10-02,HPE,589
2025-10-03,HPE,540
2025-10-04,HPE,438
2025-10-05,HPE,477
2025-10-06,HPE,651
2025-10-07,HPE,618
2025-10-08,HPE,653
2025-10-09,HPE,669
2025-10-10,HPE,593
2025-10-11,HPE,394
2025-10-12,HPE,435
2025-10-13,HPE,568
2025-10-14,HPE,652
2025-10-15,HPE,776
2025-10-16,HPE,821
2025-10-17,HPE,654
2025-10-18,HPE,448
2025-10-19,HPE,469
2025-10-20,HPE,508
2025-10-21,HPE,632
2025-10-22,HPE,677
2025-10-23,HPE,593
2025-10-24,HPE,573
2025-10-25,HPE,441
2025-10-26,HPE,465
2025-10-27,HPE,727
2025-10-28,HPE,717
2025-10-29,HPE,681
2025-10-30,HPE,694
2025-10-31,HPE,572
2025-11-01,HPE,440
2025-11-02,HPE,435
2025-11-03,HPE,674
2025-11-04,HPE,666
2025-11-05,HPE,668
2025-11-06,HPE,696
2025-11-07,HPE,604
2025-11-08,HPE,450
2025-11-09,HPE,366
2025-11-10,HPE,581
2025-11-11,HPE,653
2025-11-12,HPE,758
2025-11-13,HPE,727
2025-11-14,HPE,580
2025-11-15,HPE,506
2025-11-16,HPE,655
2025-11-17,HPE,733
2025-11-18,HPE,745
2025-11-19,HPE,709
2025-11-20,HPE,639
2025-11-21,HPE,601
2025-11-22,HPE,435
2025-11-23,HPE,479
2025-11-24,HPE,695
2025-11-25,HPE,764
2025-11-26,HPE,971
2025-11-27,HPE,657
2025-11-28,HPE,550
2025-11-29,HPE,450
2025-11-30,HPE,548
2025-12-01,HPE,641
2025-12-02,HPE,712
2025-12-03,HPE,708
2025-12-04,HPE,923
2025-12-05,HPE,756
2025-12-06,HPE,593
2025-12-07,HPE,526
2025-12-08,HPE,727
2025-12-09,HPE,691
2025-12-10,HPE,701
2025-12-11,HPE,797
2025-12-12,HPE,648
2025-12-13,HPE,520
2025-12-14,HPE,469
2025-12-15,HPE,553
2025-12-16,HPE,629
2025-12-17,HPE,616
2025-12-18,HPE,668
2025-12-19,HPE,653
2025-12-20,HPE,437
2025-12-21,HPE,406
2025-12-22,HPE,566
2025-12-23,HPE,564
2025-12-24,HPE,563
2025-12-25,HPE,412
2025-12-26,HPE,431
2025-12-27,HPE,354
2025-12-28,HPE,385
2025-12-29,HPE,463
2025-12-30,HPE,466
2025-12-31,HPE,388
2026-01-01,HPE,351
2026-01-02,HPE,470
2026-01-03,HPE,348
2026-01-04,HPE,373
2026-01-05,HPE,639
2026-01-06,HPE,830
2026-01-07,HPE,767
2026-01-08,HPE,656
2026-01-09,HPE,643
2026-01-10,HPE,374
2026-01-11,HPE,394
2026-01-12,HPE,697
2026-01-13,HPE,630
2026-01-14,HPE,647
2026-01-15,HPE,558
2026-01-16,HPE,648
2026-01-17,HPE,426
2026-01-18,HPE,415
2026-01-19,HPE,524
2026-01-20,HPE,638
2026-01-21,HPE,662
2026-01-22,HPE,744
2026-01-23,HPE,631
2026-01-24,HPE,435
2026-01-25,HPE,424
2026-01-26,HPE,546
2026-01-27,HPE,718
2026-01-28,HPE,627
2026-01-29,HPE,598
2026-01-30,HPE,544
2026-01-31,HPE,387
2026-02-01,HPE,387
2026-02-02,HPE,645
2026-02-03,HPE,766
2026-02-04,HPE,732
2026-02-05,HPE,694
2026-02-06,HPE,641
2026-02-07,HPE,439
2026-02-08,HPE,413
2026-02-09,HPE,614
2026-02-10,HPE,644
2026-02-11,HPE,633
2026-02-12,HPE,660
2026-02-13,HPE,558
2026-02-14,HPE,437
2026-02-15,HPE,337
2026-02-16,HPE,482
2026-02-17,HPE,548
2026-02-18,HPE,591
2026-02-19,HPE,567
2026-02-20,HPE,525
2026-02-21,HPE,444
2026-02-22,HPE,411
2026-02-23,HPE,545
2026-02-24,HPE,611
2026-02-25,HPE,630
2026-02-26,HPE,565
2026-02-27,HPE,543
2026-02-28,HPE,362
2026-03-01,HPE,332
2026-03-02,HPE,501
2026-03-03,HPE,571
2026-03-04,HPE,518
2026-03-05,HPE,630
2026-03-06,HPE,534
2026-03-07,HPE,430
2026-03-08,HPE,467
2026-03-09,HPE,645
2026-03-10,HPE,784
2026-03-11,HPE,631
2026-03-12,HPE,634
2026-03-13,HPE,525
2026-03-14,HPE,397
2026-03-15,HPE,448
2026-03-16,HPE,556
2026-03-17,HPE,557
2026-03-18,HPE,557
2026-03-19,HPE,610
2026-03-20,HPE,534
2026-03-21,HPE,329
2026-03-22,HPE,397
2026-03-23,HPE,572
2026-03-24,HPE,821
2025-01-19,IBKR,744
2025-01-20,IBKR,951
2025-01-21,IBKR,1099
2025-01-22,IBKR,1204
2025-01-23,IBKR,1001
2025-01-24,IBKR,957
2025-01-25,IBKR,690
2025-01-26,IBKR,806
2025-01-27,IBKR,1024
2025-01-28,IBKR,1065
2025-01-29,IBKR,1042
2025-01-30,IBKR,975
2025-01-31,IBKR,915
2025-02-01,IBKR,684
2025-02-02,IBKR,745
2025-02-03,IBKR,945
2025-02-04,IBKR,989
2025-02-05,IBKR,904
2025-02-06,IBKR,865
2025-02-07,IBKR,682
2025-02-08,IBKR,557
2025-02-09,IBKR,607
2025-02-10,IBKR,769
2025-02-11,IBKR,773
2025-02-12,IBKR,696
2025-02-13,IBKR,770
2025-02-14,IBKR,747
2025-02-15,IBKR,624
2025-02-16,IBKR,638
2025-02-17,IBKR,761
2025-02-18,IBKR,761
2025-02-19,IBKR,885
2025-02-20,IBKR,689
2025-02-21,IBKR,727
2025-02-22,IBKR,543
2025-02-23,IBKR,540
2025-02-24,IBKR,736
2025-02-25,IBKR,754
2025-02-26,IBKR,712
2025-02-27,IBKR,688
2025-02-28,IBKR,692
2025-03-01,IBKR,547
2025-03-02,IBKR,600
2025-03-03,IBKR,774
2025-03-04,IBKR,731
2025-03-05,IBKR,859
2025-03-06,IBKR,724
2025-03-07,IBKR,701
2025-03-08,IBKR,508
2025-03-09,IBKR,585
2025-03-10,IBKR,800
2025-03-11,IBKR,861
2025-03-12,IBKR,852
2025-03-13,IBKR,720
2025-03-14,IBKR,678
2025-03-15,IBKR,596
2025-03-16,IBKR,585
2025-03-17,IBKR,740
2025-03-18,IBKR,695
2025-03-19,IBKR,701
2025-03-20,IBKR,607
2025-03-21,IBKR,530
2025-03-22,IBKR,427
2025-03-23,IBKR,482
2025-03-24,IBKR,620
2025-03-25,IBKR,596
2025-03-26,IBKR,614
2025-03-27,IBKR,600
2025-03-28,IBKR,569
2025-03-29,IBKR,446
2025-03-30,IBKR,481
2025-03-31,IBKR,642
2025-04-01,IBKR,571
2025-04-02,IBKR,659
2025-04-03,IBKR,718
2025-04-04,IBKR,768
2025-04-05,IBKR,681
2025-04-06,IBKR,677
2025-04-07,IBKR,1112
2025-04-08,IBKR,937
2025-04-09,IBKR,1063
2025-04-10,IBKR,908
2025-04-11,IBKR,835
2025-04-12,IBKR,596
2025-04-13,IBKR,489
2025-04-14,IBKR,651
2025-04-15,IBKR,810
2025-04-16,IBKR,777
2025-04-17,IBKR,591
2025-04-18,IBKR,503
2025-04-19,IBKR,425
2025-04-20,IBKR,447
2025-04-21,IBKR,542
2025-04-22,IBKR,534
2025-04-23,IBKR,566
2025-04-24,IBKR,590
2025-04-25,IBKR,519
2025-04-26,IBKR,390
2025-04-27,IBKR,421
2025-04-28,IBKR,502
2025-04-29,IBKR,543
2025-04-30,IBKR,545
2025-05-01,IBKR,517
2025-05-02,IBKR,482
2025-05-03,IBKR,403
2025-05-04,IBKR,501
2025-05-05,IBKR,643
2025-05-06,IBKR,632
2025-05-07,IBKR,567
2025-05-08,IBKR,576
2025-05-09,IBKR,562
2025-05-10,IBKR,450
2025-05-11,IBKR,547
2025-05-12,IBKR,656
2025-05-13,IBKR,646
2025-05-14,IBKR,635
2025-05-15,IBKR,535
2025-05-16,IBKR,566
2025-05-17,IBKR,449
2025-05-18,IBKR,514
2025-05-19,IBKR,611
2025-05-20,IBKR,624
2025-05-21,IBKR,531
2025-05-22,IBKR,592
2025-05-23,IBKR,605
2025-05-24,IBKR,477
2025-05-25,IBKR,404
2025-05-26,IBKR,504
2025-05-27,IBKR,631
2025-05-28,IBKR,624
2025-05-29,IBKR,626
2025-05-30,IBKR,518
2025-05-31,IBKR,378
2025-06-01,IBKR,500
2025-06-02,IBKR,510
2025-06-03,IBKR,569
2025-06-04,IBKR,591
2025-06-05,IBKR,514
2025-06-06,IBKR,589
2025-06-07,IBKR,430
2025-06-08,IBKR,424
2025-06-09,IBKR,568
2025-06-10,IBKR,584
2025-06-11,IBKR,591
2025-06-12,IBKR,505
2025-06-13,IBKR,448
2025-06-14,IBKR,432
2025-06-15,IBKR,354
2025-06-16,IBKR,561
2025-06-17,IBKR,470
2025-06-18,IBKR,573
2025-06-19,IBKR,545
2025-06-20,IBKR,505
2025-06-21,IBKR,378
2025-06-22,IBKR,358
2025-06-23,IBKR,482
2025-06-24,IBKR,527
2025-06-25,IBKR,584
2025-06-26,IBKR,560
2025-06-27,IBKR,486
2025-06-28,IBKR,389
2025-06-29,IBKR,436
2025-06-30,IBKR,508
2025-07-01,IBKR,507
2025-07-02,IBKR,525
2025-07-03,IBKR,551
2025-07-04,IBKR,459
2025-07-05,IBKR,383
2025-07-06,IBKR,359
2025-07-07,IBKR,552
2025-07-08,IBKR,510
2025-07-09,IBKR,542
2025-07-10,IBKR,561
2025-07-11,IBKR,565
2025-07-12,IBKR,487
2025-07-13,IBKR,421
2025-07-14,IBKR,612
2025-07-15,IBKR,584
2025-07-16,IBKR,632
2025-07-17,IBKR,697
2025-07-18,IBKR,649
2025-07-19,IBKR,461
2025-07-20,IBKR,495
2025-07-21,IBKR,614
2025-07-22,IBKR,628
2025-07-23,IBKR,639
2025-07-24,IBKR,659
2025-07-25,IBKR,610
2025-07-26,IBKR,451
2025-07-27,IBKR,516
2025-07-28,IBKR,720
2025-07-29,IBKR,658
2025-07-30,IBKR,709
2025-07-31,IBKR,743
2025-08-01,IBKR,624
2025-08-02,IBKR,616
2025-08-03,IBKR,571
2025-08-04,IBKR,635
2025-08-05,IBKR,642
2025-08-06,IBKR,677
2025-08-07,IBKR,789
2025-08-08,IBKR,676
2025-08-09,IBKR,583
2025-08-10,IBKR,523
2025-08-11,IBKR,633
2025-08-12,IBKR,746
2025-08-13,IBKR,788
2025-08-14,IBKR,666
2025-08-15,IBKR,601
2025-08-16,IBKR,495
2025-08-17,IBKR,540
2025-08-18,IBKR,647
2025-08-19,IBKR,613
2025-08-20,IBKR,671
2025-08-21,IBKR,573
2025-08-22,IBKR,662
2025-08-23,IBKR,535
2025-08-24,IBKR,602
2025-08-25,IBKR,817
2025-08-26,IBKR,1301
2025-08-27,IBKR,845
2025-08-28,IBKR,701
2025-08-29,IBKR,699
2025-08-30,IBKR,518
2025-08-31,IBKR,458
2025-09-01,IBKR,619
2025-09-02,IBKR,633
2025-09-03,IBKR,687
2025-09-04,IBKR,717
2025-09-05,IBKR,680
2025-09-06,IBKR,508
2025-09-07,IBKR,500
2025-09-08,IBKR,641
2025-09-09,IBKR,698
2025-09-10,IBKR,700
2025-09-11,IBKR,667
2025-09-12,IBKR,618
2025-09-13,IBKR,482
2025-09-14,IBKR,463
2025-09-15,IBKR,689
2025-09-16,IBKR,678
2025-09-17,IBKR,638
2025-09-18,IBKR,646
2025-09-19,IBKR,594
2025-09-20,IBKR,481
2025-09-21,IBKR,554
2025-09-22,IBKR,559
2025-09-23,IBKR,677
2025-09-24,IBKR,670
2025-09-25,IBKR,915
2025-09-26,IBKR,802
2025-09-27,IBKR,549
2025-09-28,IBKR,627
2025-09-29,IBKR,776
2025-09-30,IBKR,703
2025-10-01,IBKR,661
2025-10-02,IBKR,735
2025-10-03,IBKR,682
2025-10-04,IBKR,537
2025-10-05,IBKR,588
2025-10-06,IBKR,893
2025-10-07,IBKR,838
2025-10-08,IBKR,843
2025-10-09,IBKR,769
2025-10-10,IBKR,722
2025-10-11,IBKR,610
2025-10-12,IBKR,538
2025-10-13,IBKR,746
2025-10-14,IBKR,763
2025-10-15,IBKR,719
2025-10-16,IBKR,815
2025-10-17,IBKR,639
2025-10-18,IBKR,484
2025-10-19,IBKR,569
2025-10-20,IBKR,697
2025-10-21,IBKR,1207
2025-10-22,IBKR,690
2025-10-23,IBKR,678
2025-10-24,IBKR,692
2025-10-25,IBKR,533
2025-10-26,IBKR,570
2025-10-27,IBKR,641
2025-10-28,IBKR,631
2025-10-29,IBKR,699
2025-10-30,IBKR,653
2025-10-31,IBKR,614
2025-11-01,IBKR,445
2025-11-02,IBKR,560
2025-11-03,IBKR,658
2025-11-04,IBKR,668
2025-11-05,IBKR,674
2025-11-06,IBKR,646
2025-11-07,IBKR,574
2025-11-08,IBKR,480
2025-11-09,IBKR,491
2025-11-10,IBKR,598
2025-11-11,IBKR,625
2025-11-12,IBKR,646
2025-11-13,IBKR,601
2025-11-14,IBKR,611
2025-11-15,IBKR,488
2025-11-16,IBKR,528
2025-11-17,IBKR,616
2025-11-18,IBKR,581
2025-11-19,IBKR,541
2025-11-20,IBKR,533
2025-11-21,IBKR,511
2025-11-22,IBKR,420
2025-11-23,IBKR,444
2025-11-24,IBKR,563
2025-11-25,IBKR,593
2025-11-26,IBKR,605
2025-11-27,IBKR,511
2025-11-28,IBKR,517
2025-11-29,IBKR,429
2025-11-30,IBKR,424
2025-12-01,IBKR,577
2025-12-02,IBKR,557
2025-12-03,IBKR,616
2025-12-04,IBKR,613
2025-12-05,IBKR,525
2025-12-06,IBKR,418
2025-12-07,IBKR,425
2025-12-08,IBKR,587
2025-12-09,IBKR,609
2025-12-10,IBKR,574
2025-12-11,IBKR,554
2025-12-12,IBKR,567
2025-12-13,IBKR,429
2025-12-14,IBKR,449
2025-12-15,IBKR,545
2025-12-16,IBKR,489
2025-12-17,IBKR,547
2025-12-18,IBKR,490
2025-12-19,IBKR,537
2025-12-20,IBKR,421
2025-12-21,IBKR,482
2025-12-22,IBKR,573
2025-12-23,IBKR,574
2025-12-24,IBKR,512
2025-12-25,IBKR,483
2025-12-26,IBKR,535
2025-12-27,IBKR,432
2025-12-28,IBKR,484
2025-12-29,IBKR,644
2025-12-30,IBKR,614
2025-12-31,IBKR,522
2026-01-01,IBKR,467
2026-01-02,IBKR,621
2026-01-03,IBKR,586
2026-01-04,IBKR,576
2026-01-05,IBKR,794
2026-01-06,IBKR,790
2026-01-07,IBKR,741
2026-01-08,IBKR,876
2026-01-09,IBKR,636
2026-01-10,IBKR,542
2026-01-11,IBKR,592
2026-01-12,IBKR,685
2026-01-13,IBKR,742
2026-01-14,IBKR,680
2026-01-15,IBKR,758
2026-01-16,IBKR,701
2026-01-17,IBKR,594
2026-01-18,IBKR,621
2026-01-19,IBKR,664
2026-01-20,IBKR,747
2026-01-21,IBKR,792
2026-01-22,IBKR,812
2026-01-23,IBKR,777
2026-01-24,IBKR,553
2026-01-25,IBKR,572
2026-01-26,IBKR,765
2026-01-27,IBKR,778
2026-01-28,IBKR,821
2026-01-29,IBKR,800
2026-01-30,IBKR,733
2026-01-31,IBKR,527
2026-02-01,IBKR,529
2026-02-02,IBKR,616
2026-02-03,IBKR,699
2026-02-04,IBKR,682
2026-02-05,IBKR,606
2026-02-06,IBKR,625
2026-02-07,IBKR,528
2026-02-08,IBKR,528
2026-02-09,IBKR,621
2026-02-10,IBKR,692
2026-02-11,IBKR,660
2026-02-12,IBKR,594
2026-02-13,IBKR,538
2026-02-14,IBKR,424
2026-02-15,IBKR,454
2026-02-16,IBKR,490
2026-02-17,IBKR,492
2026-02-18,IBKR,587
2026-02-19,IBKR,472
2026-02-20,IBKR,477
2026-02-21,IBKR,469
2026-02-22,IBKR,505
2026-02-23,IBKR,593
2026-02-24,IBKR,594
2026-02-25,IBKR,506
2026-02-26,IBKR,532
2026-02-27,IBKR,582
2026-02-28,IBKR,401
2026-03-01,IBKR,470
2026-03-02,IBKR,538
2026-03-03,IBKR,597
2026-03-04,IBKR,681
2026-03-05,IBKR,530
2026-03-06,IBKR,473
2026-03-07,IBKR,461
2026-03-08,IBKR,426
2026-03-09,IBKR,576
2026-03-10,IBKR,497
2026-03-11,IBKR,487
2026-03-12,IBKR,562
2026-03-13,IBKR,487
2026-03-14,IBKR,386
2026-03-15,IBKR,352
2026-03-16,IBKR,456
2026-03-17,IBKR,494
2026-03-18,IBKR,500
2026-03-19,IBKR,471
2026-03-20,IBKR,413
2026-03-21,IBKR,305
2026-03-22,IBKR,444
2026-03-23,IBKR,576
2026-03-24,IBKR,530
2025-01-19,JCI,459
2025-01-20,JCI,681
2025-01-21,JCI,767
2025-01-22,JCI,743
2025-01-23,JCI,805
2025-01-24,JCI,696
2025-01-25,JCI,456
2025-01-26,JCI,412
2025-01-27,JCI,687
2025-01-28,JCI,752
2025-01-29,JCI,663
2025-01-30,JCI,749
2025-01-31,JCI,606
2025-02-01,JCI,431
2025-02-02,JCI,424
2025-02-03,JCI,680
2025-02-04,JCI,732
2025-02-05,JCI,1094
2025-02-06,JCI,821
2025-02-07,JCI,594
2025-02-08,JCI,327
2025-02-09,JCI,321
2025-02-10,JCI,677
2025-02-11,JCI,1427
2025-02-12,JCI,540
2025-02-13,JCI,618
2025-02-14,JCI,487
2025-02-15,JCI,342
2025-02-16,JCI,298
2025-02-17,JCI,572
2025-02-18,JCI,604
2025-02-19,JCI,540
2025-02-20,JCI,617
2025-02-21,JCI,542
2025-02-22,JCI,352
2025-02-23,JCI,393
2025-02-24,JCI,585
2025-02-25,JCI,564
2025-02-26,JCI,595
2025-02-27,JCI,612
2025-02-28,JCI,544
2025-03-01,JCI,372
2025-03-02,JCI,355
2025-03-03,JCI,610
2025-03-04,JCI,662
2025-03-05,JCI,688
2025-03-06,JCI,637
2025-03-07,JCI,585
2025-03-08,JCI,337
2025-03-09,JCI,350
2025-03-10,JCI,585
2025-03-11,JCI,640
2025-03-12,JCI,703
2025-03-13,JCI,747
2025-03-14,JCI,613
2025-03-15,JCI,360
2025-03-16,JCI,433
2025-03-17,JCI,696
2025-03-18,JCI,755
2025-03-19,JCI,674
2025-03-20,JCI,696
2025-03-21,JCI,619
2025-03-22,JCI,353
2025-03-23,JCI,363
2025-03-24,JCI,549
2025-03-25,JCI,566
2025-03-26,JCI,654
2025-03-27,JCI,512
2025-03-28,JCI,493
2025-03-29,JCI,360
2025-03-30,JCI,345
2025-03-31,JCI,559
2025-04-01,JCI,626
2025-04-02,JCI,643
2025-04-03,JCI,660
2025-04-04,JCI,599
2025-04-05,JCI,354
2025-04-06,JCI,360
2025-04-07,JCI,568
2025-04-08,JCI,614
2025-04-09,JCI,629
2025-04-10,JCI,632
2025-04-11,JCI,554
2025-04-12,JCI,367
2025-04-13,JCI,332
2025-04-14,JCI,545
2025-04-15,JCI,619
2025-04-16,JCI,637
2025-04-17,JCI,625
2025-04-18,JCI,452
2025-04-19,JCI,278
2025-04-20,JCI,322
2025-04-21,JCI,540
2025-04-22,JCI,578
2025-04-23,JCI,588
2025-04-24,JCI,582
2025-04-25,JCI,552
2025-04-26,JCI,294
2025-04-27,JCI,313
2025-04-28,JCI,592
2025-04-29,JCI,550
2025-04-30,JCI,553
2025-05-01,JCI,484
2025-05-02,JCI,481
2025-05-03,JCI,298
2025-05-04,JCI,345
2025-05-05,JCI,581
2025-05-06,JCI,596
2025-05-07,JCI,537
2025-05-08,JCI,595
2025-05-09,JCI,508
2025-05-10,JCI,323
2025-05-11,JCI,307
2025-05-12,JCI,579
2025-05-13,JCI,623
2025-05-14,JCI,657
2025-05-15,JCI,555
2025-05-16,JCI,512
2025-05-17,JCI,343
2025-05-18,JCI,332
2025-05-19,JCI,551
2025-05-20,JCI,606
2025-05-21,JCI,563
2025-05-22,JCI,558
2025-05-23,JCI,540
2025-05-24,JCI,314
2025-05-25,JCI,285
2025-05-26,JCI,464
2025-05-27,JCI,568
2025-05-28,JCI,798
2025-05-29,JCI,645
2025-05-30,JCI,541
2025-05-31,JCI,325
2025-06-01,JCI,338
2025-06-02,JCI,570
2025-06-03,JCI,649
2025-06-04,JCI,600
2025-06-05,JCI,530
2025-06-06,JCI,466
2025-06-07,JCI,337
2025-06-08,JCI,278
2025-06-09,JCI,505
2025-06-10,JCI,545
2025-06-11,JCI,514
2025-06-12,JCI,539
2025-06-13,JCI,473
2025-06-14,JCI,280
2025-06-15,JCI,311
2025-06-16,JCI,507
2025-06-17,JCI,561
2025-06-18,JCI,566
2025-06-19,JCI,538
2025-06-20,JCI,509
2025-06-21,JCI,311
2025-06-22,JCI,294
2025-06-23,JCI,486
2025-06-24,JCI,549
2025-06-25,JCI,534
2025-06-26,JCI,486
2025-06-27,JCI,493
2025-06-28,JCI,292
2025-06-29,JCI,303
2025-06-30,JCI,566
2025-07-01,JCI,574
2025-07-02,JCI,525
2025-07-03,JCI,483
2025-07-04,JCI,375
2025-07-05,JCI,249
2025-07-06,JCI,261
2025-07-07,JCI,478
2025-07-08,JCI,499
2025-07-09,JCI,497
2025-07-10,JCI,505
2025-07-11,JCI,449
2025-07-12,JCI,310
2025-07-13,JCI,294
2025-07-14,JCI,553
2025-07-15,JCI,532
2025-07-16,JCI,510
2025-07-17,JCI,544
2025-07-18,JCI,453
2025-07-19,JCI,271
2025-07-20,JCI,282
2025-07-21,JCI,472
2025-07-22,JCI,550
2025-07-23,JCI,511
2025-07-24,JCI,502
2025-07-25,JCI,466
2025-07-26,JCI,309
2025-07-27,JCI,287
2025-07-28,JCI,491
2025-07-29,JCI,646
2025-07-30,JCI,551
2025-07-31,JCI,570
2025-08-01,JCI,607
2025-08-02,JCI,322
2025-08-03,JCI,370
2025-08-04,JCI,608
2025-08-05,JCI,706
2025-08-06,JCI,573
2025-08-07,JCI,580
2025-08-08,JCI,503
2025-08-09,JCI,316
2025-08-10,JCI,320
2025-08-11,JCI,528
2025-08-12,JCI,596
2025-08-13,JCI,635
2025-08-14,JCI,606
2025-08-15,JCI,551
2025-08-16,JCI,313
2025-08-17,JCI,355
2025-08-18,JCI,562
2025-08-19,JCI,572
2025-08-20,JCI,603
2025-08-21,JCI,516
2025-08-22,JCI,467
2025-08-23,JCI,287
2025-08-24,JCI,264
2025-08-25,JCI,490
2025-08-26,JCI,535
2025-08-27,JCI,473
2025-08-28,JCI,514
2025-08-29,JCI,449
2025-08-30,JCI,254
2025-08-31,JCI,240
2025-09-01,JCI,345
2025-09-02,JCI,487
2025-09-03,JCI,494
2025-09-04,JCI,512
2025-09-05,JCI,510
2025-09-06,JCI,281
2025-09-07,JCI,276
2025-09-08,JCI,601
2025-09-09,JCI,543
2025-09-10,JCI,513
2025-09-11,JCI,568
2025-09-12,JCI,462
2025-09-13,JCI,305
2025-09-14,JCI,284
2025-09-15,JCI,504
2025-09-16,JCI,530
2025-09-17,JCI,522
2025-09-18,JCI,578
2025-09-19,JCI,519
2025-09-20,JCI,273
2025-09-21,JCI,332
2025-09-22,JCI,509
2025-09-23,JCI,554
2025-09-24,JCI,513
2025-09-25,JCI,489
2025-09-26,JCI,436
2025-09-27,JCI,266
2025-09-28,JCI,284
2025-09-29,JCI,449
2025-09-30,JCI,519
2025-10-01,JCI,473
2025-10-02,JCI,440
2025-10-03,JCI,486
2025-10-04,JCI,276
2025-10-05,JCI,275
2025-10-06,JCI,483
2025-10-07,JCI,530
2025-10-08,JCI,532
2025-10-09,JCI,506
2025-10-10,JCI,440
2025-10-11,JCI,271
2025-10-12,JCI,279
2025-10-13,JCI,410
2025-10-14,JCI,527
2025-10-15,JCI,510
2025-10-16,JCI,575
2025-10-17,JCI,481
2025-10-18,JCI,251
2025-10-19,JCI,244
2025-10-20,JCI,437
2025-10-21,JCI,453
2025-10-22,JCI,475
2025-10-23,JCI,512
2025-10-24,JCI,466
2025-10-25,JCI,261
2025-10-26,JCI,249
2025-10-27,JCI,507
2025-10-28,JCI,540
2025-10-29,JCI,522
2025-10-30,JCI,497
2025-10-31,JCI,423
2025-11-01,JCI,243
2025-11-02,JCI,270
2025-11-03,JCI,538
2025-11-04,JCI,501
2025-11-05,JCI,529
2025-11-06,JCI,558
2025-11-07,JCI,442
2025-11-08,JCI,1248
2025-11-09,JCI,246
2025-11-10,JCI,455
2025-11-11,JCI,518
2025-11-12,JCI,523
2025-11-13,JCI,493
2025-11-14,JCI,455
2025-11-15,JCI,298
2025-11-16,JCI,268
2025-11-17,JCI,502
2025-11-18,JCI,538
2025-11-19,JCI,499
2025-11-20,JCI,431
2025-11-21,JCI,493
2025-11-22,JCI,244
2025-11-23,JCI,285
2025-11-24,JCI,472
2025-11-25,JCI,533
2025-11-26,JCI,445
2025-11-27,JCI,367
2025-11-28,JCI,342
2025-11-29,JCI,250
2025-11-30,JCI,245
2025-12-01,JCI,454
2025-12-02,JCI,460
2025-12-03,JCI,492
2025-12-04,JCI,482
2025-12-05,JCI,395
2025-12-06,JCI,280
2025-12-07,JCI,268
2025-12-08,JCI,441
2025-12-09,JCI,407
2025-12-10,JCI,474
2025-12-11,JCI,427
2025-12-12,JCI,361
2025-12-13,JCI,256
2025-12-14,JCI,207
2025-12-15,JCI,422
2025-12-16,JCI,422
2025-12-17,JCI,433
2025-12-18,JCI,461
2025-12-19,JCI,322
2025-12-20,JCI,223
2025-12-21,JCI,222
2025-12-22,JCI,407
2025-12-23,JCI,347
2025-12-24,JCI,263
2025-12-25,JCI,215
2025-12-26,JCI,240
2025-12-27,JCI,222
2025-12-28,JCI,244
2025-12-29,JCI,307
2025-12-30,JCI,303
2025-12-31,JCI,236
2026-01-01,JCI,199
2026-01-02,JCI,280
2026-01-03,JCI,231
2026-01-04,JCI,218
2026-01-05,JCI,409
2026-01-06,JCI,558
2026-01-07,JCI,536
2026-01-08,JCI,468
2026-01-09,JCI,454
2026-01-10,JCI,281
2026-01-11,JCI,233
2026-01-12,JCI,466
2026-01-13,JCI,487
2026-01-14,JCI,459
2026-01-15,JCI,445
2026-01-16,JCI,603
2026-01-17,JCI,725
2026-01-18,JCI,483
2026-01-19,JCI,538
2026-01-20,JCI,616
2026-01-21,JCI,557
2026-01-22,JCI,552
2026-01-23,JCI,473
2026-01-24,JCI,237
2026-01-25,JCI,273
2026-01-26,JCI,428
2026-01-27,JCI,577
2026-01-28,JCI,472
2026-01-29,JCI,477
2026-01-30,JCI,464
2026-01-31,JCI,254
2026-02-01,JCI,255
2026-02-02,JCI,480
2026-02-03,JCI,529
2026-02-04,JCI,552
2026-02-05,JCI,517
2026-02-06,JCI,438
2026-02-07,JCI,268
2026-02-08,JCI,291
2026-02-09,JCI,465
2026-02-10,JCI,527
2026-02-11,JCI,479
2026-02-12,JCI,479
2026-02-13,JCI,420
2026-02-14,JCI,273
2026-02-15,JCI,243
2026-02-16,JCI,374
2026-02-17,JCI,450
2026-02-18,JCI,465
2026-02-19,JCI,503
2026-02-20,JCI,452
2026-02-21,JCI,300
2026-02-22,JCI,257
2026-02-23,JCI,438
2026-02-24,JCI,489
2026-02-25,JCI,468
2026-02-26,JCI,479
2026-02-27,JCI,437
2026-02-28,JCI,268
2026-03-01,JCI,248
2026-03-02,JCI,634
2026-03-03,JCI,452
2026-03-04,JCI,460
2026-03-05,JCI,440
2026-03-06,JCI,375
2026-03-07,JCI,310
2026-03-08,JCI,293
2026-03-09,JCI,411
2026-03-10,JCI,449
2026-03-11,JCI,455
2026-03-12,JCI,427
2026-03-13,JCI,434
2026-03-14,JCI,233
2026-03-15,JCI,222
2026-03-16,JCI,367
2026-03-17,JCI,474
2026-03-18,JCI,478
2026-03-19,JCI,426
2026-03-20,JCI,373
2026-03-21,JCI,218
2026-03-22,JCI,197
2026-03-23,JCI,383
2026-03-24,JCI,521
2025-01-19,JNPR,208
2025-01-20,JNPR,300
2025-01-21,JNPR,345
2025-01-22,JNPR,395
2025-01-23,JNPR,466
2025-01-24,JNPR,428
2025-01-25,JNPR,289
2025-01-26,JNPR,253
2025-01-27,JNPR,410
2025-01-28,JNPR,582
2025-01-29,JNPR,411
2025-01-30,JNPR,913
2025-01-31,JNPR,981
2025-02-01,JNPR,382
2025-02-02,JNPR,276
2025-02-03,JNPR,434
2025-02-04,JNPR,425
2025-02-05,JNPR,413
2025-02-06,JNPR,435
2025-02-07,JNPR,323
2025-02-08,JNPR,217
2025-02-09,JNPR,212
2025-02-10,JNPR,430
2025-02-11,JNPR,400
2025-02-12,JNPR,361
2025-02-13,JNPR,415
2025-02-14,JNPR,352
2025-02-15,JNPR,239
2025-02-16,JNPR,247
2025-02-17,JNPR,336
2025-02-18,JNPR,343
2025-02-19,JNPR,373
2025-02-20,JNPR,335
2025-02-21,JNPR,326
2025-02-22,JNPR,186
2025-02-23,JNPR,203
2025-02-24,JNPR,301
2025-02-25,JNPR,324
2025-02-26,JNPR,457
2025-02-27,JNPR,401
2025-02-28,JNPR,312
2025-03-01,JNPR,210
2025-03-02,JNPR,178
2025-03-03,JNPR,317
2025-03-04,JNPR,426
2025-03-05,JNPR,345
2025-03-06,JNPR,377
2025-03-07,JNPR,375
2025-03-08,JNPR,197
2025-03-09,JNPR,199
2025-03-10,JNPR,382
2025-03-11,JNPR,487
2025-03-12,JNPR,383
2025-03-13,JNPR,386
2025-03-14,JNPR,301
2025-03-15,JNPR,238
2025-03-16,JNPR,258
2025-03-17,JNPR,384
2025-03-18,JNPR,396
2025-03-19,JNPR,395
2025-03-20,JNPR,390
2025-03-21,JNPR,358
2025-03-22,JNPR,200
2025-03-23,JNPR,234
2025-03-24,JNPR,382
2025-03-25,JNPR,363
2025-03-26,JNPR,349
2025-03-27,JNPR,296
2025-03-28,JNPR,253
2025-03-29,JNPR,177
2025-03-30,JNPR,184
2025-03-31,JNPR,240
2025-04-01,JNPR,358
2025-04-02,JNPR,318
2025-04-03,JNPR,351
2025-04-04,JNPR,331
2025-04-05,JNPR,203
2025-04-06,JNPR,177
2025-04-07,JNPR,350
2025-04-08,JNPR,339
2025-04-09,JNPR,337
2025-04-10,JNPR,306
2025-04-11,JNPR,292
2025-04-12,JNPR,203
2025-04-13,JNPR,167
2025-04-14,JNPR,302
2025-04-15,JNPR,390
2025-04-16,JNPR,423
2025-04-17,JNPR,388
2025-04-18,JNPR,284
2025-04-19,JNPR,238
2025-04-20,JNPR,202
2025-04-21,JNPR,298
2025-04-22,JNPR,366
2025-04-23,JNPR,346
2025-04-24,JNPR,338
2025-04-25,JNPR,287
2025-04-26,JNPR,159
2025-04-27,JNPR,624
2025-04-28,JNPR,744
2025-04-29,JNPR,805
2025-04-30,JNPR,870
2025-05-01,JNPR,642
2025-05-02,JNPR,559
2025-05-03,JNPR,304
2025-05-04,JNPR,358
2025-05-05,JNPR,570
2025-05-06,JNPR,399
2025-05-07,JNPR,320
2025-05-08,JNPR,281
2025-05-09,JNPR,335
2025-05-10,JNPR,182
2025-05-11,JNPR,180
2025-05-12,JNPR,325
2025-05-13,JNPR,307
2025-05-14,JNPR,406
2025-05-15,JNPR,391
2025-05-16,JNPR,346
2025-05-17,JNPR,241
2025-05-18,JNPR,257
2025-05-19,JNPR,323
2025-05-20,JNPR,355
2025-05-21,JNPR,361
2025-05-22,JNPR,265
2025-05-23,JNPR,278
2025-05-24,JNPR,165
2025-05-25,JNPR,186
2025-05-26,JNPR,250
2025-05-27,JNPR,270
2025-05-28,JNPR,345
2025-05-29,JNPR,313
2025-05-30,JNPR,260
2025-05-31,JNPR,199
2025-06-01,JNPR,162
2025-06-02,JNPR,305
2025-06-03,JNPR,288
2025-06-04,JNPR,308
2025-06-05,JNPR,312
2025-06-06,JNPR,269
2025-06-07,JNPR,149
2025-06-08,JNPR,160
2025-06-09,JNPR,349
2025-06-10,JNPR,261
2025-06-11,JNPR,303
2025-06-12,JNPR,285
2025-06-13,JNPR,211
2025-06-14,JNPR,135
2025-06-15,JNPR,162
2025-06-16,JNPR,281
2025-06-17,JNPR,331
2025-06-18,JNPR,331
2025-06-19,JNPR,293
2025-06-20,JNPR,244
2025-06-21,JNPR,174
2025-06-22,JNPR,169
2025-06-23,JNPR,263
2025-06-24,JNPR,266
2025-06-25,JNPR,311
2025-06-26,JNPR,262
2025-06-27,JNPR,236
2025-06-28,JNPR,302
2025-06-29,JNPR,357
2025-06-30,JNPR,634
2025-07-01,JNPR,493
2025-07-02,JNPR,2041
2025-07-03,JNPR,1381
2025-07-04,JNPR,684
2025-07-05,JNPR,439
2025-07-06,JNPR,444
2025-07-07,JNPR,771
2025-07-08,JNPR,1224
2025-07-09,JNPR,837
2025-07-10,JNPR,577
2025-07-11,JNPR,489
2025-07-12,JNPR,307
2025-07-13,JNPR,223
2025-07-14,JNPR,480
2025-07-15,JNPR,448
2025-07-16,JNPR,426
2025-07-17,JNPR,442
2025-07-18,JNPR,348
2025-07-19,JNPR,260
2025-07-20,JNPR,260
2025-07-21,JNPR,435
2025-07-22,JNPR,412
2025-07-23,JNPR,396
2025-07-24,JNPR,365
2025-07-25,JNPR,357
2025-07-26,JNPR,219
2025-07-27,JNPR,205
2025-07-28,JNPR,352
2025-07-29,JNPR,521
2025-07-30,JNPR,622
2025-07-31,JNPR,477
2025-08-01,JNPR,400
2025-08-02,JNPR,479
2025-08-03,JNPR,370
2025-08-04,JNPR,634
2025-08-05,JNPR,556
2025-08-06,JNPR,515
2025-08-07,JNPR,489
2025-08-08,JNPR,486
2025-08-09,JNPR,284
2025-08-10,JNPR,293
2025-08-11,JNPR,411
2025-08-12,JNPR,457
2025-08-13,JNPR,444
2025-08-14,JNPR,409
2025-08-15,JNPR,318
2025-08-16,JNPR,210
2025-08-17,JNPR,217
2025-08-18,JNPR,365
2025-08-19,JNPR,405
2025-08-20,JNPR,366
2025-08-21,JNPR,350
2025-08-22,JNPR,338
2025-08-23,JNPR,230
2025-08-24,JNPR,188
2025-08-25,JNPR,344
2025-08-26,JNPR,351
2025-08-27,JNPR,375
2025-08-28,JNPR,333
2025-08-29,JNPR,261
2025-08-30,JNPR,203
2025-08-31,JNPR,169
2025-09-01,JNPR,252
2025-09-02,JNPR,405
2025-09-03,JNPR,438
2025-09-04,JNPR,491
2025-09-05,JNPR,429
2025-09-06,JNPR,263
2025-09-07,JNPR,231
2025-09-08,JNPR,367
2025-09-09,JNPR,399
2025-09-10,JNPR,408
2025-09-11,JNPR,374
2025-09-12,JNPR,336
2025-09-13,JNPR,212
2025-09-14,JNPR,270
2025-09-15,JNPR,414
2025-09-16,JNPR,465
2025-09-17,JNPR,414
2025-09-18,JNPR,324
2025-09-19,JNPR,277
2025-09-20,JNPR,180
2025-09-21,JNPR,164
2025-09-22,JNPR,295
2025-09-23,JNPR,375
2025-09-24,JNPR,322
2025-09-25,JNPR,312
2025-09-26,JNPR,293
2025-09-27,JNPR,200
2025-09-28,JNPR,182
2025-09-29,JNPR,275
2025-09-30,JNPR,309
2025-10-01,JNPR,292
2025-10-02,JNPR,344
2025-10-03,JNPR,317
2025-10-04,JNPR,193
2025-10-05,JNPR,221
2025-10-06,JNPR,316
2025-10-07,JNPR,402
2025-10-08,JNPR,395
2025-10-09,JNPR,375
2025-10-10,JNPR,297
2025-10-11,JNPR,217
2025-10-12,JNPR,275
2025-10-13,JNPR,312
2025-10-14,JNPR,288
2025-10-15,JNPR,324
2025-10-16,JNPR,359
2025-10-17,JNPR,304
2025-10-18,JNPR,214
2025-10-19,JNPR,194
2025-10-20,JNPR,257
2025-10-21,JNPR,328
2025-10-22,JNPR,286
2025-10-23,JNPR,324
2025-10-24,JNPR,281
2025-10-25,JNPR,171
2025-10-26,JNPR,166
2025-10-27,JNPR,418
2025-10-28,JNPR,363
2025-10-29,JNPR,346
2025-10-30,JNPR,316
2025-10-31,JNPR,297
2025-11-01,JNPR,194
2025-11-02,JNPR,223
2025-11-03,JNPR,303
2025-11-04,JNPR,380
2025-11-05,JNPR,365
2025-11-06,JNPR,485
2025-11-07,JNPR,340
2025-11-08,JNPR,218
2025-11-09,JNPR,184
2025-11-10,JNPR,343
2025-11-11,JNPR,302
2025-11-12,JNPR,380
2025-11-13,JNPR,299
2025-11-14,JNPR,262
2025-11-15,JNPR,145
2025-11-16,JNPR,173
2025-11-17,JNPR,305
2025-11-18,JNPR,292
2025-11-19,JNPR,334
2025-11-20,JNPR,318
2025-11-21,JNPR,248
2025-11-22,JNPR,155
2025-11-23,JNPR,182
2025-11-24,JNPR,281
2025-11-25,JNPR,306
2025-11-26,JNPR,303
2025-11-27,JNPR,274
2025-11-28,JNPR,237
2025-11-29,JNPR,152
2025-11-30,JNPR,201
2025-12-01,JNPR,253
2025-12-02,JNPR,851
2025-12-03,JNPR,633
2025-12-04,JNPR,326
2025-12-05,JNPR,261
2025-12-06,JNPR,176
2025-12-07,JNPR,180
2025-12-08,JNPR,289
2025-12-09,JNPR,283
2025-12-10,JNPR,278
2025-12-11,JNPR,256
2025-12-12,JNPR,267
2025-12-13,JNPR,196
2025-12-14,JNPR,200
2025-12-15,JNPR,247
2025-12-16,JNPR,281
2025-12-17,JNPR,260
2025-12-18,JNPR,251
2025-12-19,JNPR,229
2025-12-20,JNPR,151
2025-12-21,JNPR,145
2025-12-22,JNPR,220
2025-12-23,JNPR,226
2025-12-24,JNPR,173
2025-12-25,JNPR,151
2025-12-26,JNPR,192
2025-12-27,JNPR,157
2025-12-28,JNPR,198
2025-12-29,JNPR,253
2025-12-30,JNPR,231
2025-12-31,JNPR,198
2026-01-01,JNPR,142
2026-01-02,JNPR,242
2026-01-03,JNPR,196
2026-01-04,JNPR,164
2026-01-05,JNPR,447
2026-01-06,JNPR,436
2026-01-07,JNPR,386
2026-01-08,JNPR,325
2026-01-09,JNPR,248
2026-01-10,JNPR,150
2026-01-11,JNPR,181
2026-01-12,JNPR,365
2026-01-13,JNPR,306
2026-01-14,JNPR,257
2026-01-15,JNPR,288
2026-01-16,JNPR,235
2026-01-17,JNPR,171
2026-01-18,JNPR,183
2026-01-19,JNPR,230
2026-01-20,JNPR,311
2026-01-21,JNPR,271
2026-01-22,JNPR,249
2026-01-23,JNPR,286
2026-01-24,JNPR,165
2026-01-25,JNPR,154
2026-01-26,JNPR,267
2026-01-27,JNPR,237
2026-01-28,JNPR,278
2026-01-29,JNPR,269
2026-01-30,JNPR,254
2026-01-31,JNPR,155
2026-02-01,JNPR,172
2026-02-02,JNPR,221
2026-02-03,JNPR,336
2026-02-04,JNPR,335
2026-02-05,JNPR,296
2026-02-06,JNPR,271
2026-02-07,JNPR,157
2026-02-08,JNPR,157
2026-02-09,JNPR,265
2026-02-10,JNPR,273
2026-02-11,JNPR,274
2026-02-12,JNPR,333
2026-02-13,JNPR,286
2026-02-14,JNPR,170
2026-02-15,JNPR,150
2026-02-16,JNPR,213
2026-02-17,JNPR,247
2026-02-18,JNPR,267
2026-02-19,JNPR,257
2026-02-20,JNPR,260
2026-02-21,JNPR,149
2026-02-22,JNPR,193
2026-02-23,JNPR,242
2026-02-24,JNPR,267
2026-02-25,JNPR,239
2026-02-26,JNPR,273
2026-02-27,JNPR,203
2026-02-28,JNPR,143
2026-03-01,JNPR,145
2026-03-02,JNPR,249
2026-03-03,JNPR,250
2026-03-04,JNPR,243
2026-03-05,JNPR,247
2026-03-06,JNPR,225
2026-03-07,JNPR,148
2026-03-08,JNPR,142
2026-03-09,JNPR,233
2026-03-10,JNPR,248
2026-03-11,JNPR,221
2026-03-12,JNPR,263
2026-03-13,JNPR,225
2026-03-14,JNPR,122
2026-03-15,JNPR,114
2026-03-16,JNPR,203
2026-03-17,JNPR,217
2026-03-18,JNPR,224
2026-03-19,JNPR,189
2026-03-20,JNPR,217
2026-03-21,JNPR,151
2026-03-22,JNPR,150
2026-03-23,JNPR,240
2026-03-24,JNPR,365
2025-01-19,KO,4475
2025-01-20,KO,4374
2025-01-21,KO,4735
2025-01-22,KO,4603
2025-01-23,KO,4659
2025-01-24,KO,4599
2025-01-25,KO,4114
2025-01-26,KO,4290
2025-01-27,KO,5126
2025-01-28,KO,5365
2025-01-29,KO,4726
2025-01-30,KO,4843
2025-01-31,KO,4757
2025-02-01,KO,5402
2025-02-02,KO,5920
2025-02-03,KO,6939
2025-02-04,KO,7535
2025-02-05,KO,7877
2025-02-06,KO,8570
2025-02-07,KO,9114
2025-02-08,KO,8465
2025-02-09,KO,8724
2025-02-10,KO,7668
2025-02-11,KO,7249
2025-02-12,KO,7180
2025-02-13,KO,5807
2025-02-14,KO,4769
2025-02-15,KO,4800
2025-02-16,KO,5158
2025-02-17,KO,5127
2025-02-18,KO,5005
2025-02-19,KO,4919
2025-02-20,KO,4755
2025-02-21,KO,4568
2025-02-22,KO,4461
2025-02-23,KO,5592
2025-02-24,KO,4713
2025-02-25,KO,4612
2025-02-26,KO,4654
2025-02-27,KO,4804
2025-02-28,KO,4597
2025-03-01,KO,4340
2025-03-02,KO,4724
2025-03-03,KO,5893
2025-03-04,KO,7901
2025-03-05,KO,7219
2025-03-06,KO,4698
2025-03-07,KO,4708
2025-03-08,KO,5729
2025-03-09,KO,8805
2025-03-10,KO,6196
2025-03-11,KO,4419
2025-03-12,KO,4831
2025-03-13,KO,4869
2025-03-14,KO,4853
2025-03-15,KO,5284
2025-03-16,KO,4248
2025-03-17,KO,4654
2025-03-18,KO,4827
2025-03-19,KO,5117
2025-03-20,KO,5052
2025-03-21,KO,4904
2025-03-22,KO,4725
2025-03-23,KO,5214
2025-03-24,KO,5563
2025-03-25,KO,4872
2025-03-26,KO,4618
2025-03-27,KO,4683
2025-03-28,KO,4184
2025-03-29,KO,4532
2025-03-30,KO,4950
2025-03-31,KO,5217
2025-04-01,KO,5401
2025-04-02,KO,5457
2025-04-03,KO,5340
2025-04-04,KO,4991
2025-04-05,KO,4546
2025-04-06,KO,5431
2025-04-07,KO,10012
2025-04-08,KO,8809
2025-04-09,KO,7107
2025-04-10,KO,6108
2025-04-11,KO,6344
2025-04-12,KO,6403
2025-04-13,KO,6462
2025-04-14,KO,6459
2025-04-15,KO,6856
2025-04-16,KO,5992
2025-04-17,KO,5775
2025-04-18,KO,5986
2025-04-19,KO,5771
2025-04-20,KO,6115
2025-04-21,KO,6144
2025-04-22,KO,5685
2025-04-23,KO,5516
2025-04-24,KO,5215
2025-04-25,KO,4731
2025-04-26,KO,5040
2025-04-27,KO,5201
2025-04-28,KO,5315
2025-04-29,KO,5307
2025-04-30,KO,5166
2025-05-01,KO,5053
2025-05-02,KO,4853
2025-05-03,KO,4699
2025-05-04,KO,5049
2025-05-05,KO,5455
2025-05-06,KO,5327
2025-05-07,KO,5312
2025-05-08,KO,7967
2025-05-09,KO,5336
2025-05-10,KO,4659
2025-05-11,KO,4985
2025-05-12,KO,5056
2025-05-13,KO,4983
2025-05-14,KO,4966
2025-05-15,KO,4955
2025-05-16,KO,6435
2025-05-17,KO,5625
2025-05-18,KO,5461
2025-05-19,KO,5346
2025-05-20,KO,4833
2025-05-21,KO,4796
2025-05-22,KO,4500
2025-05-23,KO,4178
2025-05-24,KO,4376
2025-05-25,KO,4494
2025-05-26,KO,4731
2025-05-27,KO,4388
2025-05-28,KO,4407
2025-05-29,KO,4651
2025-05-30,KO,4241
2025-05-31,KO,3920
2025-06-01,KO,4059
2025-06-02,KO,3919
2025-06-03,KO,3904
2025-06-04,KO,3996
2025-06-05,KO,3763
2025-06-06,KO,3734
2025-06-07,KO,4002
2025-06-08,KO,4304
2025-06-09,KO,4280
2025-06-10,KO,4069
2025-06-11,KO,4107
2025-06-12,KO,3964
2025-06-13,KO,3878
2025-06-14,KO,3890
2025-06-15,KO,4078
2025-06-16,KO,3944
2025-06-17,KO,3677
2025-06-18,KO,3540
2025-06-19,KO,3641
2025-06-20,KO,3895
2025-06-21,KO,3727
2025-06-22,KO,4124
2025-06-23,KO,4365
2025-06-24,KO,3849
2025-06-25,KO,3882
2025-06-26,KO,3790
2025-06-27,KO,3724
2025-06-28,KO,3521
2025-06-29,KO,3777
2025-06-30,KO,4011
2025-07-01,KO,3814
2025-07-02,KO,3851
2025-07-03,KO,3693
2025-07-04,KO,3594
2025-07-05,KO,3666
2025-07-06,KO,3692
2025-07-07,KO,3531
2025-07-08,KO,3592
2025-07-09,KO,3795
2025-07-10,KO,3701
2025-07-11,KO,3666
2025-07-12,KO,3472
2025-07-13,KO,3603
2025-07-14,KO,3651
2025-07-15,KO,3634
2025-07-16,KO,4369
2025-07-17,KO,6983
2025-07-18,KO,4680
2025-07-19,KO,4201
2025-07-20,KO,4294
2025-07-21,KO,4155
2025-07-22,KO,6632
2025-07-23,KO,5083
2025-07-24,KO,4426
2025-07-25,KO,3913
2025-07-26,KO,3967
2025-07-27,KO,4040
2025-07-28,KO,4003
2025-07-29,KO,3855
2025-07-30,KO,3741
2025-07-31,KO,4821
2025-08-01,KO,4230
2025-08-02,KO,3989
2025-08-03,KO,4058
2025-08-04,KO,3950
2025-08-05,KO,3839
2025-08-06,KO,4020
2025-08-07,KO,4786
2025-08-08,KO,4635
2025-08-09,KO,3796
2025-08-10,KO,3878
2025-08-11,KO,4145
2025-08-12,KO,4143
2025-08-13,KO,4345
2025-08-14,KO,4139
2025-08-15,KO,3823
2025-08-16,KO,3916
2025-08-17,KO,4264
2025-08-18,KO,9796
2025-08-19,KO,7300
2025-08-20,KO,6006
2025-08-21,KO,5157
2025-08-22,KO,4491
2025-08-23,KO,4753
2025-08-24,KO,4628
2025-08-25,KO,4599
2025-08-26,KO,4394
2025-08-27,KO,4670
2025-08-28,KO,4429
2025-08-29,KO,4248
2025-08-30,KO,4276
2025-08-31,KO,4265
2025-09-01,KO,4352
2025-09-02,KO,4151
2025-09-03,KO,4090
2025-09-04,KO,4348
2025-09-05,KO,4273
2025-09-06,KO,4089
2025-09-07,KO,4012
2025-09-08,KO,3867
2025-09-09,KO,3780
2025-09-10,KO,3574
2025-09-11,KO,3310
2025-09-12,KO,3176
2025-09-13,KO,3135
2025-09-14,KO,4222
2025-09-15,KO,3331
2025-09-16,KO,3382
2025-09-17,KO,3344
2025-09-18,KO,3340
2025-09-19,KO,3359
2025-09-20,KO,3105
2025-09-21,KO,3820
2025-09-22,KO,3725
2025-09-23,KO,3665
2025-09-24,KO,3572
2025-09-25,KO,3748
2025-09-26,KO,3356
2025-09-27,KO,3200
2025-09-28,KO,3444
2025-09-29,KO,3425
2025-09-30,KO,3167
2025-10-01,KO,2971
2025-10-02,KO,2920
2025-10-03,KO,2896
2025-10-04,KO,2807
2025-10-05,KO,2990
2025-10-06,KO,3197
2025-10-07,KO,3291
2025-10-08,KO,3165
2025-10-09,KO,3421
2025-10-10,KO,3132
2025-10-11,KO,3162
2025-10-12,KO,3293
2025-10-13,KO,3438
2025-10-14,KO,3243
2025-10-15,KO,3309
2025-10-16,KO,3467
2025-10-17,KO,3421
2025-10-18,KO,3042
2025-10-19,KO,2982
2025-10-20,KO,3333
2025-10-21,KO,3293
2025-10-22,KO,3378
2025-10-23,KO,3638
2025-10-24,KO,3510
2025-10-25,KO,3141
2025-10-26,KO,3464
2025-10-27,KO,3497
2025-10-28,KO,3592
2025-10-29,KO,3259
2025-10-30,KO,3283
2025-10-31,KO,2988
2025-11-01,KO,2839
2025-11-02,KO,3067
2025-11-03,KO,3493
2025-11-04,KO,3802
2025-11-05,KO,3897
2025-11-06,KO,3999
2025-11-07,KO,6055
2025-11-08,KO,5110
2025-11-09,KO,5777
2025-11-10,KO,4821
2025-11-11,KO,4288
2025-11-12,KO,4289
2025-11-13,KO,4544
2025-11-14,KO,3370
2025-11-15,KO,2946
2025-11-16,KO,3160
2025-11-17,KO,3082
2025-11-18,KO,3279
2025-11-19,KO,3445
2025-11-20,KO,3291
2025-11-21,KO,3407
2025-11-22,KO,3301
2025-11-23,KO,3385
2025-11-24,KO,3757
2025-11-25,KO,4070
2025-11-26,KO,3553
2025-11-27,KO,4189
2025-11-28,KO,4022
2025-11-29,KO,3693
2025-11-30,KO,3905
2025-12-01,KO,3976
2025-12-02,KO,3936
2025-12-03,KO,4065
2025-12-04,KO,3865
2025-12-05,KO,3591
2025-12-06,KO,4708
2025-12-07,KO,4453
2025-12-08,KO,4905
2025-12-09,KO,4557
2025-12-10,KO,3996
2025-12-11,KO,4235
2025-12-12,KO,3773
2025-12-13,KO,3532
2025-12-14,KO,3671
2025-12-15,KO,3655
2025-12-16,KO,3618
2025-12-17,KO,3657
2025-12-18,KO,3759
2025-12-19,KO,3574
2025-12-20,KO,3596
2025-12-21,KO,4236
2025-12-22,KO,3632
2025-12-23,KO,3708
2025-12-24,KO,3811
2025-12-25,KO,4013
2025-12-26,KO,3946
2025-12-27,KO,3719
2025-12-28,KO,3837
2025-12-29,KO,4895
2025-12-30,KO,3538
2025-12-31,KO,3439
2026-01-01,KO,3707
2026-01-02,KO,3595
2026-01-03,KO,3473
2026-01-04,KO,3613
2026-01-05,KO,3604
2026-01-06,KO,3430
2026-01-07,KO,3379
2026-01-08,KO,3515
2026-01-09,KO,4409
2026-01-10,KO,3608
2026-01-11,KO,3907
2026-01-12,KO,4322
2026-01-13,KO,4208
2026-01-14,KO,4142
2026-01-15,KO,4455
2026-01-16,KO,4150
2026-01-17,KO,3696
2026-01-18,KO,3949
2026-01-19,KO,3578
2026-01-20,KO,4084
2026-01-21,KO,3767
2026-01-22,KO,3704
2026-01-23,KO,3527
2026-01-24,KO,3295
2026-01-25,KO,3483
2026-01-26,KO,3463
2026-01-27,KO,3719
2026-01-28,KO,3387
2026-01-29,KO,3894
2026-01-30,KO,3629
2026-01-31,KO,3679
2026-02-01,KO,3354
2026-02-02,KO,3537
2026-02-03,KO,3634
2026-02-04,KO,3739
2026-02-05,KO,3893
2026-02-06,KO,3650
2026-02-07,KO,3370
2026-02-08,KO,3292
2026-02-09,KO,3818
2026-02-10,KO,3548
2026-02-11,KO,3597
2026-02-12,KO,3369
2026-02-13,KO,3257
2026-02-14,KO,3105
2026-02-15,KO,3566
2026-02-16,KO,3329
2026-02-17,KO,3602
2026-02-18,KO,3757
2026-02-19,KO,3889
2026-02-20,KO,3470
2026-02-21,KO,3584
2026-02-22,KO,4276
2026-02-23,KO,3542
2026-02-24,KO,3506
2026-02-25,KO,3515
2026-02-26,KO,3703
2026-02-27,KO,4425
2026-02-28,KO,3247
2026-03-01,KO,3261
2026-03-02,KO,3292
2026-03-03,KO,3399
2026-03-04,KO,3313
2026-03-05,KO,3405
2026-03-06,KO,3376
2026-03-07,KO,3371
2026-03-08,KO,5004
2026-03-09,KO,3448
2026-03-10,KO,3225
2026-03-11,KO,3428
2026-03-12,KO,3523
2026-03-13,KO,3305
2026-03-14,KO,3121
2026-03-15,KO,3231
2026-03-16,KO,3420
2026-03-17,KO,3673
2026-03-18,KO,3241
2026-03-19,KO,3129
2026-03-20,KO,2995
2026-03-21,KO,2925
2026-03-22,KO,3175
2026-03-23,KO,3289
2026-03-24,KO,3411
2025-01-19,META,19999
2025-01-20,META,16257
2025-01-21,META,15061
2025-01-22,META,12777
2025-01-23,META,10892
2025-01-24,META,8983
2025-01-25,META,8105
2025-01-26,META,7863
2025-01-27,META,8519
2025-01-28,META,8619
2025-01-29,META,8274
2025-01-30,META,9237
2025-01-31,META,8092
2025-02-01,META,6372
2025-02-02,META,6406
2025-02-03,META,6741
2025-02-04,META,7269
2025-02-05,META,8529
2025-02-06,META,7350
2025-02-07,META,5891
2025-02-08,META,5169
2025-02-09,META,5237
2025-02-10,META,5969
2025-02-11,META,6154
2025-02-12,META,5755
2025-02-13,META,5750
2025-02-14,META,5195
2025-02-15,META,4876
2025-02-16,META,4677
2025-02-17,META,5274
2025-02-18,META,5469
2025-02-19,META,5100
2025-02-20,META,4856
2025-02-21,META,4614
2025-02-22,META,4136
2025-02-23,META,4274
2025-02-24,META,4778
2025-02-25,META,4679
2025-02-26,META,4863
2025-02-27,META,5399
2025-02-28,META,5693
2025-03-01,META,5167
2025-03-02,META,4694
2025-03-03,META,5008
2025-03-04,META,4945
2025-03-05,META,4828
2025-03-06,META,5845
2025-03-07,META,5025
2025-03-08,META,4498
2025-03-09,META,5104
2025-03-10,META,5539
2025-03-11,META,5535
2025-03-12,META,5822
2025-03-13,META,5061
2025-03-14,META,4490
2025-03-15,META,4117
2025-03-16,META,4405
2025-03-17,META,4696
2025-03-18,META,4831
2025-03-19,META,4883
2025-03-20,META,4947
2025-03-21,META,4665
2025-03-22,META,4180
2025-03-23,META,4552
2025-03-24,META,4909
2025-03-25,META,5002
2025-03-26,META,4992
2025-03-27,META,4858
2025-03-28,META,4451
2025-03-29,META,4437
2025-03-30,META,4261
2025-03-31,META,10172
2025-04-01,META,4521
2025-04-02,META,5425
2025-04-03,META,5253
2025-04-04,META,5053
2025-04-05,META,4626
2025-04-06,META,4754
2025-04-07,META,5634
2025-04-08,META,5472
2025-04-09,META,5243
2025-04-10,META,5622
2025-04-11,META,5075
2025-04-12,META,4494
2025-04-13,META,4730
2025-04-14,META,6218
2025-04-15,META,6181
2025-04-16,META,5459
2025-04-17,META,5073
2025-04-18,META,4614
2025-04-19,META,4159
2025-04-20,META,4313
2025-04-21,META,4478
2025-04-22,META,4940
2025-04-23,META,5333
2025-04-24,META,5199
2025-04-25,META,4698
2025-04-26,META,3914
2025-04-27,META,3897
2025-04-28,META,4481
2025-04-29,META,4853
2025-04-30,META,5295
2025-05-01,META,4953
2025-05-02,META,4922
2025-05-03,META,4068
2025-05-04,META,4145
2025-05-05,META,4732
2025-05-06,META,4732
2025-05-07,META,4686
2025-05-08,META,4683
2025-05-09,META,4367
2025-05-10,META,3892
2025-05-11,META,4036
2025-05-12,META,4561
2025-05-13,META,4514
2025-05-14,META,5325
2025-05-15,META,4808
2025-05-16,META,4191
2025-05-17,META,3415
2025-05-18,META,3555
2025-05-19,META,3985
2025-05-20,META,4246
2025-05-21,META,4208
2025-05-22,META,4250
2025-05-23,META,3992
2025-05-24,META,3836
2025-05-25,META,3863
2025-05-26,META,4378
2025-05-27,META,4455
2025-05-28,META,4518
2025-05-29,META,4262
2025-05-30,META,4285
2025-05-31,META,3900
2025-06-01,META,3783
2025-06-02,META,3991
2025-06-03,META,4477
2025-06-04,META,4401
2025-06-05,META,4179
2025-06-06,META,4108
2025-06-07,META,3855
2025-06-08,META,4030
2025-06-09,META,4725
2025-06-10,META,4741
2025-06-11,META,4439
2025-06-12,META,4019
2025-06-13,META,4250
2025-06-14,META,3987
2025-06-15,META,3812
2025-06-16,META,4200
2025-06-17,META,4354
2025-06-18,META,4632
2025-06-19,META,4316
2025-06-20,META,4217
2025-06-21,META,3758
2025-06-22,META,3783
2025-06-23,META,4112
2025-06-24,META,4336
2025-06-25,META,4387
2025-06-26,META,4644
2025-06-27,META,4713
2025-06-28,META,4290
2025-06-29,META,4727
2025-06-30,META,4668
2025-07-01,META,4999
2025-07-02,META,4893
2025-07-03,META,4450
2025-07-04,META,3977
2025-07-05,META,3715
2025-07-06,META,3742
2025-07-07,META,4392
2025-07-08,META,4593
2025-07-09,META,4931
2025-07-10,META,4776
2025-07-11,META,4408
2025-07-12,META,3723
2025-07-13,META,3775
2025-07-14,META,4467
2025-07-15,META,4484
2025-07-16,META,4466
2025-07-17,META,4533
2025-07-18,META,3984
2025-07-19,META,3752
2025-07-20,META,3798
2025-07-21,META,4537
2025-07-22,META,4368
2025-07-23,META,4479
2025-07-24,META,4854
2025-07-25,META,4407
2025-07-26,META,3984
2025-07-27,META,3917
2025-07-28,META,4617
2025-07-29,META,4986
2025-07-30,META,5384
2025-07-31,META,6610
2025-08-01,META,4974
2025-08-02,META,3846
2025-08-03,META,3899
2025-08-04,META,4515
2025-08-05,META,4482
2025-08-06,META,4687
2025-08-07,META,4676
2025-08-08,META,4336
2025-08-09,META,3662
2025-08-10,META,3789
2025-08-11,META,4579
2025-08-12,META,4533
2025-08-13,META,4448
2025-08-14,META,4297
2025-08-15,META,4076
2025-08-16,META,3718
2025-08-17,META,3755
2025-08-18,META,4232
2025-08-19,META,4337
2025-08-20,META,4018
2025-08-21,META,4094
2025-08-22,META,3945
2025-08-23,META,3234
2025-08-24,META,3562
2025-08-25,META,3646
2025-08-26,META,3919
2025-08-27,META,3914
2025-08-28,META,3993
2025-08-29,META,4031
2025-08-30,META,3366
2025-08-31,META,3393
2025-09-01,META,3642
2025-09-02,META,4084
2025-09-03,META,3990
2025-09-04,META,4372
2025-09-05,META,4990
2025-09-06,META,4639
2025-09-07,META,4298
2025-09-08,META,4219
2025-09-09,META,4626
2025-09-10,META,4594
2025-09-11,META,3979
2025-09-12,META,3825
2025-09-13,META,3330
2025-09-14,META,3691
2025-09-15,META,4094
2025-09-16,META,3806
2025-09-17,META,3913
2025-09-18,META,4818
2025-09-19,META,4480
2025-09-20,META,4197
2025-09-21,META,3857
2025-09-22,META,4208
2025-09-23,META,4133
2025-09-24,META,4142
2025-09-25,META,3919
2025-09-26,META,3817
2025-09-27,META,3741
2025-09-28,META,3359
2025-09-29,META,4123
2025-09-30,META,3821
2025-10-01,META,3919
2025-10-02,META,4193
2025-10-03,META,3819
2025-10-04,META,3434
2025-10-05,META,3573
2025-10-06,META,4075
2025-10-07,META,4228
2025-10-08,META,4004
2025-10-09,META,3997
2025-10-10,META,3583
2025-10-11,META,3059
2025-10-12,META,3249
2025-10-13,META,3599
2025-10-14,META,3654
2025-10-15,META,4107
2025-10-16,META,3801
2025-10-17,META,3454
2025-10-18,META,3148
2025-10-19,META,3018
2025-10-20,META,3701
2025-10-21,META,4020
2025-10-22,META,4132
2025-10-23,META,4785
2025-10-24,META,4285
2025-10-25,META,3327
2025-10-26,META,3355
2025-10-27,META,3925
2025-10-28,META,3956
2025-10-29,META,4665
2025-10-30,META,5764
2025-10-31,META,4643
2025-11-01,META,3564
2025-11-02,META,3358
2025-11-03,META,4193
2025-11-04,META,4106
2025-11-05,META,3970
2025-11-06,META,3961
2025-11-07,META,3871
2025-11-08,META,3463
2025-11-09,META,3485
2025-11-10,META,3906
2025-11-11,META,4173
2025-11-12,META,4432
2025-11-13,META,5384
2025-11-14,META,3793
2025-11-15,META,3016
2025-11-16,META,3493
2025-11-17,META,4067
2025-11-18,META,4140
2025-11-19,META,4357
2025-11-20,META,4127
2025-11-21,META,3486
2025-11-22,META,3159
2025-11-23,META,3257
2025-11-24,META,3816
2025-11-25,META,3872
2025-11-26,META,3613
2025-11-27,META,3610
2025-11-28,META,3223
2025-11-29,META,3001
2025-11-30,META,3269
2025-12-01,META,3491
2025-12-02,META,3592
2025-12-03,META,3700
2025-12-04,META,4369
2025-12-05,META,4166
2025-12-06,META,3393
2025-12-07,META,3574
2025-12-08,META,3826
2025-12-09,META,3864
2025-12-10,META,3654
2025-12-11,META,3814
2025-12-12,META,3439
2025-12-13,META,2855
2025-12-14,META,2983
2025-12-15,META,3369
2025-12-16,META,3340
2025-12-17,META,3568
2025-12-18,META,3594
2025-12-19,META,3227
2025-12-20,META,2874
2025-12-21,META,2687
2025-12-22,META,2975
2025-12-23,META,2915
2025-12-24,META,2688
2025-12-25,META,2545
2025-12-26,META,2710
2025-12-27,META,2790
2025-12-28,META,2921
2025-12-29,META,2865
2025-12-30,META,3546
2025-12-31,META,3000
2026-01-01,META,3269
2026-01-02,META,3108
2026-01-03,META,3013
2026-01-04,META,2908
2026-01-05,META,3099
2026-01-06,META,3277
2026-01-07,META,3240
2026-01-08,META,3123
2026-01-09,META,3392
2026-01-10,META,3546
2026-01-11,META,3129
2026-01-12,META,4760
2026-01-13,META,5073
2026-01-14,META,4092
2026-01-15,META,4263
2026-01-16,META,3296
2026-01-17,META,2965
2026-01-18,META,2975
2026-01-19,META,3650
2026-01-20,META,3676
2026-01-21,META,3731
2026-01-22,META,3483
2026-01-23,META,3552
2026-01-24,META,2931
2026-01-25,META,3043
2026-01-26,META,3671
2026-01-27,META,4250
2026-01-28,META,4328
2026-01-29,META,5018
2026-01-30,META,3935
2026-01-31,META,3086
2026-02-01,META,2935
2026-02-02,META,3357
2026-02-03,META,3552
2026-02-04,META,3986
2026-02-05,META,3890
2026-02-06,META,3438
2026-02-07,META,2947
2026-02-08,META,3060
2026-02-09,META,3707
2026-02-10,META,3984
2026-02-11,META,3545
2026-02-12,META,3651
2026-02-13,META,3365
2026-02-14,META,2698
2026-02-15,META,2855
2026-02-16,META,3091
2026-02-17,META,3563
2026-02-18,META,4652
2026-02-19,META,5092
2026-02-20,META,4050
2026-02-21,META,3266
2026-02-22,META,3041
2026-02-23,META,3494
2026-02-24,META,3739
2026-02-25,META,3609
2026-02-26,META,3594
2026-02-27,META,3289
2026-02-28,META,2682
2026-03-01,META,2630
2026-03-02,META,2961
2026-03-03,META,3107
2026-03-04,META,3644
2026-03-05,META,3161
2026-03-06,META,2905
2026-03-07,META,2690
2026-03-08,META,2864
2026-03-09,META,3030
2026-03-10,META,3262
2026-03-11,META,3597
2026-03-12,META,3397
2026-03-13,META,3064
2026-03-14,META,3937
2026-03-15,META,3472
2026-03-16,META,4149
2026-03-17,META,3899
2026-03-18,META,3991
2026-03-19,META,4769
2026-03-20,META,4146
2026-03-21,META,3100
2026-03-22,META,3034
2026-03-23,META,3583
2026-03-24,META,3757
2025-01-19,MS,1520
2025-01-20,MS,1736
2025-01-21,MS,1904
2025-01-22,MS,2039
2025-01-23,MS,2177
2025-01-24,MS,2025
2025-01-25,MS,1589
2025-01-26,MS,1648
2025-01-27,MS,1735
2025-01-28,MS,1886
2025-01-29,MS,2096
2025-01-30,MS,1987
2025-01-31,MS,1955
2025-02-01,MS,1491
2025-02-02,MS,1555
2025-02-03,MS,1802
2025-02-04,MS,1892
2025-02-05,MS,1837
2025-02-06,MS,1894
2025-02-07,MS,1936
2025-02-08,MS,1795
2025-02-09,MS,1566
2025-02-10,MS,1785
2025-02-11,MS,1845
2025-02-12,MS,1906
2025-02-13,MS,1928
2025-02-14,MS,1822
2025-02-15,MS,1532
2025-02-16,MS,1557
2025-02-17,MS,1716
2025-02-18,MS,1937
2025-02-19,MS,2057
2025-02-20,MS,2160
2025-02-21,MS,1906
2025-02-22,MS,1470
2025-02-23,MS,1450
2025-02-24,MS,1790
2025-02-25,MS,1843
2025-02-26,MS,1823
2025-02-27,MS,1926
2025-02-28,MS,1887
2025-03-01,MS,1445
2025-03-02,MS,1565
2025-03-03,MS,2063
2025-03-04,MS,2040
2025-03-05,MS,2068
2025-03-06,MS,1887
2025-03-07,MS,1861
2025-03-08,MS,1523
2025-03-09,MS,1475
2025-03-10,MS,1963
2025-03-11,MS,2051
2025-03-12,MS,2119
2025-03-13,MS,1940
2025-03-14,MS,1823
2025-03-15,MS,1545
2025-03-16,MS,1763
2025-03-17,MS,2027
2025-03-18,MS,2027
2025-03-19,MS,3255
2025-03-20,MS,2189
2025-03-21,MS,1806
2025-03-22,MS,1482
2025-03-23,MS,1715
2025-03-24,MS,1889
2025-03-25,MS,1921
2025-03-26,MS,1766
2025-03-27,MS,1914
2025-03-28,MS,1710
2025-03-29,MS,1552
2025-03-30,MS,1546
2025-03-31,MS,1832
2025-04-01,MS,1660
2025-04-02,MS,1751
2025-04-03,MS,1699
2025-04-04,MS,1729
2025-04-05,MS,1514
2025-04-06,MS,1516
2025-04-07,MS,1979
2025-04-08,MS,2042
2025-04-09,MS,1952
2025-04-10,MS,1980
2025-04-11,MS,2193
2025-04-12,MS,1812
2025-04-13,MS,1995
2025-04-14,MS,1984
2025-04-15,MS,1869
2025-04-16,MS,1973
2025-04-17,MS,1673
2025-04-18,MS,1559
2025-04-19,MS,1415
2025-04-20,MS,1343
2025-04-21,MS,1636
2025-04-22,MS,1741
2025-04-23,MS,1699
2025-04-24,MS,1713
2025-04-25,MS,1785
2025-04-26,MS,1393
2025-04-27,MS,1460
2025-04-28,MS,1757
2025-04-29,MS,1621
2025-04-30,MS,1538
2025-05-01,MS,1414
2025-05-02,MS,1600
2025-05-03,MS,1335
2025-05-04,MS,1432
2025-05-05,MS,1709
2025-05-06,MS,1688
2025-05-07,MS,1721
2025-05-08,MS,1562
2025-05-09,MS,1661
2025-05-10,MS,1347
2025-05-11,MS,1200
2025-05-12,MS,1490
2025-05-13,MS,1533
2025-05-14,MS,1705
2025-05-15,MS,1722
2025-05-16,MS,1551
2025-05-17,MS,1179
2025-05-18,MS,1241
2025-05-19,MS,1632
2025-05-20,MS,1571
2025-05-21,MS,1702
2025-05-22,MS,1639
2025-05-23,MS,1599
2025-05-24,MS,1264
2025-05-25,MS,1330
2025-05-26,MS,1497
2025-05-27,MS,1668
2025-05-28,MS,1716
2025-05-29,MS,1617
2025-05-30,MS,1488
2025-05-31,MS,1317
2025-06-01,MS,1320
2025-06-02,MS,1538
2025-06-03,MS,1695
2025-06-04,MS,1729
2025-06-05,MS,1599
2025-06-06,MS,1546
2025-06-07,MS,1400
2025-06-08,MS,1254
2025-06-09,MS,1566
2025-06-10,MS,1500
2025-06-11,MS,1440
2025-06-12,MS,1780
2025-06-13,MS,1513
2025-06-14,MS,1338
2025-06-15,MS,1361
2025-06-16,MS,1802
2025-06-17,MS,1691
2025-06-18,MS,1707
2025-06-19,MS,1595
2025-06-20,MS,1575
2025-06-21,MS,1571
2025-06-22,MS,1467
2025-06-23,MS,1676
2025-06-24,MS,1649
2025-06-25,MS,1691
2025-06-26,MS,1709
2025-06-27,MS,1627
2025-06-28,MS,1265
2025-06-29,MS,1322
2025-06-30,MS,1593
2025-07-01,MS,1694
2025-07-02,MS,1783
2025-07-03,MS,1547
2025-07-04,MS,1274
2025-07-05,MS,1736
2025-07-06,MS,3877
2025-07-07,MS,3557
2025-07-08,MS,2895
2025-07-09,MS,2334
2025-07-10,MS,1881
2025-07-11,MS,1632
2025-07-12,MS,1274
2025-07-13,MS,1300
2025-07-14,MS,1870
2025-07-15,MS,1934
2025-07-16,MS,1951
2025-07-17,MS,1968
2025-07-18,MS,1668
2025-07-19,MS,1466
2025-07-20,MS,1452
2025-07-21,MS,1843
2025-07-22,MS,1848
2025-07-23,MS,1971
2025-07-24,MS,1840
2025-07-25,MS,1722
2025-07-26,MS,1572
2025-07-27,MS,1424
2025-07-28,MS,1892
2025-07-29,MS,1893
2025-07-30,MS,1792
2025-07-31,MS,1765
2025-08-01,MS,1732
2025-08-02,MS,1415
2025-08-03,MS,1303
2025-08-04,MS,1772
2025-08-05,MS,1753
2025-08-06,MS,1861
2025-08-07,MS,1746
2025-08-08,MS,1765
2025-08-09,MS,1410
2025-08-10,MS,1552
2025-08-11,MS,1742
2025-08-12,MS,1824
2025-08-13,MS,1872
2025-08-14,MS,1689
2025-08-15,MS,1608
2025-08-16,MS,1399
2025-08-17,MS,1349
2025-08-18,MS,1948
2025-08-19,MS,2152
2025-08-20,MS,2197
2025-08-21,MS,2333
2025-08-22,MS,2038
2025-08-23,MS,1769
2025-08-24,MS,1756
2025-08-25,MS,1946
2025-08-26,MS,1871
2025-08-27,MS,1879
2025-08-28,MS,1827
2025-08-29,MS,1683
2025-08-30,MS,1492
2025-08-31,MS,1486
2025-09-01,MS,1756
2025-09-02,MS,4391
2025-09-03,MS,5086
2025-09-04,MS,1729
2025-09-05,MS,1770
2025-09-06,MS,1439
2025-09-07,MS,1419
2025-09-08,MS,1875
2025-09-09,MS,2395
2025-09-10,MS,1874
2025-09-11,MS,2041
2025-09-12,MS,2090
2025-09-13,MS,1527
2025-09-14,MS,1474
2025-09-15,MS,1860
2025-09-16,MS,2129
2025-09-17,MS,1835
2025-09-18,MS,2144
2025-09-19,MS,1888
2025-09-20,MS,1502
2025-09-21,MS,1495
2025-09-22,MS,1754
2025-09-23,MS,1856
2025-09-24,MS,1913
2025-09-25,MS,1935
2025-09-26,MS,1748
2025-09-27,MS,1405
2025-09-28,MS,1352
2025-09-29,MS,1564
2025-09-30,MS,1592
2025-10-01,MS,1583
2025-10-02,MS,1667
2025-10-03,MS,1548
2025-10-04,MS,1292
2025-10-05,MS,1364
2025-10-06,MS,1699
2025-10-07,MS,1780
2025-10-08,MS,1793
2025-10-09,MS,1908
2025-10-10,MS,1645
2025-10-11,MS,1287
2025-10-12,MS,1405
2025-10-13,MS,1819
2025-10-14,MS,1798
2025-10-15,MS,2060
2025-10-16,MS,1886
2025-10-17,MS,1610
2025-10-18,MS,1285
2025-10-19,MS,1347
2025-10-20,MS,1568
2025-10-21,MS,1601
2025-10-22,MS,1708
2025-10-23,MS,1692
2025-10-24,MS,1574
2025-10-25,MS,1373
2025-10-26,MS,1346
2025-10-27,MS,1756
2025-10-28,MS,1875
2025-10-29,MS,1821
2025-10-30,MS,1698
2025-10-31,MS,1561
2025-11-01,MS,1401
2025-11-02,MS,1483
2025-11-03,MS,1562
2025-11-04,MS,1717
2025-11-05,MS,1742
2025-11-06,MS,1962
2025-11-07,MS,1592
2025-11-08,MS,1536
2025-11-09,MS,1393
2025-11-10,MS,1691
2025-11-11,MS,1713
2025-11-12,MS,1777
2025-11-13,MS,1932
2025-11-14,MS,1747
2025-11-15,MS,1412
2025-11-16,MS,1423
2025-11-17,MS,1830
2025-11-18,MS,1854
2025-11-19,MS,1863
2025-11-20,MS,1823
2025-11-21,MS,1710
2025-11-22,MS,1488
2025-11-23,MS,1466
2025-11-24,MS,1917
2025-11-25,MS,1760
2025-11-26,MS,1743
2025-11-27,MS,1423
2025-11-28,MS,1411
2025-11-29,MS,1317
2025-11-30,MS,1323
2025-12-01,MS,1513
2025-12-02,MS,1665
2025-12-03,MS,1555
2025-12-04,MS,1589
2025-12-05,MS,1538
2025-12-06,MS,1370
2025-12-07,MS,1464
2025-12-08,MS,1716
2025-12-09,MS,1705
2025-12-10,MS,1686
2025-12-11,MS,2225
2025-12-12,MS,1768
2025-12-13,MS,1257
2025-12-14,MS,1249
2025-12-15,MS,1381
2025-12-16,MS,1506
2025-12-17,MS,1487
2025-12-18,MS,1474
2025-12-19,MS,1367
2025-12-20,MS,1350
2025-12-21,MS,1308
2025-12-22,MS,1366
2025-12-23,MS,1398
2025-12-24,MS,1294
2025-12-25,MS,1126
2025-12-26,MS,1250
2025-12-27,MS,1198
2025-12-28,MS,1265
2025-12-29,MS,1456
2025-12-30,MS,1445
2025-12-31,MS,1279
2026-01-01,MS,1185
2026-01-02,MS,1441
2026-01-03,MS,1356
2026-01-04,MS,1229
2026-01-05,MS,1509
2026-01-06,MS,1570
2026-01-07,MS,1704
2026-01-08,MS,1617
2026-01-09,MS,1595
2026-01-10,MS,1246
2026-01-11,MS,1391
2026-01-12,MS,1471
2026-01-13,MS,2216
2026-01-14,MS,1847
2026-01-15,MS,1894
2026-01-16,MS,1737
2026-01-17,MS,1302
2026-01-18,MS,1269
2026-01-19,MS,1312
2026-01-20,MS,1670
2026-01-21,MS,1618
2026-01-22,MS,3435
2026-01-23,MS,1966
2026-01-24,MS,1371
2026-01-25,MS,1472
2026-01-26,MS,1431
2026-01-27,MS,1612
2026-01-28,MS,1844
2026-01-29,MS,1815
2026-01-30,MS,2452
2026-01-31,MS,1549
2026-02-01,MS,1557
2026-02-02,MS,1881
2026-02-03,MS,1893
2026-02-04,MS,1840
2026-02-05,MS,1760
2026-02-06,MS,1694
2026-02-07,MS,1363
2026-02-08,MS,1388
2026-02-09,MS,1541
2026-02-10,MS,1612
2026-02-11,MS,1528
2026-02-12,MS,1703
2026-02-13,MS,1588
2026-02-14,MS,1247
2026-02-15,MS,1270
2026-02-16,MS,1493
2026-02-17,MS,1520
2026-02-18,MS,1632
2026-02-19,MS,1491
2026-02-20,MS,1520
2026-02-21,MS,1244
2026-02-22,MS,1372
2026-02-23,MS,1426
2026-02-24,MS,1563
2026-02-25,MS,1486
2026-02-26,MS,1545
2026-02-27,MS,1516
2026-02-28,MS,1188
2026-03-01,MS,1117
2026-03-02,MS,1351
2026-03-03,MS,1344
2026-03-04,MS,1640
2026-03-05,MS,2298
2026-03-06,MS,1471
2026-03-07,MS,1200
2026-03-08,MS,1297
2026-03-09,MS,1338
2026-03-10,MS,1294
2026-03-11,MS,1450
2026-03-12,MS,1499
2026-03-13,MS,1544
2026-03-14,MS,1346
2026-03-15,MS,1343
2026-03-16,MS,1421
2026-03-17,MS,1388
2026-03-18,MS,1384
2026-03-19,MS,1412
2026-03-20,MS,1157
2026-03-21,MS,1120
2026-03-22,MS,1117
2026-03-23,MS,1296
2026-03-24,MS,1431
2025-01-19,MSFT,6688
2025-01-20,MSFT,9091
2025-01-21,MSFT,9017
2025-01-22,MSFT,8852
2025-01-23,MSFT,9180
2025-01-24,MSFT,7709
2025-01-25,MSFT,6452
2025-01-26,MSFT,6579
2025-01-27,MSFT,7785
2025-01-28,MSFT,9974
2025-01-29,MSFT,8347
2025-01-30,MSFT,7895
2025-01-31,MSFT,7402
2025-02-01,MSFT,5963
2025-02-02,MSFT,6107
2025-02-03,MSFT,7992
2025-02-04,MSFT,7995
2025-02-05,MSFT,7894
2025-02-06,MSFT,7411
2025-02-07,MSFT,6844
2025-02-08,MSFT,6057
2025-02-09,MSFT,5605
2025-02-10,MSFT,6434
2025-02-11,MSFT,7038
2025-02-12,MSFT,6819
2025-02-13,MSFT,6944
2025-02-14,MSFT,6284
2025-02-15,MSFT,5297
2025-02-16,MSFT,5423
2025-02-17,MSFT,6171
2025-02-18,MSFT,6198
2025-02-19,MSFT,6517
2025-02-20,MSFT,7231
2025-02-21,MSFT,7364
2025-02-22,MSFT,5918
2025-02-23,MSFT,6351
2025-02-24,MSFT,7362
2025-02-25,MSFT,7093
2025-02-26,MSFT,6921
2025-02-27,MSFT,6846
2025-02-28,MSFT,6882
2025-03-01,MSFT,5824
2025-03-02,MSFT,5797
2025-03-03,MSFT,6867
2025-03-04,MSFT,6552
2025-03-05,MSFT,6568
2025-03-06,MSFT,6729
2025-03-07,MSFT,6644
2025-03-08,MSFT,5212
2025-03-09,MSFT,5728
2025-03-10,MSFT,6475
2025-03-11,MSFT,6481
2025-03-12,MSFT,6389
2025-03-13,MSFT,6307
2025-03-14,MSFT,5690
2025-03-15,MSFT,4997
2025-03-16,MSFT,5195
2025-03-17,MSFT,6222
2025-03-18,MSFT,6879
2025-03-19,MSFT,6888
2025-03-20,MSFT,6639
2025-03-21,MSFT,6249
2025-03-22,MSFT,4770
2025-03-23,MSFT,4711
2025-03-24,MSFT,6053
2025-03-25,MSFT,6586
2025-03-26,MSFT,6228
2025-03-27,MSFT,6759
2025-03-28,MSFT,6787
2025-03-29,MSFT,4702
2025-03-30,MSFT,4482
2025-03-31,MSFT,6379
2025-04-01,MSFT,6863
2025-04-02,MSFT,6827
2025-04-03,MSFT,7581
2025-04-04,MSFT,14245
2025-04-05,MSFT,10260
2025-04-06,MSFT,7869
2025-04-07,MSFT,8565
2025-04-08,MSFT,8177
2025-04-09,MSFT,8055
2025-04-10,MSFT,7408
2025-04-11,MSFT,6610
2025-04-12,MSFT,5294
2025-04-13,MSFT,5207
2025-04-14,MSFT,6336
2025-04-15,MSFT,6743
2025-04-16,MSFT,6616
2025-04-17,MSFT,5894
2025-04-18,MSFT,5424
2025-04-19,MSFT,4654
2025-04-20,MSFT,4707
2025-04-21,MSFT,5380
2025-04-22,MSFT,6389
2025-04-23,MSFT,6559
2025-04-24,MSFT,6787
2025-04-25,MSFT,5775
2025-04-26,MSFT,4974
2025-04-27,MSFT,4860
2025-04-28,MSFT,5875
2025-04-29,MSFT,6108
2025-04-30,MSFT,6608
2025-05-01,MSFT,5726
2025-05-02,MSFT,5724
2025-05-03,MSFT,4716
2025-05-04,MSFT,4806
2025-05-05,MSFT,5866
2025-05-06,MSFT,6483
2025-05-07,MSFT,6727
2025-05-08,MSFT,6623
2025-05-09,MSFT,6645
2025-05-10,MSFT,4900
2025-05-11,MSFT,4767
2025-05-12,MSFT,6481
2025-05-13,MSFT,7204
2025-05-14,MSFT,7700
2025-05-15,MSFT,6777
2025-05-16,MSFT,6138
2025-05-17,MSFT,4838
2025-05-18,MSFT,4784
2025-05-19,MSFT,6180
2025-05-20,MSFT,6384
2025-05-21,MSFT,6215
2025-05-22,MSFT,6459
2025-05-23,MSFT,6003
2025-05-24,MSFT,5896
2025-05-25,MSFT,4724
2025-05-26,MSFT,5532
2025-05-27,MSFT,5732
2025-05-28,MSFT,5976
2025-05-29,MSFT,5352
2025-05-30,MSFT,5254
2025-05-31,MSFT,4536
2025-06-01,MSFT,4461
2025-06-02,MSFT,5660
2025-06-03,MSFT,6313
2025-06-04,MSFT,5515
2025-06-05,MSFT,6674
2025-06-06,MSFT,5369
2025-06-07,MSFT,4688
2025-06-08,MSFT,5182
2025-06-09,MSFT,5427
2025-06-10,MSFT,5613
2025-06-11,MSFT,5726
2025-06-12,MSFT,4671
2025-06-13,MSFT,4674
2025-06-14,MSFT,3753
2025-06-15,MSFT,3794
2025-06-16,MSFT,4420
2025-06-17,MSFT,4720
2025-06-18,MSFT,4641
2025-06-19,MSFT,4978
2025-06-20,MSFT,5348
2025-06-21,MSFT,4856
2025-06-22,MSFT,4927
2025-06-23,MSFT,5504
2025-06-24,MSFT,5609
2025-06-25,MSFT,7475
2025-06-26,MSFT,5665
2025-06-27,MSFT,5140
2025-06-28,MSFT,5104
2025-06-29,MSFT,4707
2025-06-30,MSFT,5163
2025-07-01,MSFT,5200
2025-07-02,MSFT,7042
2025-07-03,MSFT,7703
2025-07-04,MSFT,6224
2025-07-05,MSFT,6018
2025-07-06,MSFT,5145
2025-07-07,MSFT,6432
2025-07-08,MSFT,6038
2025-07-09,MSFT,6148
2025-07-10,MSFT,6316
2025-07-11,MSFT,5947
2025-07-12,MSFT,4652
2025-07-13,MSFT,4706
2025-07-14,MSFT,5105
2025-07-15,MSFT,5786
2025-07-16,MSFT,5724
2025-07-17,MSFT,5651
2025-07-18,MSFT,5166
2025-07-19,MSFT,4489
2025-07-20,MSFT,4689
2025-07-21,MSFT,5310
2025-07-22,MSFT,5812
2025-07-23,MSFT,5524
2025-07-24,MSFT,6244
2025-07-25,MSFT,5801
2025-07-26,MSFT,5387
2025-07-27,MSFT,5269
2025-07-28,MSFT,5764
2025-07-29,MSFT,5815
2025-07-30,MSFT,6029
2025-07-31,MSFT,6721
2025-08-01,MSFT,6516
2025-08-02,MSFT,5384
2025-08-03,MSFT,5392
2025-08-04,MSFT,5993
2025-08-05,MSFT,12534
2025-08-06,MSFT,6370
2025-08-07,MSFT,6234
2025-08-08,MSFT,5767
2025-08-09,MSFT,4848
2025-08-10,MSFT,4768
2025-08-11,MSFT,5647
2025-08-12,MSFT,5751
2025-08-13,MSFT,6141
2025-08-14,MSFT,7181
2025-08-15,MSFT,5896
2025-08-16,MSFT,4816
2025-08-17,MSFT,4831
2025-08-18,MSFT,5985
2025-08-19,MSFT,6178
2025-08-20,MSFT,5592
2025-08-21,MSFT,5897
2025-08-22,MSFT,6153
2025-08-23,MSFT,4869
2025-08-24,MSFT,4594
2025-08-25,MSFT,4931
2025-08-26,MSFT,5563
2025-08-27,MSFT,5788
2025-08-28,MSFT,5363
2025-08-29,MSFT,5584
2025-08-30,MSFT,5686
2025-08-31,MSFT,6238
2025-09-01,MSFT,5715
2025-09-02,MSFT,5749
2025-09-03,MSFT,7022
2025-09-04,MSFT,6124
2025-09-05,MSFT,7196
2025-09-06,MSFT,5538
2025-09-07,MSFT,5196
2025-09-08,MSFT,6686
2025-09-09,MSFT,6233
2025-09-10,MSFT,6536
2025-09-11,MSFT,6308
2025-09-12,MSFT,5893
2025-09-13,MSFT,4779
2025-09-14,MSFT,4895
2025-09-15,MSFT,5663
2025-09-16,MSFT,5940
2025-09-17,MSFT,6127
2025-09-18,MSFT,5924
2025-09-19,MSFT,5700
2025-09-20,MSFT,5888
2025-09-21,MSFT,6111
2025-09-22,MSFT,7080
2025-09-23,MSFT,6759
2025-09-24,MSFT,6873
2025-09-25,MSFT,7157
2025-09-26,MSFT,6606
2025-09-27,MSFT,7011
2025-09-28,MSFT,6440
2025-09-29,MSFT,7090
2025-09-30,MSFT,6642
2025-10-01,MSFT,7048
2025-10-02,MSFT,7719
2025-10-03,MSFT,6945
2025-10-04,MSFT,5197
2025-10-05,MSFT,6529
2025-10-06,MSFT,8992
2025-10-07,MSFT,9565
2025-10-08,MSFT,8027
2025-10-09,MSFT,5937
2025-10-10,MSFT,5665
2025-10-11,MSFT,6690
2025-10-12,MSFT,5417
2025-10-13,MSFT,7266
2025-10-14,MSFT,6923
2025-10-15,MSFT,6943
2025-10-16,MSFT,6371
2025-10-17,MSFT,5996
2025-10-18,MSFT,6737
2025-10-19,MSFT,6213
2025-10-20,MSFT,6020
2025-10-21,MSFT,5481
2025-10-22,MSFT,5532
2025-10-23,MSFT,6089
2025-10-24,MSFT,6072
2025-10-25,MSFT,4548
2025-10-26,MSFT,4739
2025-10-27,MSFT,6187
2025-10-28,MSFT,6548
2025-10-29,MSFT,8012
2025-10-30,MSFT,6367
2025-10-31,MSFT,5999
2025-11-01,MSFT,4768
2025-11-02,MSFT,5172
2025-11-03,MSFT,6731
2025-11-04,MSFT,6880
2025-11-05,MSFT,5827
2025-11-06,MSFT,5640
2025-11-07,MSFT,6209
2025-11-08,MSFT,4825
2025-11-09,MSFT,5271
2025-11-10,MSFT,5081
2025-11-11,MSFT,5552
2025-11-12,MSFT,6287
2025-11-13,MSFT,6405
2025-11-14,MSFT,5255
2025-11-15,MSFT,4227
2025-11-16,MSFT,5314
2025-11-17,MSFT,6714
2025-11-18,MSFT,6280
2025-11-19,MSFT,5373
2025-11-20,MSFT,7171
2025-11-21,MSFT,8152
2025-11-22,MSFT,7655
2025-11-23,MSFT,5735
2025-11-24,MSFT,5111
2025-11-25,MSFT,5539
2025-11-26,MSFT,4867
2025-11-27,MSFT,4649
2025-11-28,MSFT,4660
2025-11-29,MSFT,4240
2025-11-30,MSFT,5186
2025-12-01,MSFT,5184
2025-12-02,MSFT,5199
2025-12-03,MSFT,4889
2025-12-04,MSFT,5092
2025-12-05,MSFT,4787
2025-12-06,MSFT,3990
2025-12-07,MSFT,3925
2025-12-08,MSFT,5166
2025-12-09,MSFT,5436
2025-12-10,MSFT,5347
2025-12-11,MSFT,5455
2025-12-12,MSFT,5053
2025-12-13,MSFT,5381
2025-12-14,MSFT,4922
2025-12-15,MSFT,57097
2025-12-16,MSFT,49351
2025-12-17,MSFT,6320
2025-12-18,MSFT,5467
2025-12-19,MSFT,4637
2025-12-20,MSFT,3886
2025-12-21,MSFT,3654
2025-12-22,MSFT,3890
2025-12-23,MSFT,4757
2025-12-24,MSFT,3889
2025-12-25,MSFT,4197
2025-12-26,MSFT,3936
2025-12-27,MSFT,4731
2025-12-28,MSFT,5942
2025-12-29,MSFT,5533
2025-12-30,MSFT,6818
2025-12-31,MSFT,5033
2026-01-01,MSFT,4387
2026-01-02,MSFT,4838
2026-01-03,MSFT,5145
2026-01-04,MSFT,5713
2026-01-05,MSFT,6218
2026-01-06,MSFT,6512
2026-01-07,MSFT,6216
2026-01-08,MSFT,6342
2026-01-09,MSFT,6123
2026-01-10,MSFT,5397
2026-01-11,MSFT,5876
2026-01-12,MSFT,6878
2026-01-13,MSFT,6853
2026-01-14,MSFT,7650
2026-01-15,MSFT,6499
2026-01-16,MSFT,5625
2026-01-17,MSFT,4617
2026-01-18,MSFT,4309
2026-01-19,MSFT,4758
2026-01-20,MSFT,5310
2026-01-21,MSFT,5341
2026-01-22,MSFT,6071
2026-01-23,MSFT,5356
2026-01-24,MSFT,4400
2026-01-25,MSFT,5274
2026-01-26,MSFT,6548
2026-01-27,MSFT,5997
2026-01-28,MSFT,5568
2026-01-29,MSFT,6321
2026-01-30,MSFT,7432
2026-01-31,MSFT,6919
2026-02-01,MSFT,6075
2026-02-02,MSFT,6592
2026-02-03,MSFT,7009
2026-02-04,MSFT,7062
2026-02-05,MSFT,6894
2026-02-06,MSFT,6271
2026-02-07,MSFT,4639
2026-02-08,MSFT,4809
2026-02-09,MSFT,6962
2026-02-10,MSFT,5630
2026-02-11,MSFT,5443
2026-02-12,MSFT,5363
2026-02-13,MSFT,5161
2026-02-14,MSFT,4056
2026-02-15,MSFT,3819
2026-02-16,MSFT,5017
2026-02-17,MSFT,5205
2026-02-18,MSFT,5295
2026-02-19,MSFT,5755
2026-02-20,MSFT,5481
2026-02-21,MSFT,5556
2026-02-22,MSFT,4910
2026-02-23,MSFT,6007
2026-02-24,MSFT,6276
2026-02-25,MSFT,5950
2026-02-26,MSFT,6047
2026-02-27,MSFT,5189
2026-02-28,MSFT,3827
2026-03-01,MSFT,3747
2026-03-02,MSFT,4433
2026-03-03,MSFT,4982
2026-03-04,MSFT,5585
2026-03-05,MSFT,4799
2026-03-06,MSFT,4425
2026-03-07,MSFT,3777
2026-03-08,MSFT,3513
2026-03-09,MSFT,4601
2026-03-10,MSFT,4752
2026-03-11,MSFT,4678
2026-03-12,MSFT,5643
2026-03-13,MSFT,6036
2026-03-14,MSFT,4918
2026-03-15,MSFT,4798
2026-03-16,MSFT,5901
2026-03-17,MSFT,5995
2026-03-18,MSFT,5775
2026-03-19,MSFT,5287
2026-03-20,MSFT,5301
2026-03-21,MSFT,4866
2026-03-22,MSFT,4543
2026-03-23,MSFT,5657
2026-03-24,MSFT,6104
2026-03-24,MTX,3
2025-01-19,NEM,167
2025-01-20,NEM,178
2025-01-21,NEM,187
2025-01-22,NEM,204
2025-01-23,NEM,216
2025-01-24,NEM,177
2025-01-25,NEM,125
2025-01-26,NEM,141
2025-01-27,NEM,178
2025-01-28,NEM,221
2025-01-29,NEM,185
2025-01-30,NEM,222
2025-01-31,NEM,195
2025-02-01,NEM,115
2025-02-02,NEM,152
2025-02-03,NEM,212
2025-02-04,NEM,238
2025-02-05,NEM,229
2025-02-06,NEM,194
2025-02-07,NEM,197
2025-02-08,NEM,126
2025-02-09,NEM,160
2025-02-10,NEM,222
2025-02-11,NEM,228
2025-02-12,NEM,248
2025-02-13,NEM,221
2025-02-14,NEM,201
2025-02-15,NEM,145
2025-02-16,NEM,162
2025-02-17,NEM,180
2025-02-18,NEM,211
2025-02-19,NEM,214
2025-02-20,NEM,257
2025-02-21,NEM,260
2025-02-22,NEM,188
2025-02-23,NEM,135
2025-02-24,NEM,192
2025-02-25,NEM,205
2025-02-26,NEM,163
2025-02-27,NEM,212
2025-02-28,NEM,157
2025-03-01,NEM,131
2025-03-02,NEM,149
2025-03-03,NEM,166
2025-03-04,NEM,202
2025-03-05,NEM,228
2025-03-06,NEM,194
2025-03-07,NEM,184
2025-03-08,NEM,129
2025-03-09,NEM,138
2025-03-10,NEM,188
2025-03-11,NEM,192
2025-03-12,NEM,182
2025-03-13,NEM,176
2025-03-14,NEM,212
2025-03-15,NEM,151
2025-03-16,NEM,151
2025-03-17,NEM,243
2025-03-18,NEM,220
2025-03-19,NEM,219
2025-03-20,NEM,244
2025-03-21,NEM,199
2025-03-22,NEM,104
2025-03-23,NEM,99
2025-03-24,NEM,188
2025-03-25,NEM,202
2025-03-26,NEM,206
2025-03-27,NEM,175
2025-03-28,NEM,159
2025-03-29,NEM,127
2025-03-30,NEM,128
2025-03-31,NEM,224
2025-04-01,NEM,202
2025-04-02,NEM,185
2025-04-03,NEM,225
2025-04-04,NEM,189
2025-04-05,NEM,118
2025-04-06,NEM,148
2025-04-07,NEM,218
2025-04-08,NEM,185
2025-04-09,NEM,231
2025-04-10,NEM,250
2025-04-11,NEM,338
2025-04-12,NEM,262
2025-04-13,NEM,287
2025-04-14,NEM,293
2025-04-15,NEM,268
2025-04-16,NEM,298
2025-04-17,NEM,252
2025-04-18,NEM,222
2025-04-19,NEM,230
2025-04-20,NEM,189
2025-04-21,NEM,332
2025-04-22,NEM,306
2025-04-23,NEM,289
2025-04-24,NEM,258
2025-04-25,NEM,206
2025-04-26,NEM,153
2025-04-27,NEM,169
2025-04-28,NEM,236
2025-04-29,NEM,202
2025-04-30,NEM,186
2025-05-01,NEM,198
2025-05-02,NEM,160
2025-05-03,NEM,151
2025-05-04,NEM,146
2025-05-05,NEM,197
2025-05-06,NEM,184
2025-05-07,NEM,213
2025-05-08,NEM,172
2025-05-09,NEM,207
2025-05-10,NEM,123
2025-05-11,NEM,120
2025-05-12,NEM,176
2025-05-13,NEM,192
2025-05-14,NEM,237
2025-05-15,NEM,189
2025-05-16,NEM,170
2025-05-17,NEM,101
2025-05-18,NEM,124
2025-05-19,NEM,143
2025-05-20,NEM,157
2025-05-21,NEM,195
2025-05-22,NEM,172
2025-05-23,NEM,143
2025-05-24,NEM,119
2025-05-25,NEM,98
2025-05-26,NEM,187
2025-05-27,NEM,174
2025-05-28,NEM,166
2025-05-29,NEM,158
2025-05-30,NEM,130
2025-05-31,NEM,102
2025-06-01,NEM,109
2025-06-02,NEM,172
2025-06-03,NEM,154
2025-06-04,NEM,160
2025-06-05,NEM,165
2025-06-06,NEM,154
2025-06-07,NEM,112
2025-06-08,NEM,129
2025-06-09,NEM,146
2025-06-10,NEM,137
2025-06-11,NEM,159
2025-06-12,NEM,181
2025-06-13,NEM,161
2025-06-14,NEM,81
2025-06-15,NEM,107
2025-06-16,NEM,144
2025-06-17,NEM,143
2025-06-18,NEM,152
2025-06-19,NEM,127
2025-06-20,NEM,138
2025-06-21,NEM,123
2025-06-22,NEM,114
2025-06-23,NEM,115
2025-06-24,NEM,161
2025-06-25,NEM,158
2025-06-26,NEM,150
2025-06-27,NEM,129
2025-06-28,NEM,92
2025-06-29,NEM,82
2025-06-30,NEM,134
2025-07-01,NEM,129
2025-07-02,NEM,138
2025-07-03,NEM,141
2025-07-04,NEM,101
2025-07-05,NEM,106
2025-07-06,NEM,121
2025-07-07,NEM,153
2025-07-08,NEM,165
2025-07-09,NEM,175
2025-07-10,NEM,179
2025-07-11,NEM,170
2025-07-12,NEM,111
2025-07-13,NEM,127
2025-07-14,NEM,150
2025-07-15,NEM,245
2025-07-16,NEM,223
2025-07-17,NEM,158
2025-07-18,NEM,143
2025-07-19,NEM,110
2025-07-20,NEM,106
2025-07-21,NEM,165
2025-07-22,NEM,172
2025-07-23,NEM,238
2025-07-24,NEM,397
2025-07-25,NEM,580
2025-07-26,NEM,244
2025-07-27,NEM,156
2025-07-28,NEM,185
2025-07-29,NEM,149
2025-07-30,NEM,160
2025-07-31,NEM,166
2025-08-01,NEM,158
2025-08-02,NEM,128
2025-08-03,NEM,130
2025-08-04,NEM,192
2025-08-05,NEM,194
2025-08-06,NEM,183
2025-08-07,NEM,169
2025-08-08,NEM,208
2025-08-09,NEM,133
2025-08-10,NEM,124
2025-08-11,NEM,213
2025-08-12,NEM,167
2025-08-13,NEM,196
2025-08-14,NEM,192
2025-08-15,NEM,157
2025-08-16,NEM,159
2025-08-17,NEM,131
2025-08-18,NEM,198
2025-08-19,NEM,197
2025-08-20,NEM,147
2025-08-21,NEM,200
2025-08-22,NEM,166
2025-08-23,NEM,111
2025-08-24,NEM,125
2025-08-25,NEM,153
2025-08-26,NEM,200
2025-08-27,NEM,189
2025-08-28,NEM,232
2025-08-29,NEM,169
2025-08-30,NEM,132
2025-08-31,NEM,127
2025-09-01,NEM,198
2025-09-02,NEM,273
2025-09-03,NEM,287
2025-09-04,NEM,235
2025-09-05,NEM,184
2025-09-06,NEM,162
2025-09-07,NEM,152
2025-09-08,NEM,244
2025-09-09,NEM,295
2025-09-10,NEM,232
2025-09-11,NEM,306
2025-09-12,NEM,225
2025-09-13,NEM,159
2025-09-14,NEM,146
2025-09-15,NEM,194
2025-09-16,NEM,257
2025-09-17,NEM,201
2025-09-18,NEM,242
2025-09-19,NEM,188
2025-09-20,NEM,176
2025-09-21,NEM,153
2025-09-22,NEM,286
2025-09-23,NEM,243
2025-09-24,NEM,187
2025-09-25,NEM,224
2025-09-26,NEM,193
2025-09-27,NEM,135
2025-09-28,NEM,166
2025-09-29,NEM,309
2025-09-30,NEM,451
2025-10-01,NEM,280
2025-10-02,NEM,235
2025-10-03,NEM,227
2025-10-04,NEM,154
2025-10-05,NEM,119
2025-10-06,NEM,239
2025-10-07,NEM,269
2025-10-08,NEM,323
2025-10-09,NEM,279
2025-10-10,NEM,233
2025-10-11,NEM,176
2025-10-12,NEM,194
2025-10-13,NEM,189
2025-10-14,NEM,233
2025-10-15,NEM,274
2025-10-16,NEM,336
2025-10-17,NEM,340
2025-10-18,NEM,202
2025-10-19,NEM,187
2025-10-20,NEM,292
2025-10-21,NEM,388
2025-10-22,NEM,389
2025-10-23,NEM,316
2025-10-24,NEM,337
2025-10-25,NEM,184
2025-10-26,NEM,178
2025-10-27,NEM,315
2025-10-28,NEM,249
2025-10-29,NEM,220
2025-10-30,NEM,211
2025-10-31,NEM,169
2025-11-01,NEM,149
2025-11-02,NEM,178
2025-11-03,NEM,226
2025-11-04,NEM,196
2025-11-05,NEM,209
2025-11-06,NEM,153
2025-11-07,NEM,161
2025-11-08,NEM,131
2025-11-09,NEM,124
2025-11-10,NEM,217
2025-11-11,NEM,198
2025-11-12,NEM,230
2025-11-13,NEM,211
2025-11-14,NEM,149
2025-11-15,NEM,155
2025-11-16,NEM,106
2025-11-17,NEM,170
2025-11-18,NEM,218
2025-11-19,NEM,199
2025-11-20,NEM,149
2025-11-21,NEM,169
2025-11-22,NEM,118
2025-11-23,NEM,118
2025-11-24,NEM,164
2025-11-25,NEM,199
2025-11-26,NEM,191
2025-11-27,NEM,196
2025-11-28,NEM,180
2025-11-29,NEM,136
2025-11-30,NEM,131
2025-12-01,NEM,223
2025-12-02,NEM,228
2025-12-03,NEM,184
2025-12-04,NEM,194
2025-12-05,NEM,163
2025-12-06,NEM,147
2025-12-07,NEM,111
2025-12-08,NEM,162
2025-12-09,NEM,161
2025-12-10,NEM,208
2025-12-11,NEM,182
2025-12-12,NEM,203
2025-12-13,NEM,137
2025-12-14,NEM,148
2025-12-15,NEM,207
2025-12-16,NEM,190
2025-12-17,NEM,178
2025-12-18,NEM,158
2025-12-19,NEM,115
2025-12-20,NEM,125
2025-12-21,NEM,154
2025-12-22,NEM,176
2025-12-23,NEM,210
2025-12-24,NEM,176
2025-12-25,NEM,177
2025-12-26,NEM,204
2025-12-27,NEM,167
2025-12-28,NEM,168
2025-12-29,NEM,224
2025-12-30,NEM,216
2025-12-31,NEM,168
2026-01-01,NEM,125
2026-01-02,NEM,181
2026-01-03,NEM,171
2026-01-04,NEM,159
2026-01-05,NEM,240
2026-01-06,NEM,276
2026-01-07,NEM,230
2026-01-08,NEM,212
2026-01-09,NEM,199
2026-01-10,NEM,128
2026-01-11,NEM,141
2026-01-12,NEM,246
2026-01-13,NEM,248
2026-01-14,NEM,259
2026-01-15,NEM,197
2026-01-16,NEM,202
2026-01-17,NEM,148
2026-01-18,NEM,175
2026-01-19,NEM,267
2026-01-20,NEM,285
2026-01-21,NEM,286
2026-01-22,NEM,218
2026-01-23,NEM,267
2026-01-24,NEM,243
2026-01-25,NEM,220
2026-01-26,NEM,347
2026-01-27,NEM,373
2026-01-28,NEM,355
2026-01-29,NEM,423
2026-01-30,NEM,280
2026-01-31,NEM,224
2026-02-01,NEM,223
2026-02-02,NEM,251
2026-02-03,NEM,286
2026-02-04,NEM,233
2026-02-05,NEM,266
2026-02-06,NEM,233
2026-02-07,NEM,166
2026-02-08,NEM,201
2026-02-09,NEM,212
2026-02-10,NEM,205
2026-02-11,NEM,167
2026-02-12,NEM,213
2026-02-13,NEM,199
2026-02-14,NEM,146
2026-02-15,NEM,141
2026-02-16,NEM,168
2026-02-17,NEM,216
2026-02-18,NEM,145
2026-02-19,NEM,216
2026-02-20,NEM,223
2026-02-21,NEM,178
2026-02-22,NEM,137
2026-02-23,NEM,241
2026-02-24,NEM,217
2026-02-25,NEM,190
2026-02-26,NEM,175
2026-02-27,NEM,223
2026-02-28,NEM,135
2026-03-01,NEM,160
2026-03-02,NEM,235
2026-03-03,NEM,234
2026-03-04,NEM,177
2026-03-05,NEM,217
2026-03-06,NEM,169
2026-03-07,NEM,143
2026-03-08,NEM,147
2026-03-09,NEM,181
2026-03-10,NEM,177
2026-03-11,NEM,164
2026-03-12,NEM,167
2026-03-13,NEM,184
2026-03-14,NEM,107
2026-03-15,NEM,136
2026-03-16,NEM,164
2026-03-17,NEM,162
2026-03-18,NEM,166
2026-03-19,NEM,202
2026-03-20,NEM,169
2026-03-21,NEM,129
2026-03-22,NEM,129
2026-03-23,NEM,192
2026-03-24,NEM,192
2025-01-19,NVDA,7305
2025-01-20,NVDA,7942
2025-01-21,NVDA,8755
2025-01-22,NVDA,10634
2025-01-23,NVDA,9957
2025-01-24,NVDA,8837
2025-01-25,NVDA,7771
2025-01-26,NVDA,7805
2025-01-27,NVDA,36270
2025-01-28,NVDA,68291
2025-01-29,NVDA,36690
2025-01-30,NVDA,22148
2025-01-31,NVDA,17356
2025-02-01,NVDA,12715
2025-02-02,NVDA,10716
2025-02-03,NVDA,11691
2025-02-04,NVDA,9325
2025-02-05,NVDA,8573
2025-02-06,NVDA,8015
2025-02-07,NVDA,7409
2025-02-08,NVDA,6301
2025-02-09,NVDA,5690
2025-02-10,NVDA,6450
2025-02-11,NVDA,6687
2025-02-12,NVDA,6118
2025-02-13,NVDA,6476
2025-02-14,NVDA,6093
2025-02-15,NVDA,5247
2025-02-16,NVDA,5404
2025-02-17,NVDA,5921
2025-02-18,NVDA,5961
2025-02-19,NVDA,5877
2025-02-20,NVDA,5610
2025-02-21,NVDA,5496
2025-02-22,NVDA,5157
2025-02-23,NVDA,4998
2025-02-24,NVDA,6242
2025-02-25,NVDA,6943
2025-02-26,NVDA,9448
2025-02-27,NVDA,11924
2025-02-28,NVDA,7714
2025-03-01,NVDA,5911
2025-03-02,NVDA,5599
2025-03-03,NVDA,6942
2025-03-04,NVDA,8084
2025-03-05,NVDA,7211
2025-03-06,NVDA,6337
2025-03-07,NVDA,5818
2025-03-08,NVDA,4885
2025-03-09,NVDA,5366
2025-03-10,NVDA,6171
2025-03-11,NVDA,6322
2025-03-12,NVDA,5737
2025-03-13,NVDA,5483
2025-03-14,NVDA,5115
2025-03-15,NVDA,4925
2025-03-16,NVDA,4451
2025-03-17,NVDA,4940
2025-03-18,NVDA,6396
2025-03-19,NVDA,7048
2025-03-20,NVDA,8722
2025-03-21,NVDA,6948
2025-03-22,NVDA,4690
2025-03-23,NVDA,4281
2025-03-24,NVDA,4874
2025-03-25,NVDA,5164
2025-03-26,NVDA,5048
2025-03-27,NVDA,4871
2025-03-28,NVDA,4268
2025-03-29,NVDA,3815
2025-03-30,NVDA,3705
2025-03-31,NVDA,4045
2025-04-01,NVDA,4207
2025-04-02,NVDA,5124
2025-04-03,NVDA,6053
2025-04-04,NVDA,6457
2025-04-05,NVDA,5025
2025-04-06,NVDA,4877
2025-04-07,NVDA,7137
2025-04-08,NVDA,6340
2025-04-09,NVDA,7139
2025-04-10,NVDA,6475
2025-04-11,NVDA,5131
2025-04-12,NVDA,4379
2025-04-13,NVDA,4213
2025-04-14,NVDA,7710
2025-04-15,NVDA,9015
2025-04-16,NVDA,14509
2025-04-17,NVDA,11218
2025-04-18,NVDA,7942
2025-04-19,NVDA,6081
2025-04-20,NVDA,4826
2025-04-21,NVDA,5593
2025-04-22,NVDA,5683
2025-04-23,NVDA,5149
2025-04-24,NVDA,4831
2025-04-25,NVDA,4644
2025-04-26,NVDA,3731
2025-04-27,NVDA,3920
2025-04-28,NVDA,4792
2025-04-29,NVDA,4385
2025-04-30,NVDA,5140
2025-05-01,NVDA,5825
2025-05-02,NVDA,5594
2025-05-03,NVDA,4046
2025-05-04,NVDA,3819
2025-05-05,NVDA,4387
2025-05-06,NVDA,5006
2025-05-07,NVDA,4020
2025-05-08,NVDA,3886
2025-05-09,NVDA,4102
2025-05-10,NVDA,3165
2025-05-11,NVDA,3864
2025-05-12,NVDA,3937
2025-05-13,NVDA,5865
2025-05-14,NVDA,6301
2025-05-15,NVDA,5173
2025-05-16,NVDA,5377
2025-05-17,NVDA,3985
2025-05-18,NVDA,3940
2025-05-19,NVDA,6007
2025-05-20,NVDA,5525
2025-05-21,NVDA,5498
2025-05-22,NVDA,4901
2025-05-23,NVDA,4654
2025-05-24,NVDA,4482
2025-05-25,NVDA,4384
2025-05-26,NVDA,4653
2025-05-27,NVDA,4926
2025-05-28,NVDA,7615
2025-05-29,NVDA,9137
2025-05-30,NVDA,5612
2025-05-31,NVDA,3945
2025-06-01,NVDA,3830
2025-06-02,NVDA,4198
2025-06-03,NVDA,4915
2025-06-04,NVDA,5450
2025-06-05,NVDA,4752
2025-06-06,NVDA,4202
2025-06-07,NVDA,3578
2025-06-08,NVDA,3582
2025-06-09,NVDA,4257
2025-06-10,NVDA,4275
2025-06-11,NVDA,4922
2025-06-12,NVDA,5128
2025-06-13,NVDA,4296
2025-06-14,NVDA,3752
2025-06-15,NVDA,3502
2025-06-16,NVDA,3864
2025-06-17,NVDA,3990
2025-06-18,NVDA,3707
2025-06-19,NVDA,3640
2025-06-20,NVDA,3601
2025-06-21,NVDA,3190
2025-06-22,NVDA,3163
2025-06-23,NVDA,3417
2025-06-24,NVDA,3675
2025-06-25,NVDA,4324
2025-06-26,NVDA,5804
2025-06-27,NVDA,4643
2025-06-28,NVDA,4161
2025-06-29,NVDA,4151
2025-06-30,NVDA,4533
2025-07-01,NVDA,4185
2025-07-02,NVDA,3887
2025-07-03,NVDA,4640
2025-07-04,NVDA,4668
2025-07-05,NVDA,4144
2025-07-06,NVDA,4583
2025-07-07,NVDA,4823
2025-07-08,NVDA,4935
2025-07-09,NVDA,26729
2025-07-10,NVDA,34243
2025-07-11,NVDA,19340
2025-07-12,NVDA,10925
2025-07-13,NVDA,11074
2025-07-14,NVDA,9699
2025-07-15,NVDA,12070
2025-07-16,NVDA,10486
2025-07-17,NVDA,8592
2025-07-18,NVDA,6927
2025-07-19,NVDA,5929
2025-07-20,NVDA,7542
2025-07-21,NVDA,7924
2025-07-22,NVDA,9440
2025-07-23,NVDA,9881
2025-07-24,NVDA,10248
2025-07-25,NVDA,8646
2025-07-26,NVDA,7114
2025-07-27,NVDA,7073
2025-07-28,NVDA,7905
2025-07-29,NVDA,8267
2025-07-30,NVDA,8409
2025-07-31,NVDA,10189
2025-08-01,NVDA,8439
2025-08-02,NVDA,6152
2025-08-03,NVDA,5872
2025-08-04,NVDA,6721
2025-08-05,NVDA,7028
2025-08-06,NVDA,7351
2025-08-07,NVDA,8234
2025-08-08,NVDA,7926
2025-08-09,NVDA,6494
2025-08-10,NVDA,10249
2025-08-11,NVDA,13329
2025-08-12,NVDA,11050
2025-08-13,NVDA,8209
2025-08-14,NVDA,6949
2025-08-15,NVDA,6151
2025-08-16,NVDA,5061
2025-08-17,NVDA,5643
2025-08-18,NVDA,6332
2025-08-19,NVDA,6539
2025-08-20,NVDA,6359
2025-08-21,NVDA,6220
2025-08-22,NVDA,6958
2025-08-23,NVDA,6797
2025-08-24,NVDA,5532
2025-08-25,NVDA,6831
2025-08-26,NVDA,6724
2025-08-27,NVDA,11197
2025-08-28,NVDA,13701
2025-08-29,NVDA,7288
2025-08-30,NVDA,5697
2025-08-31,NVDA,5339
2025-09-01,NVDA,5506
2025-09-02,NVDA,5976
2025-09-03,NVDA,5604
2025-09-04,NVDA,5505
2025-09-05,NVDA,6425
2025-09-06,NVDA,5464
2025-09-07,NVDA,5115
2025-09-08,NVDA,5269
2025-09-09,NVDA,5098
2025-09-10,NVDA,5267
2025-09-11,NVDA,4729
2025-09-12,NVDA,4574
2025-09-13,NVDA,4028
2025-09-14,NVDA,4156
2025-09-15,NVDA,7394
2025-09-16,NVDA,7144
2025-09-17,NVDA,12184
2025-09-18,NVDA,14962
2025-09-19,NVDA,9978
2025-09-20,NVDA,7453
2025-09-21,NVDA,6319
2025-09-22,NVDA,8692
2025-09-23,NVDA,9934
2025-09-24,NVDA,7396
2025-09-25,NVDA,6574
2025-09-26,NVDA,6550
2025-09-27,NVDA,5841
2025-09-28,NVDA,5507
2025-09-29,NVDA,6160
2025-09-30,NVDA,6320
2025-10-01,NVDA,7240
2025-10-02,NVDA,6888
2025-10-03,NVDA,6572
2025-10-04,NVDA,6309
2025-10-05,NVDA,5751
2025-10-06,NVDA,7522
2025-10-07,NVDA,7286
2025-10-08,NVDA,8642
2025-10-09,NVDA,9141
2025-10-10,NVDA,8270
2025-10-11,NVDA,6828
2025-10-12,NVDA,6288
2025-10-13,NVDA,7539
2025-10-14,NVDA,8596
2025-10-15,NVDA,8172
2025-10-16,NVDA,7580
2025-10-17,NVDA,7905
2025-10-18,NVDA,6832
2025-10-19,NVDA,7444
2025-10-20,NVDA,7814
2025-10-21,NVDA,7109
2025-10-22,NVDA,7130
2025-10-23,NVDA,7101
2025-10-24,NVDA,6482
2025-10-25,NVDA,5586
2025-10-26,NVDA,5580
2025-10-27,NVDA,6492
2025-10-28,NVDA,10516
2025-10-29,NVDA,44485
2025-10-30,NVDA,43958
2025-10-31,NVDA,28648
2025-11-01,NVDA,21015
2025-11-02,NVDA,20366
2025-11-03,NVDA,18202
2025-11-04,NVDA,15432
2025-11-05,NVDA,12930
2025-11-06,NVDA,13614
2025-11-07,NVDA,12563
2025-11-08,NVDA,9830
2025-11-09,NVDA,9403
2025-11-10,NVDA,9674
2025-11-11,NVDA,10270
2025-11-12,NVDA,10151
2025-11-13,NVDA,9226
2025-11-14,NVDA,8816
2025-11-15,NVDA,7494
2025-11-16,NVDA,7708
2025-11-17,NVDA,11590
2025-11-18,NVDA,14014
2025-11-19,NVDA,25435
2025-11-20,NVDA,34307
2025-11-21,NVDA,16591
2025-11-22,NVDA,11153
2025-11-23,NVDA,9936
2025-11-24,NVDA,10254
2025-11-25,NVDA,11290
2025-11-26,NVDA,10536
2025-11-27,NVDA,9934
2025-11-28,NVDA,8689
2025-11-29,NVDA,7682
2025-11-30,NVDA,7360
2025-12-01,NVDA,8072
2025-12-02,NVDA,8206
2025-12-03,NVDA,9117
2025-12-04,NVDA,13988
2025-12-05,NVDA,11498
2025-12-06,NVDA,9103
2025-12-07,NVDA,9274
2025-12-08,NVDA,10376
2025-12-09,NVDA,13138
2025-12-10,NVDA,10549
2025-12-11,NVDA,8969
2025-12-12,NVDA,7956
2025-12-13,NVDA,6720
2025-12-14,NVDA,6277
2025-12-15,NVDA,6670
2025-12-16,NVDA,6799
2025-12-17,NVDA,7335
2025-12-18,NVDA,8867
2025-12-19,NVDA,7724
2025-12-20,NVDA,6768
2025-12-21,NVDA,6325
2025-12-22,NVDA,6772
2025-12-23,NVDA,6505
2025-12-24,NVDA,6587
2025-12-25,NVDA,6794
2025-12-26,NVDA,7209
2025-12-27,NVDA,7001
2025-12-28,NVDA,7188
2025-12-29,NVDA,7629
2025-12-30,NVDA,7265
2025-12-31,NVDA,6809
2026-01-01,NVDA,6265
2026-01-02,NVDA,7608
2026-01-03,NVDA,6277
2026-01-04,NVDA,6384
2026-01-05,NVDA,7526
2026-01-06,NVDA,10308
2026-01-07,NVDA,9123
2026-01-08,NVDA,8670
2026-01-09,NVDA,7540
2026-01-10,NVDA,6770
2026-01-11,NVDA,7007
2026-01-12,NVDA,7053
2026-01-13,NVDA,7784
2026-01-14,NVDA,8077
2026-01-15,NVDA,7838
2026-01-16,NVDA,7361
2026-01-17,NVDA,6692
2026-01-18,NVDA,6420
2026-01-19,NVDA,6915
2026-01-20,NVDA,7167
2026-01-21,NVDA,7874
2026-01-22,NVDA,7839
2026-01-23,NVDA,7180
2026-01-24,NVDA,5880
2026-01-25,NVDA,5783
2026-01-26,NVDA,6366
2026-01-27,NVDA,6894
2026-01-28,NVDA,7382
2026-01-29,NVDA,7246
2026-01-30,NVDA,6767
2026-01-31,NVDA,5955
2026-02-01,NVDA,5928
2026-02-02,NVDA,6320
2026-02-03,NVDA,6760
2026-02-04,NVDA,6980
2026-02-05,NVDA,7046
2026-02-06,NVDA,7016
2026-02-07,NVDA,6807
2026-02-08,NVDA,5927
2026-02-09,NVDA,6242
2026-02-10,NVDA,6017
2026-02-11,NVDA,5708
2026-02-12,NVDA,5850
2026-02-13,NVDA,5731
2026-02-14,NVDA,5028
2026-02-15,NVDA,4767
2026-02-16,NVDA,5082
2026-02-17,NVDA,5889
2026-02-18,NVDA,6228
2026-02-19,NVDA,5991
2026-02-20,NVDA,5543
2026-02-21,NVDA,5032
2026-02-22,NVDA,4646
2026-02-23,NVDA,5414
2026-02-24,NVDA,6686
2026-02-25,NVDA,10193
2026-02-26,NVDA,12968
2026-02-27,NVDA,7989
2026-02-28,NVDA,5778
2026-03-01,NVDA,4998
2026-03-02,NVDA,5722
2026-03-03,NVDA,5699
2026-03-04,NVDA,5366
2026-03-05,NVDA,5533
2026-03-06,NVDA,4968
2026-03-07,NVDA,4504
2026-03-08,NVDA,4286
2026-03-09,NVDA,5077
2026-03-10,NVDA,5307
2026-03-11,NVDA,5659
2026-03-12,NVDA,5808
2026-03-13,NVDA,4923
2026-03-14,NVDA,4042
2026-03-15,NVDA,4202
2026-03-16,NVDA,6066
2026-03-17,NVDA,9346
2026-03-18,NVDA,8318
2026-03-19,NVDA,7190
2026-03-20,NVDA,7250
2026-03-21,NVDA,5561
2026-03-22,NVDA,5318
2026-03-23,NVDA,6100
2026-03-24,NVDA,7069
2025-01-19,PLTR,3760
2025-01-20,PLTR,4282
2025-01-21,PLTR,5215
2025-01-22,PLTR,5943
2025-01-23,PLTR,6167
2025-01-24,PLTR,5821
2025-01-25,PLTR,4364
2025-01-26,PLTR,4420
2025-01-27,PLTR,5645
2025-01-28,PLTR,6257
2025-01-29,PLTR,5722
2025-01-30,PLTR,5086
2025-01-31,PLTR,7752
2025-02-01,PLTR,5074
2025-02-02,PLTR,4968
2025-02-03,PLTR,14873
2025-02-04,PLTR,45042
2025-02-05,PLTR,25984
2025-02-06,PLTR,17933
2025-02-07,PLTR,15956
2025-02-08,PLTR,10397
2025-02-09,PLTR,8916
2025-02-10,PLTR,9723
2025-02-11,PLTR,10173
2025-02-12,PLTR,9180
2025-02-13,PLTR,9106
2025-02-14,PLTR,8333
2025-02-15,PLTR,6780
2025-02-16,PLTR,6650
2025-02-17,PLTR,8856
2025-02-18,PLTR,17608
2025-02-19,PLTR,18152
2025-02-20,PLTR,17657
2025-02-21,PLTR,11179
2025-02-22,PLTR,7099
2025-02-23,PLTR,6562
2025-02-24,PLTR,7686
2025-02-25,PLTR,7577
2025-02-26,PLTR,5778
2025-02-27,PLTR,5439
2025-02-28,PLTR,5887
2025-03-01,PLTR,5270
2025-03-02,PLTR,5214
2025-03-03,PLTR,5591
2025-03-04,PLTR,6920
2025-03-05,PLTR,5836
2025-03-06,PLTR,5958
2025-03-07,PLTR,5956
2025-03-08,PLTR,5123
2025-03-09,PLTR,5172
2025-03-10,PLTR,5732
2025-03-11,PLTR,5630
2025-03-12,PLTR,5447
2025-03-13,PLTR,5348
2025-03-14,PLTR,6086
2025-03-15,PLTR,4144
2025-03-16,PLTR,4802
2025-03-17,PLTR,5279
2025-03-18,PLTR,5571
2025-03-19,PLTR,5103
2025-03-20,PLTR,4552
2025-03-21,PLTR,4024
2025-03-22,PLTR,3594
2025-03-23,PLTR,3850
2025-03-24,PLTR,4985
2025-03-25,PLTR,4378
2025-03-26,PLTR,4095
2025-03-27,PLTR,4030
2025-03-28,PLTR,6192
2025-03-29,PLTR,4970
2025-03-30,PLTR,4993
2025-03-31,PLTR,5860
2025-04-01,PLTR,5346
2025-04-02,PLTR,5588
2025-04-03,PLTR,4495
2025-04-04,PLTR,4451
2025-04-05,PLTR,3755
2025-04-06,PLTR,3886
2025-04-07,PLTR,5540
2025-04-08,PLTR,4918
2025-04-09,PLTR,4401
2025-04-10,PLTR,4294
2025-04-11,PLTR,5783
2025-04-12,PLTR,4715
2025-04-13,PLTR,4063
2025-04-14,PLTR,6887
2025-04-15,PLTR,6545
2025-04-16,PLTR,6024
2025-04-17,PLTR,7674
2025-04-18,PLTR,7859
2025-04-19,PLTR,6532
2025-04-20,PLTR,5899
2025-04-21,PLTR,5743
2025-04-22,PLTR,5649
2025-04-23,PLTR,5178
2025-04-24,PLTR,4874
2025-04-25,PLTR,4975
2025-04-26,PLTR,3764
2025-04-27,PLTR,3223
2025-04-28,PLTR,4743
2025-04-29,PLTR,4529
2025-04-30,PLTR,4508
2025-05-01,PLTR,5098
2025-05-02,PLTR,5711
2025-05-03,PLTR,5497
2025-05-04,PLTR,6060
2025-05-05,PLTR,9386
2025-05-06,PLTR,11640
2025-05-07,PLTR,7197
2025-05-08,PLTR,6227
2025-05-09,PLTR,5727
2025-05-10,PLTR,3478
2025-05-11,PLTR,7822
2025-05-12,PLTR,4887
2025-05-13,PLTR,7279
2025-05-14,PLTR,8578
2025-05-15,PLTR,6641
2025-05-16,PLTR,4979
2025-05-17,PLTR,3608
2025-05-18,PLTR,3919
2025-05-19,PLTR,4827
2025-05-20,PLTR,4652
2025-05-21,PLTR,4697
2025-05-22,PLTR,4390
2025-05-23,PLTR,3866
2025-05-24,PLTR,2964
2025-05-25,PLTR,2814
2025-05-26,PLTR,3405
2025-05-27,PLTR,4104
2025-05-28,PLTR,4505
2025-05-29,PLTR,4264
2025-05-30,PLTR,9395
2025-05-31,PLTR,13594
2025-06-01,PLTR,13451
2025-06-02,PLTR,17692
2025-06-03,PLTR,20417
2025-06-04,PLTR,19149
2025-06-05,PLTR,18719
2025-06-06,PLTR,17216
2025-06-07,PLTR,12025
2025-06-08,PLTR,11344
2025-06-09,PLTR,13464
2025-06-10,PLTR,12728
2025-06-11,PLTR,12465
2025-06-12,PLTR,9901
2025-06-13,PLTR,14022
2025-06-14,PLTR,11771
2025-06-15,PLTR,12628
2025-06-16,PLTR,13534
2025-06-17,PLTR,11499
2025-06-18,PLTR,9210
2025-06-19,PLTR,8671
2025-06-20,PLTR,8341
2025-06-21,PLTR,8478
2025-06-22,PLTR,9654
2025-06-23,PLTR,9998
2025-06-24,PLTR,8472
2025-06-25,PLTR,8668
2025-06-26,PLTR,9019
2025-06-27,PLTR,9304
2025-06-28,PLTR,9813
2025-06-29,PLTR,9392
2025-06-30,PLTR,9861
2025-07-01,PLTR,12524
2025-07-02,PLTR,13013
2025-07-03,PLTR,8792
2025-07-04,PLTR,7644
2025-07-05,PLTR,6528
2025-07-06,PLTR,6848
2025-07-07,PLTR,7760
2025-07-08,PLTR,8445
2025-07-09,PLTR,10128
2025-07-10,PLTR,8231
2025-07-11,PLTR,7214
2025-07-12,PLTR,5719
2025-07-13,PLTR,5819
2025-07-14,PLTR,7570
2025-07-15,PLTR,8311
2025-07-16,PLTR,7795
2025-07-17,PLTR,7248
2025-07-18,PLTR,6438
2025-07-19,PLTR,4876
2025-07-20,PLTR,5300
2025-07-21,PLTR,6170
2025-07-22,PLTR,6279
2025-07-23,PLTR,5938
2025-07-24,PLTR,7545
2025-07-25,PLTR,8855
2025-07-26,PLTR,6379
2025-07-27,PLTR,6010
2025-07-28,PLTR,8026
2025-07-29,PLTR,11545
2025-07-30,PLTR,12852
2025-07-31,PLTR,8520
2025-08-01,PLTR,9893
2025-08-02,PLTR,8319
2025-08-03,PLTR,7761
2025-08-04,PLTR,15714
2025-08-05,PLTR,24822
2025-08-06,PLTR,17904
2025-08-07,PLTR,14140
2025-08-08,PLTR,13974
2025-08-09,PLTR,10533
2025-08-10,PLTR,10623
2025-08-11,PLTR,12188
2025-08-12,PLTR,12838
2025-08-13,PLTR,12190
2025-08-14,PLTR,10636
2025-08-15,PLTR,9221
2025-08-16,PLTR,8135
2025-08-17,PLTR,8271
2025-08-18,PLTR,8973
2025-08-19,PLTR,10744
2025-08-20,PLTR,13711
2025-08-21,PLTR,12825
2025-08-22,PLTR,11173
2025-08-23,PLTR,8254
2025-08-24,PLTR,7839
2025-08-25,PLTR,8704
2025-08-26,PLTR,8801
2025-08-27,PLTR,8677
2025-08-28,PLTR,8429
2025-08-29,PLTR,7715
2025-08-30,PLTR,7382
2025-08-31,PLTR,8001
2025-09-01,PLTR,9213
2025-09-02,PLTR,9721
2025-09-03,PLTR,9440
2025-09-04,PLTR,10216
2025-09-05,PLTR,11544
2025-09-06,PLTR,9333
2025-09-07,PLTR,8788
2025-09-08,PLTR,9915
2025-09-09,PLTR,9435
2025-09-10,PLTR,10174
2025-09-11,PLTR,9695
2025-09-12,PLTR,8880
2025-09-13,PLTR,6593
2025-09-14,PLTR,7436
2025-09-15,PLTR,9237
2025-09-16,PLTR,10084
2025-09-17,PLTR,8973
2025-09-18,PLTR,10080
2025-09-19,PLTR,9971
2025-09-20,PLTR,8041
2025-09-21,PLTR,8370
2025-09-22,PLTR,11037
2025-09-23,PLTR,9977
2025-09-24,PLTR,9018
2025-09-25,PLTR,10455
2025-09-26,PLTR,11430
2025-09-27,PLTR,9168
2025-09-28,PLTR,8196
2025-09-29,PLTR,10091
2025-09-30,PLTR,11089
2025-10-01,PLTR,7286
2025-10-02,PLTR,7219
2025-10-03,PLTR,7943
2025-10-04,PLTR,7509
2025-10-05,PLTR,6348
2025-10-06,PLTR,7641
2025-10-07,PLTR,7034
2025-10-08,PLTR,7261
2025-10-09,PLTR,6566
2025-10-10,PLTR,6890
2025-10-11,PLTR,6378
2025-10-12,PLTR,5547
2025-10-13,PLTR,7286
2025-10-14,PLTR,7097
2025-10-15,PLTR,6760
2025-10-16,PLTR,9206
2025-10-17,PLTR,9510
2025-10-18,PLTR,7209
2025-10-19,PLTR,6838
2025-10-20,PLTR,7368
2025-10-21,PLTR,7175
2025-10-22,PLTR,7585
2025-10-23,PLTR,7565
2025-10-24,PLTR,7786
2025-10-25,PLTR,5890
2025-10-26,PLTR,5298
2025-10-27,PLTR,6915
2025-10-28,PLTR,7321
2025-10-29,PLTR,9133
2025-10-30,PLTR,10515
2025-10-31,PLTR,8441
2025-11-01,PLTR,7027
2025-11-02,PLTR,7425
2025-11-03,PLTR,13023
2025-11-04,PLTR,20748
2025-11-05,PLTR,17480
2025-11-06,PLTR,15163
2025-11-07,PLTR,14348
2025-11-08,PLTR,12215
2025-11-09,PLTR,10055
2025-11-10,PLTR,11916
2025-11-11,PLTR,12268
2025-11-12,PLTR,12825
2025-11-13,PLTR,13883
2025-11-14,PLTR,14206
2025-11-15,PLTR,11349
2025-11-16,PLTR,8548
2025-11-17,PLTR,9793
2025-11-18,PLTR,10000
2025-11-19,PLTR,9292
2025-11-20,PLTR,12035
2025-11-21,PLTR,9117
2025-11-22,PLTR,6786
2025-11-23,PLTR,6153
2025-11-24,PLTR,9546
2025-11-25,PLTR,10616
2025-11-26,PLTR,7882
2025-11-27,PLTR,6314
2025-11-28,PLTR,5670
2025-11-29,PLTR,5321
2025-11-30,PLTR,5707
2025-12-01,PLTR,7011
2025-12-02,PLTR,7661
2025-12-03,PLTR,10670
2025-12-04,PLTR,13243
2025-12-05,PLTR,11034
2025-12-06,PLTR,12585
2025-12-07,PLTR,12546
2025-12-08,PLTR,14217
2025-12-09,PLTR,12483
2025-12-10,PLTR,14349
2025-12-11,PLTR,13040
2025-12-12,PLTR,10863
2025-12-13,PLTR,8999
2025-12-14,PLTR,11415
2025-12-15,PLTR,11427
2025-12-16,PLTR,12900
2025-12-17,PLTR,12617
2025-12-18,PLTR,10904
2025-12-19,PLTR,8249
2025-12-20,PLTR,7192
2025-12-21,PLTR,7673
2025-12-22,PLTR,8165
2025-12-23,PLTR,7786
2025-12-24,PLTR,6498
2025-12-25,PLTR,6221
2025-12-26,PLTR,6539
2025-12-27,PLTR,6680
2025-12-28,PLTR,7819
2025-12-29,PLTR,7993
2025-12-30,PLTR,7536
2025-12-31,PLTR,5957
2026-01-01,PLTR,5553
2026-01-02,PLTR,6690
2026-01-03,PLTR,10470
2026-01-04,PLTR,7885
2026-01-05,PLTR,7173
2026-01-06,PLTR,7984
2026-01-07,PLTR,7886
2026-01-08,PLTR,7793
2026-01-09,PLTR,8050
2026-01-10,PLTR,6898
2026-01-11,PLTR,13188
2026-01-12,PLTR,9578
2026-01-13,PLTR,8813
2026-01-14,PLTR,8672
2026-01-15,PLTR,9347
2026-01-16,PLTR,8449
2026-01-17,PLTR,7761
2026-01-18,PLTR,7018
2026-01-19,PLTR,7477
2026-01-20,PLTR,8548
2026-01-21,PLTR,9673
2026-01-22,PLTR,10727
2026-01-23,PLTR,10925
2026-01-24,PLTR,7885
2026-01-25,PLTR,10517
2026-01-26,PLTR,10776
2026-01-27,PLTR,10665
2026-01-28,PLTR,10431
2026-01-29,PLTR,9702
2026-01-30,PLTR,9443
2026-01-31,PLTR,7907
2026-02-01,PLTR,7926
2026-02-02,PLTR,12367
2026-02-03,PLTR,17858
2026-02-04,PLTR,15150
2026-02-05,PLTR,16761
2026-02-06,PLTR,13172
2026-02-07,PLTR,9541
2026-02-08,PLTR,9805
2026-02-09,PLTR,10148
2026-02-10,PLTR,11017
2026-02-11,PLTR,10704
2026-02-12,PLTR,9217
2026-02-13,PLTR,5911
2026-02-14,PLTR,7158
2026-02-15,PLTR,5287
2026-02-16,PLTR,3146
2026-02-17,PLTR,2997
2026-02-18,PLTR,3077
2026-02-19,PLTR,2564
2026-02-20,PLTR,2236
2026-02-21,PLTR,2035
2026-02-22,PLTR,1911
2026-02-23,PLTR,1869
2026-02-24,PLTR,1981
2026-02-25,PLTR,1938
2026-02-26,PLTR,1792
2026-02-27,PLTR,1907
2026-02-28,PLTR,1917
2026-03-01,PLTR,1745
2026-03-02,PLTR,1688
2026-03-03,PLTR,1910
2026-03-04,PLTR,1803
2026-03-05,PLTR,1737
2026-03-06,PLTR,1710
2026-03-07,PLTR,1327
2026-03-08,PLTR,1271
2026-03-09,PLTR,1482
2026-03-10,PLTR,1542
2026-03-11,PLTR,1393
2026-03-12,PLTR,1751
2026-03-13,PLTR,2133
2026-03-14,PLTR,1611
2026-03-15,PLTR,1875
2026-03-16,PLTR,2282
2026-03-17,PLTR,2431
2026-03-18,PLTR,2038
2026-03-19,PLTR,1671
2026-03-20,PLTR,1444
2026-03-21,PLTR,1617
2026-03-22,PLTR,1680
2026-03-23,PLTR,1771
2026-03-24,PLTR,1638
2025-01-19,QCOM,1392
2025-01-20,QCOM,1522
2025-01-21,QCOM,1558
2025-01-22,QCOM,1665
2025-01-23,QCOM,1818
2025-01-24,QCOM,1429
2025-01-25,QCOM,1236
2025-01-26,QCOM,1279
2025-01-27,QCOM,1615
2025-01-28,QCOM,2116
2025-01-29,QCOM,1758
2025-01-30,QCOM,1864
2025-01-31,QCOM,1753
2025-02-01,QCOM,1376
2025-02-02,QCOM,1463
2025-02-03,QCOM,1597
2025-02-04,QCOM,1668
2025-02-05,QCOM,1835
2025-02-06,QCOM,1990
2025-02-07,QCOM,1574
2025-02-08,QCOM,1140
2025-02-09,QCOM,1168
2025-02-10,QCOM,1494
2025-02-11,QCOM,1616
2025-02-12,QCOM,1324
2025-02-13,QCOM,1427
2025-02-14,QCOM,1212
2025-02-15,QCOM,1035
2025-02-16,QCOM,1187
2025-02-17,QCOM,1327
2025-02-18,QCOM,1433
2025-02-19,QCOM,1606
2025-02-20,QCOM,1712
2025-02-21,QCOM,1405
2025-02-22,QCOM,1201
2025-02-23,QCOM,1131
2025-02-24,QCOM,1355
2025-02-25,QCOM,1390
2025-02-26,QCOM,1285
2025-02-27,QCOM,1388
2025-02-28,QCOM,1256
2025-03-01,QCOM,978
2025-03-02,QCOM,1236
2025-03-03,QCOM,1364
2025-03-04,QCOM,1512
2025-03-05,QCOM,1426
2025-03-06,QCOM,1489
2025-03-07,QCOM,1167
2025-03-08,QCOM,1064
2025-03-09,QCOM,1190
2025-03-10,QCOM,1301
2025-03-11,QCOM,1383
2025-03-12,QCOM,1475
2025-03-13,QCOM,1588
2025-03-14,QCOM,1306
2025-03-15,QCOM,1088
2025-03-16,QCOM,1091
2025-03-17,QCOM,1225
2025-03-18,QCOM,1444
2025-03-19,QCOM,1258
2025-03-20,QCOM,1248
2025-03-21,QCOM,1075
2025-03-22,QCOM,894
2025-03-23,QCOM,1010
2025-03-24,QCOM,1328
2025-03-25,QCOM,1172
2025-03-26,QCOM,1152
2025-03-27,QCOM,1092
2025-03-28,QCOM,1106
2025-03-29,QCOM,925
2025-03-30,QCOM,902
2025-03-31,QCOM,1085
2025-04-01,QCOM,1161
2025-04-02,QCOM,1212
2025-04-03,QCOM,1250
2025-04-04,QCOM,1348
2025-04-05,QCOM,1084
2025-04-06,QCOM,1528
2025-04-07,QCOM,1389
2025-04-08,QCOM,1352
2025-04-09,QCOM,1369
2025-04-10,QCOM,1337
2025-04-11,QCOM,1202
2025-04-12,QCOM,971
2025-04-13,QCOM,1037
2025-04-14,QCOM,1201
2025-04-15,QCOM,1193
2025-04-16,QCOM,1359
2025-04-17,QCOM,1298
2025-04-18,QCOM,1080
2025-04-19,QCOM,964
2025-04-20,QCOM,1022
2025-04-21,QCOM,1149
2025-04-22,QCOM,1074
2025-04-23,QCOM,1135
2025-04-24,QCOM,1096
2025-04-25,QCOM,1159
2025-04-26,QCOM,942
2025-04-27,QCOM,894
2025-04-28,QCOM,1056
2025-04-29,QCOM,1005
2025-04-30,QCOM,1187
2025-05-01,QCOM,1284
2025-05-02,QCOM,1045
2025-05-03,QCOM,906
2025-05-04,QCOM,859
2025-05-05,QCOM,1704
2025-05-06,QCOM,1098
2025-05-07,QCOM,1124
2025-05-08,QCOM,1092
2025-05-09,QCOM,986
2025-05-10,QCOM,816
2025-05-11,QCOM,819
2025-05-12,QCOM,1120
2025-05-13,QCOM,1197
2025-05-14,QCOM,1261
2025-05-15,QCOM,1025
2025-05-16,QCOM,1119
2025-05-17,QCOM,857
2025-05-18,QCOM,871
2025-05-19,QCOM,1324
2025-05-20,QCOM,1225
2025-05-21,QCOM,1379
2025-05-22,QCOM,1229
2025-05-23,QCOM,1168
2025-05-24,QCOM,915
2025-05-25,QCOM,897
2025-05-26,QCOM,1021
2025-05-27,QCOM,1085
2025-05-28,QCOM,1284
2025-05-29,QCOM,1315
2025-05-30,QCOM,890
2025-05-31,QCOM,854
2025-06-01,QCOM,800
2025-06-02,QCOM,973
2025-06-03,QCOM,966
2025-06-04,QCOM,941
2025-06-05,QCOM,1037
2025-06-06,QCOM,943
2025-06-07,QCOM,765
2025-06-08,QCOM,793
2025-06-09,QCOM,1360
2025-06-10,QCOM,1282
2025-06-11,QCOM,1123
2025-06-12,QCOM,1080
2025-06-13,QCOM,945
2025-06-14,QCOM,787
2025-06-15,QCOM,719
2025-06-16,QCOM,993
2025-06-17,QCOM,1041
2025-06-18,QCOM,1063
2025-06-19,QCOM,1042
2025-06-20,QCOM,1073
2025-06-21,QCOM,885
2025-06-22,QCOM,773
2025-06-23,QCOM,1002
2025-06-24,QCOM,974
2025-06-25,QCOM,1119
2025-06-26,QCOM,1050
2025-06-27,QCOM,961
2025-06-28,QCOM,760
2025-06-29,QCOM,705
2025-06-30,QCOM,947
2025-07-01,QCOM,958
2025-07-02,QCOM,1061
2025-07-03,QCOM,967
2025-07-04,QCOM,774
2025-07-05,QCOM,816
2025-07-06,QCOM,881
2025-07-07,QCOM,1069
2025-07-08,QCOM,1224
2025-07-09,QCOM,1461
2025-07-10,QCOM,1232
2025-07-11,QCOM,1148
2025-07-12,QCOM,1029
2025-07-13,QCOM,881
2025-07-14,QCOM,1006
2025-07-15,QCOM,1249
2025-07-16,QCOM,1239
2025-07-17,QCOM,1078
2025-07-18,QCOM,1002
2025-07-19,QCOM,946
2025-07-20,QCOM,927
2025-07-21,QCOM,1244
2025-07-22,QCOM,1142
2025-07-23,QCOM,1188
2025-07-24,QCOM,1135
2025-07-25,QCOM,1209
2025-07-26,QCOM,974
2025-07-27,QCOM,926
2025-07-28,QCOM,1091
2025-07-29,QCOM,1239
2025-07-30,QCOM,1319
2025-07-31,QCOM,1351
2025-08-01,QCOM,1235
2025-08-02,QCOM,924
2025-08-03,QCOM,942
2025-08-04,QCOM,1078
2025-08-05,QCOM,1103
2025-08-06,QCOM,1189
2025-08-07,QCOM,1295
2025-08-08,QCOM,1132
2025-08-09,QCOM,955
2025-08-10,QCOM,873
2025-08-11,QCOM,1124
2025-08-12,QCOM,1283
2025-08-13,QCOM,1286
2025-08-14,QCOM,1156
2025-08-15,QCOM,1046
2025-08-16,QCOM,940
2025-08-17,QCOM,1150
2025-08-18,QCOM,997
2025-08-19,QCOM,1195
2025-08-20,QCOM,1090
2025-08-21,QCOM,1210
2025-08-22,QCOM,1164
2025-08-23,QCOM,1145
2025-08-24,QCOM,1100
2025-08-25,QCOM,1144
2025-08-26,QCOM,1188
2025-08-27,QCOM,1212
2025-08-28,QCOM,1153
2025-08-29,QCOM,1014
2025-08-30,QCOM,1155
2025-08-31,QCOM,904
2025-09-01,QCOM,919
2025-09-02,QCOM,1196
2025-09-03,QCOM,1356
2025-09-04,QCOM,1223
2025-09-05,QCOM,1257
2025-09-06,QCOM,1139
2025-09-07,QCOM,1020
2025-09-08,QCOM,1263
2025-09-09,QCOM,1301
2025-09-10,QCOM,1338
2025-09-11,QCOM,1302
2025-09-12,QCOM,1217
2025-09-13,QCOM,959
2025-09-14,QCOM,1186
2025-09-15,QCOM,1323
2025-09-16,QCOM,1390
2025-09-17,QCOM,1572
2025-09-18,QCOM,1468
2025-09-19,QCOM,1440
2025-09-20,QCOM,1243
2025-09-21,QCOM,1077
2025-09-22,QCOM,1266
2025-09-23,QCOM,1330
2025-09-24,QCOM,1461
2025-09-25,QCOM,2065
2025-09-26,QCOM,1832
2025-09-27,QCOM,1556
2025-09-28,QCOM,1352
2025-09-29,QCOM,1551
2025-09-30,QCOM,1479
2025-10-01,QCOM,1400
2025-10-02,QCOM,1536
2025-10-03,QCOM,1384
2025-10-04,QCOM,1218
2025-10-05,QCOM,1081
2025-10-06,QCOM,2264
2025-10-07,QCOM,3557
2025-10-08,QCOM,3215
2025-10-09,QCOM,2259
2025-10-10,QCOM,2385
2025-10-11,QCOM,2353
2025-10-12,QCOM,1976
2025-10-13,QCOM,1905
2025-10-14,QCOM,1794
2025-10-15,QCOM,1607
2025-10-16,QCOM,1461
2025-10-17,QCOM,1265
2025-10-18,QCOM,1110
2025-10-19,QCOM,1248
2025-10-20,QCOM,1203
2025-10-21,QCOM,1282
2025-10-22,QCOM,1304
2025-10-23,QCOM,1223
2025-10-24,QCOM,1093
2025-10-25,QCOM,1089
2025-10-26,QCOM,945
2025-10-27,QCOM,2988
2025-10-28,QCOM,2718
2025-10-29,QCOM,1723
2025-10-30,QCOM,1586
2025-10-31,QCOM,1340
2025-11-01,QCOM,1304
2025-11-02,QCOM,1294
2025-11-03,QCOM,1545
2025-11-04,QCOM,1477
2025-11-05,QCOM,1407
2025-11-06,QCOM,1490
2025-11-07,QCOM,1363
2025-11-08,QCOM,1197
2025-11-09,QCOM,1059
2025-11-10,QCOM,1293
2025-11-11,QCOM,1380
2025-11-12,QCOM,1452
2025-11-13,QCOM,1527
2025-11-14,QCOM,1368
2025-11-15,QCOM,1130
2025-11-16,QCOM,1111
2025-11-17,QCOM,1273
2025-11-18,QCOM,1305
2025-11-19,QCOM,1405
2025-11-20,QCOM,1439
2025-11-21,QCOM,1439
2025-11-22,QCOM,1243
2025-11-23,QCOM,1221
2025-11-24,QCOM,1431
2025-11-25,QCOM,1532
2025-11-26,QCOM,1943
2025-11-27,QCOM,1260
2025-11-28,QCOM,1564
2025-11-29,QCOM,1239
2025-11-30,QCOM,1167
2025-12-01,QCOM,1237
2025-12-02,QCOM,1313
2025-12-03,QCOM,1334
2025-12-04,QCOM,1340
2025-12-05,QCOM,1205
2025-12-06,QCOM,1103
2025-12-07,QCOM,1221
2025-12-08,QCOM,1341
2025-12-09,QCOM,1312
2025-12-10,QCOM,1699
2025-12-11,QCOM,1542
2025-12-12,QCOM,1310
2025-12-13,QCOM,1001
2025-12-14,QCOM,1097
2025-12-15,QCOM,1230
2025-12-16,QCOM,1142
2025-12-17,QCOM,1094
2025-12-18,QCOM,1136
2025-12-19,QCOM,989
2025-12-20,QCOM,961
2025-12-21,QCOM,894
2025-12-22,QCOM,972
2025-12-23,QCOM,927
2025-12-24,QCOM,838
2025-12-25,QCOM,991
2025-12-26,QCOM,1228
2025-12-27,QCOM,1020
2025-12-28,QCOM,1038
2025-12-29,QCOM,1073
2025-12-30,QCOM,1061
2025-12-31,QCOM,910
2026-01-01,QCOM,812
2026-01-02,QCOM,950
2026-01-03,QCOM,965
2026-01-04,QCOM,983
2026-01-05,QCOM,1275
2026-01-06,QCOM,1247
2026-01-07,QCOM,1232
2026-01-08,QCOM,1344
2026-01-09,QCOM,1171
2026-01-10,QCOM,1052
2026-01-11,QCOM,1012
2026-01-12,QCOM,1175
2026-01-13,QCOM,1192
2026-01-14,QCOM,1268
2026-01-15,QCOM,1360
2026-01-16,QCOM,1417
2026-01-17,QCOM,1250
2026-01-18,QCOM,1175
2026-01-19,QCOM,1277
2026-01-20,QCOM,1384
2026-01-21,QCOM,1435
2026-01-22,QCOM,1406
2026-01-23,QCOM,1242
2026-01-24,QCOM,1036
2026-01-25,QCOM,1159
2026-01-26,QCOM,1374
2026-01-27,QCOM,1283
2026-01-28,QCOM,1137
2026-01-29,QCOM,1168
2026-01-30,QCOM,1068
2026-01-31,QCOM,847
2026-02-01,QCOM,829
2026-02-02,QCOM,912
2026-02-03,QCOM,1114
2026-02-04,QCOM,1298
2026-02-05,QCOM,1491
2026-02-06,QCOM,1182
2026-02-07,QCOM,1333
2026-02-08,QCOM,1810
2026-02-09,QCOM,1533
2026-02-10,QCOM,1491
2026-02-11,QCOM,1201
2026-02-12,QCOM,1137
2026-02-13,QCOM,912
2026-02-14,QCOM,775
2026-02-15,QCOM,788
2026-02-16,QCOM,1110
2026-02-17,QCOM,962
2026-02-18,QCOM,1153
2026-02-19,QCOM,1333
2026-02-20,QCOM,1346
2026-02-21,QCOM,1097
2026-02-22,QCOM,973
2026-02-23,QCOM,1111
2026-02-24,QCOM,1129
2026-02-25,QCOM,1241
2026-02-26,QCOM,1195
2026-02-27,QCOM,1096
2026-02-28,QCOM,858
2026-03-01,QCOM,942
2026-03-02,QCOM,1281
2026-03-03,QCOM,1116
2026-03-04,QCOM,997
2026-03-05,QCOM,1100
2026-03-06,QCOM,985
2026-03-07,QCOM,817
2026-03-08,QCOM,768
2026-03-09,QCOM,977
2026-03-10,QCOM,938
2026-03-11,QCOM,965
2026-03-12,QCOM,967
2026-03-13,QCOM,991
2026-03-14,QCOM,923
2026-03-15,QCOM,1234
2026-03-16,QCOM,922
2026-03-17,QCOM,1081
2026-03-18,QCOM,1027
2026-03-19,QCOM,810
2026-03-20,QCOM,829
2026-03-21,QCOM,646
2026-03-22,QCOM,642
2026-03-23,QCOM,864
2026-03-24,QCOM,941
2025-01-19,SCHW,658
2025-01-20,SCHW,744
2025-01-21,SCHW,873
2025-01-22,SCHW,861
2025-01-23,SCHW,1010
2025-01-24,SCHW,945
2025-01-25,SCHW,730
2025-01-26,SCHW,631
2025-01-27,SCHW,887
2025-01-28,SCHW,844
2025-01-29,SCHW,943
2025-01-30,SCHW,869
2025-01-31,SCHW,841
2025-02-01,SCHW,592
2025-02-02,SCHW,635
2025-02-03,SCHW,816
2025-02-04,SCHW,863
2025-02-05,SCHW,908
2025-02-06,SCHW,828
2025-02-07,SCHW,732
2025-02-08,SCHW,557
2025-02-09,SCHW,527
2025-02-10,SCHW,1017
2025-02-11,SCHW,921
2025-02-12,SCHW,1119
2025-02-13,SCHW,1233
2025-02-14,SCHW,1176
2025-02-15,SCHW,945
2025-02-16,SCHW,920
2025-02-17,SCHW,1059
2025-02-18,SCHW,1249
2025-02-19,SCHW,1331
2025-02-20,SCHW,1170
2025-02-21,SCHW,1118
2025-02-22,SCHW,957
2025-02-23,SCHW,819
2025-02-24,SCHW,1071
2025-02-25,SCHW,1137
2025-02-26,SCHW,1213
2025-02-27,SCHW,1200
2025-02-28,SCHW,1003
2025-03-01,SCHW,827
2025-03-02,SCHW,865
2025-03-03,SCHW,1136
2025-03-04,SCHW,1356
2025-03-05,SCHW,1384
2025-03-06,SCHW,1228
2025-03-07,SCHW,1162
2025-03-08,SCHW,879
2025-03-09,SCHW,797
2025-03-10,SCHW,1161
2025-03-11,SCHW,1361
2025-03-12,SCHW,1289
2025-03-13,SCHW,1198
2025-03-14,SCHW,1192
2025-03-15,SCHW,884
2025-03-16,SCHW,904
2025-03-17,SCHW,1132
2025-03-18,SCHW,1209
2025-03-19,SCHW,1311
2025-03-20,SCHW,1094
2025-03-21,SCHW,1107
2025-03-22,SCHW,786
2025-03-23,SCHW,764
2025-03-24,SCHW,1090
2025-03-25,SCHW,1105
2025-03-26,SCHW,1125
2025-03-27,SCHW,1044
2025-03-28,SCHW,1037
2025-03-29,SCHW,729
2025-03-30,SCHW,590
2025-03-31,SCHW,810
2025-04-01,SCHW,948
2025-04-02,SCHW,838
2025-04-03,SCHW,1050
2025-04-04,SCHW,1060
2025-04-05,SCHW,832
2025-04-06,SCHW,784
2025-04-07,SCHW,1139
2025-04-08,SCHW,1174
2025-04-09,SCHW,1850
2025-04-10,SCHW,5703
2025-04-11,SCHW,4355
2025-04-12,SCHW,1839
2025-04-13,SCHW,1280
2025-04-14,SCHW,1358
2025-04-15,SCHW,1231
2025-04-16,SCHW,1187
2025-04-17,SCHW,1150
2025-04-18,SCHW,824
2025-04-19,SCHW,611
2025-04-20,SCHW,700
2025-04-21,SCHW,1105
2025-04-22,SCHW,1103
2025-04-23,SCHW,1071
2025-04-24,SCHW,963
2025-04-25,SCHW,769
2025-04-26,SCHW,533
2025-04-27,SCHW,589
2025-04-28,SCHW,766
2025-04-29,SCHW,777
2025-04-30,SCHW,810
2025-05-01,SCHW,895
2025-05-02,SCHW,744
2025-05-03,SCHW,529
2025-05-04,SCHW,610
2025-05-05,SCHW,706
2025-05-06,SCHW,723
2025-05-07,SCHW,650
2025-05-08,SCHW,850
2025-05-09,SCHW,836
2025-05-10,SCHW,615
2025-05-11,SCHW,752
2025-05-12,SCHW,975
2025-05-13,SCHW,895
2025-05-14,SCHW,1095
2025-05-15,SCHW,811
2025-05-16,SCHW,647
2025-05-17,SCHW,544
2025-05-18,SCHW,568
2025-05-19,SCHW,699
2025-05-20,SCHW,738
2025-05-21,SCHW,781
2025-05-22,SCHW,828
2025-05-23,SCHW,757
2025-05-24,SCHW,845
2025-05-25,SCHW,972
2025-05-26,SCHW,740
2025-05-27,SCHW,805
2025-05-28,SCHW,782
2025-05-29,SCHW,737
2025-05-30,SCHW,654
2025-05-31,SCHW,462
2025-06-01,SCHW,437
2025-06-02,SCHW,657
2025-06-03,SCHW,741
2025-06-04,SCHW,766
2025-06-05,SCHW,607
2025-06-06,SCHW,610
2025-06-07,SCHW,515
2025-06-08,SCHW,466
2025-06-09,SCHW,616
2025-06-10,SCHW,710
2025-06-11,SCHW,684
2025-06-12,SCHW,611
2025-06-13,SCHW,632
2025-06-14,SCHW,540
2025-06-15,SCHW,498
2025-06-16,SCHW,624
2025-06-17,SCHW,651
2025-06-18,SCHW,723
2025-06-19,SCHW,604
2025-06-20,SCHW,562
2025-06-21,SCHW,502
2025-06-22,SCHW,509
2025-06-23,SCHW,636
2025-06-24,SCHW,682
2025-06-25,SCHW,721
2025-06-26,SCHW,663
2025-06-27,SCHW,595
2025-06-28,SCHW,441
2025-06-29,SCHW,464
2025-06-30,SCHW,623
2025-07-01,SCHW,651
2025-07-02,SCHW,615
2025-07-03,SCHW,644
2025-07-04,SCHW,468
2025-07-05,SCHW,423
2025-07-06,SCHW,449
2025-07-07,SCHW,639
2025-07-08,SCHW,642
2025-07-09,SCHW,722
2025-07-10,SCHW,653
2025-07-11,SCHW,696
2025-07-12,SCHW,446
2025-07-13,SCHW,440
2025-07-14,SCHW,666
2025-07-15,SCHW,650
2025-07-16,SCHW,664
2025-07-17,SCHW,637
2025-07-18,SCHW,797
2025-07-19,SCHW,640
2025-07-20,SCHW,506
2025-07-21,SCHW,790
2025-07-22,SCHW,723
2025-07-23,SCHW,820
2025-07-24,SCHW,756
2025-07-25,SCHW,621
2025-07-26,SCHW,481
2025-07-27,SCHW,468
2025-07-28,SCHW,658
2025-07-29,SCHW,749
2025-07-30,SCHW,775
2025-07-31,SCHW,719
2025-08-01,SCHW,702
2025-08-02,SCHW,549
2025-08-03,SCHW,512
2025-08-04,SCHW,700
2025-08-05,SCHW,716
2025-08-06,SCHW,708
2025-08-07,SCHW,692
2025-08-08,SCHW,723
2025-08-09,SCHW,501
2025-08-10,SCHW,541
2025-08-11,SCHW,741
2025-08-12,SCHW,738
2025-08-13,SCHW,772
2025-08-14,SCHW,761
2025-08-15,SCHW,606
2025-08-16,SCHW,559
2025-08-17,SCHW,485
2025-08-18,SCHW,622
2025-08-19,SCHW,689
2025-08-20,SCHW,722
2025-08-21,SCHW,714
2025-08-22,SCHW,670
2025-08-23,SCHW,541
2025-08-24,SCHW,486
2025-08-25,SCHW,638
2025-08-26,SCHW,621
2025-08-27,SCHW,604
2025-08-28,SCHW,616
2025-08-29,SCHW,590
2025-08-30,SCHW,474
2025-08-31,SCHW,445
2025-09-01,SCHW,500
2025-09-02,SCHW,604
2025-09-03,SCHW,787
2025-09-04,SCHW,661
2025-09-05,SCHW,610
2025-09-06,SCHW,500
2025-09-07,SCHW,487
2025-09-08,SCHW,747
2025-09-09,SCHW,738
2025-09-10,SCHW,669
2025-09-11,SCHW,657
2025-09-12,SCHW,691
2025-09-13,SCHW,410
2025-09-14,SCHW,486
2025-09-15,SCHW,645
2025-09-16,SCHW,715
2025-09-17,SCHW,719
2025-09-18,SCHW,682
2025-09-19,SCHW,684
2025-09-20,SCHW,449
2025-09-21,SCHW,510
2025-09-22,SCHW,679
2025-09-23,SCHW,685
2025-09-24,SCHW,642
2025-09-25,SCHW,680
2025-09-26,SCHW,673
2025-09-27,SCHW,474
2025-09-28,SCHW,548
2025-09-29,SCHW,707
2025-09-30,SCHW,676
2025-10-01,SCHW,768
2025-10-02,SCHW,835
2025-10-03,SCHW,701
2025-10-04,SCHW,488
2025-10-05,SCHW,528
2025-10-06,SCHW,739
2025-10-07,SCHW,692
2025-10-08,SCHW,684
2025-10-09,SCHW,673
2025-10-10,SCHW,618
2025-10-11,SCHW,508
2025-10-12,SCHW,490
2025-10-13,SCHW,609
2025-10-14,SCHW,647
2025-10-15,SCHW,784
2025-10-16,SCHW,732
2025-10-17,SCHW,931
2025-10-18,SCHW,529
2025-10-19,SCHW,489
2025-10-20,SCHW,673
2025-10-21,SCHW,711
2025-10-22,SCHW,655
2025-10-23,SCHW,637
2025-10-24,SCHW,629
2025-10-25,SCHW,566
2025-10-26,SCHW,524
2025-10-27,SCHW,644
2025-10-28,SCHW,654
2025-10-29,SCHW,693
2025-10-30,SCHW,633
2025-10-31,SCHW,592
2025-11-01,SCHW,415
2025-11-02,SCHW,438
2025-11-03,SCHW,634
2025-11-04,SCHW,667
2025-11-05,SCHW,788
2025-11-06,SCHW,886
2025-11-07,SCHW,731
2025-11-08,SCHW,548
2025-11-09,SCHW,478
2025-11-10,SCHW,686
2025-11-11,SCHW,667
2025-11-12,SCHW,653
2025-11-13,SCHW,731
2025-11-14,SCHW,632
2025-11-15,SCHW,502
2025-11-16,SCHW,490
2025-11-17,SCHW,622
2025-11-18,SCHW,631
2025-11-19,SCHW,711
2025-11-20,SCHW,620
2025-11-21,SCHW,576
2025-11-22,SCHW,438
2025-11-23,SCHW,452
2025-11-24,SCHW,670
2025-11-25,SCHW,680
2025-11-26,SCHW,582
2025-11-27,SCHW,453
2025-11-28,SCHW,452
2025-11-29,SCHW,380
2025-11-30,SCHW,673
2025-12-01,SCHW,766
2025-12-02,SCHW,653
2025-12-03,SCHW,758
2025-12-04,SCHW,741
2025-12-05,SCHW,673
2025-12-06,SCHW,465
2025-12-07,SCHW,496
2025-12-08,SCHW,850
2025-12-09,SCHW,612
2025-12-10,SCHW,646
2025-12-11,SCHW,643
2025-12-12,SCHW,616
2025-12-13,SCHW,490
2025-12-14,SCHW,475
2025-12-15,SCHW,585
2025-12-16,SCHW,699
2025-12-17,SCHW,715
2025-12-18,SCHW,702
2025-12-19,SCHW,626
2025-12-20,SCHW,410
2025-12-21,SCHW,425
2025-12-22,SCHW,669
2025-12-23,SCHW,669
2025-12-24,SCHW,571
2025-12-25,SCHW,469
2025-12-26,SCHW,643
2025-12-27,SCHW,518
2025-12-28,SCHW,586
2025-12-29,SCHW,699
2025-12-30,SCHW,708
2025-12-31,SCHW,627
2026-01-01,SCHW,484
2026-01-02,SCHW,596
2026-01-03,SCHW,548
2026-01-04,SCHW,511
2026-01-05,SCHW,667
2026-01-06,SCHW,723
2026-01-07,SCHW,748
2026-01-08,SCHW,739
2026-01-09,SCHW,682
2026-01-10,SCHW,540
2026-01-11,SCHW,513
2026-01-12,SCHW,710
2026-01-13,SCHW,780
2026-01-14,SCHW,670
2026-01-15,SCHW,804
2026-01-16,SCHW,680
2026-01-17,SCHW,470
2026-01-18,SCHW,541
2026-01-19,SCHW,617
2026-01-20,SCHW,688
2026-01-21,SCHW,762
2026-01-22,SCHW,731
2026-01-23,SCHW,662
2026-01-24,SCHW,566
2026-01-25,SCHW,491
2026-01-26,SCHW,619
2026-01-27,SCHW,613
2026-01-28,SCHW,675
2026-01-29,SCHW,694
2026-01-30,SCHW,651
2026-01-31,SCHW,472
2026-02-01,SCHW,562
2026-02-02,SCHW,840
2026-02-03,SCHW,810
2026-02-04,SCHW,1041
2026-02-05,SCHW,784
2026-02-06,SCHW,726
2026-02-07,SCHW,611
2026-02-08,SCHW,505
2026-02-09,SCHW,683
2026-02-10,SCHW,708
2026-02-11,SCHW,900
2026-02-12,SCHW,918
2026-02-13,SCHW,653
2026-02-14,SCHW,541
2026-02-15,SCHW,652
2026-02-16,SCHW,614
2026-02-17,SCHW,747
2026-02-18,SCHW,818
2026-02-19,SCHW,850
2026-02-20,SCHW,901
2026-02-21,SCHW,598
2026-02-22,SCHW,541
2026-02-23,SCHW,805
2026-02-24,SCHW,850
2026-02-25,SCHW,791
2026-02-26,SCHW,880
2026-02-27,SCHW,773
2026-02-28,SCHW,476
2026-03-01,SCHW,554
2026-03-02,SCHW,719
2026-03-03,SCHW,754
2026-03-04,SCHW,746
2026-03-05,SCHW,705
2026-03-06,SCHW,701
2026-03-07,SCHW,546
2026-03-08,SCHW,564
2026-03-09,SCHW,728
2026-03-10,SCHW,803
2026-03-11,SCHW,733
2026-03-12,SCHW,751
2026-03-13,SCHW,714
2026-03-14,SCHW,480
2026-03-15,SCHW,518
2026-03-16,SCHW,705
2026-03-17,SCHW,734
2026-03-18,SCHW,687
2026-03-19,SCHW,654
2026-03-20,SCHW,630
2026-03-21,SCHW,474
2026-03-22,SCHW,521
2026-03-23,SCHW,698
2026-03-24,SCHW,736
2025-01-19,SNAP,2418
2025-01-20,SNAP,1709
2025-01-21,SNAP,1733
2025-01-22,SNAP,1709
2025-01-23,SNAP,1406
2025-01-24,SNAP,1157
2025-01-25,SNAP,983
2025-01-26,SNAP,928
2025-01-27,SNAP,947
2025-01-28,SNAP,1083
2025-01-29,SNAP,1023
2025-01-30,SNAP,936
2025-01-31,SNAP,939
2025-02-01,SNAP,826
2025-02-02,SNAP,905
2025-02-03,SNAP,1005
2025-02-04,SNAP,1280
2025-02-05,SNAP,1138
2025-02-06,SNAP,1180
2025-02-07,SNAP,1170
2025-02-08,SNAP,957
2025-02-09,SNAP,1006
2025-02-10,SNAP,1012
2025-02-11,SNAP,941
2025-02-12,SNAP,949
2025-02-13,SNAP,888
2025-02-14,SNAP,763
2025-02-15,SNAP,750
2025-02-16,SNAP,783
2025-02-17,SNAP,829
2025-02-18,SNAP,870
2025-02-19,SNAP,840
2025-02-20,SNAP,836
2025-02-21,SNAP,753
2025-02-22,SNAP,729
2025-02-23,SNAP,747
2025-02-24,SNAP,817
2025-02-25,SNAP,715
2025-02-26,SNAP,708
2025-02-27,SNAP,691
2025-02-28,SNAP,730
2025-03-01,SNAP,645
2025-03-02,SNAP,688
2025-03-03,SNAP,823
2025-03-04,SNAP,698
2025-03-05,SNAP,737
2025-03-06,SNAP,723
2025-03-07,SNAP,660
2025-03-08,SNAP,609
2025-03-09,SNAP,551
2025-03-10,SNAP,693
2025-03-11,SNAP,747
2025-03-12,SNAP,752
2025-03-13,SNAP,668
2025-03-14,SNAP,731
2025-03-15,SNAP,662
2025-03-16,SNAP,708
2025-03-17,SNAP,789
2025-03-18,SNAP,843
2025-03-19,SNAP,889
2025-03-20,SNAP,794
2025-03-21,SNAP,770
2025-03-22,SNAP,649
2025-03-23,SNAP,737
2025-03-24,SNAP,1396
2025-03-25,SNAP,1414
2025-03-26,SNAP,1011
2025-03-27,SNAP,1078
2025-03-28,SNAP,900
2025-03-29,SNAP,809
2025-03-30,SNAP,781
2025-03-31,SNAP,834
2025-04-01,SNAP,820
2025-04-02,SNAP,782
2025-04-03,SNAP,851
2025-04-04,SNAP,1006
2025-04-05,SNAP,886
2025-04-06,SNAP,791
2025-04-07,SNAP,899
2025-04-08,SNAP,854
2025-04-09,SNAP,827
2025-04-10,SNAP,766
2025-04-11,SNAP,762
2025-04-12,SNAP,598
2025-04-13,SNAP,660
2025-04-14,SNAP,951
2025-04-15,SNAP,1014
2025-04-16,SNAP,921
2025-04-17,SNAP,862
2025-04-18,SNAP,1906
2025-04-19,SNAP,973
2025-04-20,SNAP,867
2025-04-21,SNAP,910
2025-04-22,SNAP,862
2025-04-23,SNAP,970
2025-04-24,SNAP,955
2025-04-25,SNAP,797
2025-04-26,SNAP,722
2025-04-27,SNAP,716
2025-04-28,SNAP,769
2025-04-29,SNAP,1070
2025-04-30,SNAP,1220
2025-05-01,SNAP,746
2025-05-02,SNAP,642
2025-05-03,SNAP,593
2025-05-04,SNAP,690
2025-05-05,SNAP,693
2025-05-06,SNAP,830
2025-05-07,SNAP,800
2025-05-08,SNAP,639
2025-05-09,SNAP,662
2025-05-10,SNAP,554
2025-05-11,SNAP,562
2025-05-12,SNAP,667
2025-05-13,SNAP,616
2025-05-14,SNAP,688
2025-05-15,SNAP,579
2025-05-16,SNAP,565
2025-05-17,SNAP,469
2025-05-18,SNAP,484
2025-05-19,SNAP,664
2025-05-20,SNAP,591
2025-05-21,SNAP,639
2025-05-22,SNAP,625
2025-05-23,SNAP,561
2025-05-24,SNAP,528
2025-05-25,SNAP,554
2025-05-26,SNAP,556
2025-05-27,SNAP,582
2025-05-28,SNAP,594
2025-05-29,SNAP,611
2025-05-30,SNAP,577
2025-05-31,SNAP,527
2025-06-01,SNAP,507
2025-06-02,SNAP,607
2025-06-03,SNAP,612
2025-06-04,SNAP,660
2025-06-05,SNAP,673
2025-06-06,SNAP,559
2025-06-07,SNAP,577
2025-06-08,SNAP,604
2025-06-09,SNAP,702
2025-06-10,SNAP,799
2025-06-11,SNAP,825
2025-06-12,SNAP,759
2025-06-13,SNAP,724
2025-06-14,SNAP,811
2025-06-15,SNAP,688
2025-06-16,SNAP,671
2025-06-17,SNAP,620
2025-06-18,SNAP,544
2025-06-19,SNAP,543
2025-06-20,SNAP,584
2025-06-21,SNAP,604
2025-06-22,SNAP,570
2025-06-23,SNAP,596
2025-06-24,SNAP,671
2025-06-25,SNAP,797
2025-06-26,SNAP,1152
2025-06-27,SNAP,962
2025-06-28,SNAP,748
2025-06-29,SNAP,759
2025-06-30,SNAP,724
2025-07-01,SNAP,807
2025-07-02,SNAP,851
2025-07-03,SNAP,693
2025-07-04,SNAP,1159
2025-07-05,SNAP,658
2025-07-06,SNAP,551
2025-07-07,SNAP,600
2025-07-08,SNAP,603
2025-07-09,SNAP,930
2025-07-10,SNAP,850
2025-07-11,SNAP,670
2025-07-12,SNAP,496
2025-07-13,SNAP,622
2025-07-14,SNAP,572
2025-07-15,SNAP,640
2025-07-16,SNAP,571
2025-07-17,SNAP,601
2025-07-18,SNAP,562
2025-07-19,SNAP,515
2025-07-20,SNAP,512
2025-07-21,SNAP,581
2025-07-22,SNAP,621
2025-07-23,SNAP,532
2025-07-24,SNAP,571
2025-07-25,SNAP,591
2025-07-26,SNAP,4567
2025-07-27,SNAP,1266
2025-07-28,SNAP,1344
2025-07-29,SNAP,1020
2025-07-30,SNAP,1065
2025-07-31,SNAP,929
2025-08-01,SNAP,939
2025-08-02,SNAP,674
2025-08-03,SNAP,669
2025-08-04,SNAP,735
2025-08-05,SNAP,1033
2025-08-06,SNAP,1101
2025-08-07,SNAP,828
2025-08-08,SNAP,672
2025-08-09,SNAP,543
2025-08-10,SNAP,529
2025-08-11,SNAP,650
2025-08-12,SNAP,590
2025-08-13,SNAP,594
2025-08-14,SNAP,608
2025-08-15,SNAP,587
2025-08-16,SNAP,427
2025-08-17,SNAP,508
2025-08-18,SNAP,575
2025-08-19,SNAP,643
2025-08-20,SNAP,582
2025-08-21,SNAP,617
2025-08-22,SNAP,527
2025-08-23,SNAP,475
2025-08-24,SNAP,529
2025-08-25,SNAP,527
2025-08-26,SNAP,546
2025-08-27,SNAP,615
2025-08-28,SNAP,568
2025-08-29,SNAP,603
2025-08-30,SNAP,550
2025-08-31,SNAP,474
2025-09-01,SNAP,492
2025-09-02,SNAP,539
2025-09-03,SNAP,705
2025-09-04,SNAP,721
2025-09-05,SNAP,663
2025-09-06,SNAP,613
2025-09-07,SNAP,561
2025-09-08,SNAP,628
2025-09-09,SNAP,726
2025-09-10,SNAP,688
2025-09-11,SNAP,569
2025-09-12,SNAP,548
2025-09-13,SNAP,500
2025-09-14,SNAP,513
2025-09-15,SNAP,578
2025-09-16,SNAP,566
2025-09-17,SNAP,619
2025-09-18,SNAP,678
2025-09-19,SNAP,618
2025-09-20,SNAP,521
2025-09-21,SNAP,500
2025-09-22,SNAP,868
2025-09-23,SNAP,642
2025-09-24,SNAP,600
2025-09-25,SNAP,639
2025-09-26,SNAP,612
2025-09-27,SNAP,505
2025-09-28,SNAP,513
2025-09-29,SNAP,651
2025-09-30,SNAP,656
2025-10-01,SNAP,864
2025-10-02,SNAP,837
2025-10-03,SNAP,769
2025-10-04,SNAP,584
2025-10-05,SNAP,1318
2025-10-06,SNAP,830
2025-10-07,SNAP,963
2025-10-08,SNAP,720
2025-10-09,SNAP,550
2025-10-10,SNAP,563
2025-10-11,SNAP,625
2025-10-12,SNAP,1029
2025-10-13,SNAP,1066
2025-10-14,SNAP,835
2025-10-15,SNAP,851
2025-10-16,SNAP,2206
2025-10-17,SNAP,1419
2025-10-18,SNAP,1007
2025-10-19,SNAP,949
2025-10-20,SNAP,2246
2025-10-21,SNAP,1241
2025-10-22,SNAP,922
2025-10-23,SNAP,800
2025-10-24,SNAP,695
2025-10-25,SNAP,637
2025-10-26,SNAP,845
2025-10-27,SNAP,1137
2025-10-28,SNAP,976
2025-10-29,SNAP,830
2025-10-30,SNAP,774
2025-10-31,SNAP,830
2025-11-01,SNAP,685
2025-11-02,SNAP,624
2025-11-03,SNAP,663
2025-11-04,SNAP,644
2025-11-05,SNAP,804
2025-11-06,SNAP,1081
2025-11-07,SNAP,849
2025-11-08,SNAP,726
2025-11-09,SNAP,720
2025-11-10,SNAP,882
2025-11-11,SNAP,891
2025-11-12,SNAP,809
2025-11-13,SNAP,1068
2025-11-14,SNAP,517
2025-11-15,SNAP,535
2025-11-16,SNAP,565
2025-11-17,SNAP,616
2025-11-18,SNAP,658
2025-11-19,SNAP,882
2025-11-20,SNAP,643
2025-11-21,SNAP,636
2025-11-22,SNAP,557
2025-11-23,SNAP,557
2025-11-24,SNAP,631
2025-11-25,SNAP,584
2025-11-26,SNAP,917
2025-11-27,SNAP,1636
2025-11-28,SNAP,586
2025-11-29,SNAP,588
2025-11-30,SNAP,717
2025-12-01,SNAP,673
2025-12-02,SNAP,646
2025-12-03,SNAP,711
2025-12-04,SNAP,1078
2025-12-05,SNAP,718
2025-12-06,SNAP,632
2025-12-07,SNAP,873
2025-12-08,SNAP,731
2025-12-09,SNAP,806
2025-12-10,SNAP,677
2025-12-11,SNAP,1198
2025-12-12,SNAP,700
2025-12-13,SNAP,648
2025-12-14,SNAP,571
2025-12-15,SNAP,764
2025-12-16,SNAP,829
2025-12-17,SNAP,675
2025-12-18,SNAP,761
2025-12-19,SNAP,518
2025-12-20,SNAP,455
2025-12-21,SNAP,522
2025-12-22,SNAP,561
2025-12-23,SNAP,575
2025-12-24,SNAP,628
2025-12-25,SNAP,1423
2025-12-26,SNAP,515
2025-12-27,SNAP,471
2025-12-28,SNAP,530
2025-12-29,SNAP,537
2025-12-30,SNAP,547
2025-12-31,SNAP,599
2026-01-01,SNAP,577
2026-01-02,SNAP,538
2026-01-03,SNAP,472
2026-01-04,SNAP,496
2026-01-05,SNAP,594
2026-01-06,SNAP,687
2026-01-07,SNAP,701
2026-01-08,SNAP,1147
2026-01-09,SNAP,580
2026-01-10,SNAP,507
2026-01-11,SNAP,537
2026-01-12,SNAP,624
2026-01-13,SNAP,836
2026-01-14,SNAP,755
2026-01-15,SNAP,596
2026-01-16,SNAP,649
2026-01-17,SNAP,616
2026-01-18,SNAP,521
2026-01-19,SNAP,640
2026-01-20,SNAP,753
2026-01-21,SNAP,1030
2026-01-22,SNAP,658
2026-01-23,SNAP,651
2026-01-24,SNAP,629
2026-01-25,SNAP,543
2026-01-26,SNAP,692
2026-01-27,SNAP,857
2026-01-28,SNAP,1092
2026-01-29,SNAP,711
2026-01-30,SNAP,773
2026-01-31,SNAP,703
2026-02-01,SNAP,799
2026-02-02,SNAP,690
2026-02-03,SNAP,1014
2026-02-04,SNAP,1306
2026-02-05,SNAP,1896
2026-02-06,SNAP,1196
2026-02-07,SNAP,865
2026-02-08,SNAP,736
2026-02-09,SNAP,743
2026-02-10,SNAP,833
2026-02-11,SNAP,793
2026-02-12,SNAP,1278
2026-02-13,SNAP,727
2026-02-14,SNAP,621
2026-02-15,SNAP,613
2026-02-16,SNAP,632
2026-02-17,SNAP,641
2026-02-18,SNAP,709
2026-02-19,SNAP,1439
2026-02-20,SNAP,859
2026-02-21,SNAP,709
2026-02-22,SNAP,626
2026-02-23,SNAP,690
2026-02-24,SNAP,619
2026-02-25,SNAP,654
2026-02-26,SNAP,862
2026-02-27,SNAP,630
2026-02-28,SNAP,504
2026-03-01,SNAP,466
2026-03-02,SNAP,584
2026-03-03,SNAP,590
2026-03-04,SNAP,545
2026-03-05,SNAP,994
2026-03-06,SNAP,453
2026-03-07,SNAP,483
2026-03-08,SNAP,455
2026-03-09,SNAP,528
2026-03-10,SNAP,598
2026-03-11,SNAP,905
2026-03-12,SNAP,595
2026-03-13,SNAP,533
2026-03-14,SNAP,444
2026-03-15,SNAP,474
2026-03-16,SNAP,601
2026-03-17,SNAP,589
2026-03-18,SNAP,546
2026-03-19,SNAP,538
2026-03-20,SNAP,499
2026-03-21,SNAP,503
2026-03-22,SNAP,565
2026-03-23,SNAP,541
2026-03-24,SNAP,627
2025-01-19,SNOW,753
2025-01-20,SNOW,1065
2025-01-21,SNOW,1504
2025-01-22,SNOW,1613
2025-01-23,SNOW,1684
2025-01-24,SNOW,1383
2025-01-25,SNOW,730
2025-01-26,SNOW,683
2025-01-27,SNOW,1428
2025-01-28,SNOW,1666
2025-01-29,SNOW,1540
2025-01-30,SNOW,1626
2025-01-31,SNOW,1269
2025-02-01,SNOW,726
2025-02-02,SNOW,620
2025-02-03,SNOW,1300
2025-02-04,SNOW,1690
2025-02-05,SNOW,1590
2025-02-06,SNOW,1415
2025-02-07,SNOW,1033
2025-02-08,SNOW,522
2025-02-09,SNOW,544
2025-02-10,SNOW,1121
2025-02-11,SNOW,1190
2025-02-12,SNOW,1183
2025-02-13,SNOW,1173
2025-02-14,SNOW,992
2025-02-15,SNOW,521
2025-02-16,SNOW,572
2025-02-17,SNOW,969
2025-02-18,SNOW,1251
2025-02-19,SNOW,1137
2025-02-20,SNOW,1101
2025-02-21,SNOW,977
2025-02-22,SNOW,669
2025-02-23,SNOW,652
2025-02-24,SNOW,1170
2025-02-25,SNOW,1474
2025-02-26,SNOW,1642
2025-02-27,SNOW,1892
2025-02-28,SNOW,1194
2025-03-01,SNOW,640
2025-03-02,SNOW,628
2025-03-03,SNOW,1165
2025-03-04,SNOW,1146
2025-03-05,SNOW,1117
2025-03-06,SNOW,1490
2025-03-07,SNOW,1145
2025-03-08,SNOW,547
2025-03-09,SNOW,609
2025-03-10,SNOW,1068
2025-03-11,SNOW,1321
2025-03-12,SNOW,1247
2025-03-13,SNOW,1381
2025-03-14,SNOW,1512
2025-03-15,SNOW,1012
2025-03-16,SNOW,681
2025-03-17,SNOW,1124
2025-03-18,SNOW,1270
2025-03-19,SNOW,1348
2025-03-20,SNOW,1269
2025-03-21,SNOW,1012
2025-03-22,SNOW,571
2025-03-23,SNOW,527
2025-03-24,SNOW,1008
2025-03-25,SNOW,1182
2025-03-26,SNOW,1195
2025-03-27,SNOW,1257
2025-03-28,SNOW,1067
2025-03-29,SNOW,503
2025-03-30,SNOW,487
2025-03-31,SNOW,942
2025-04-01,SNOW,1146
2025-04-02,SNOW,1223
2025-04-03,SNOW,1214
2025-04-04,SNOW,1062
2025-04-05,SNOW,459
2025-04-06,SNOW,499
2025-04-07,SNOW,1007
2025-04-08,SNOW,1127
2025-04-09,SNOW,1076
2025-04-10,SNOW,1288
2025-04-11,SNOW,890
2025-04-12,SNOW,469
2025-04-13,SNOW,466
2025-04-14,SNOW,896
2025-04-15,SNOW,953
2025-04-16,SNOW,976
2025-04-17,SNOW,978
2025-04-18,SNOW,674
2025-04-19,SNOW,443
2025-04-20,SNOW,453
2025-04-21,SNOW,733
2025-04-22,SNOW,907
2025-04-23,SNOW,1036
2025-04-24,SNOW,1008
2025-04-25,SNOW,862
2025-04-26,SNOW,437
2025-04-27,SNOW,427
2025-04-28,SNOW,1009
2025-04-29,SNOW,1025
2025-04-30,SNOW,1030
2025-05-01,SNOW,870
2025-05-02,SNOW,778
2025-05-03,SNOW,453
2025-05-04,SNOW,542
2025-05-05,SNOW,983
2025-05-06,SNOW,1036
2025-05-07,SNOW,1066
2025-05-08,SNOW,1077
2025-05-09,SNOW,858
2025-05-10,SNOW,467
2025-05-11,SNOW,473
2025-05-12,SNOW,945
2025-05-13,SNOW,1016
2025-05-14,SNOW,1036
2025-05-15,SNOW,1140
2025-05-16,SNOW,987
2025-05-17,SNOW,594
2025-05-18,SNOW,588
2025-05-19,SNOW,1084
2025-05-20,SNOW,1061
2025-05-21,SNOW,1593
2025-05-22,SNOW,1820
2025-05-23,SNOW,1328
2025-05-24,SNOW,626
2025-05-25,SNOW,484
2025-05-26,SNOW,765
2025-05-27,SNOW,1231
2025-05-28,SNOW,1111
2025-05-29,SNOW,1185
2025-05-30,SNOW,852
2025-05-31,SNOW,520
2025-06-01,SNOW,519
2025-06-02,SNOW,1201
2025-06-03,SNOW,1844
2025-06-04,SNOW,1735
2025-06-05,SNOW,1674
2025-06-06,SNOW,1214
2025-06-07,SNOW,659
2025-06-08,SNOW,681
2025-06-09,SNOW,1106
2025-06-10,SNOW,1228
2025-06-11,SNOW,1206
2025-06-12,SNOW,1156
2025-06-13,SNOW,880
2025-06-14,SNOW,489
2025-06-15,SNOW,492
2025-06-16,SNOW,933
2025-06-17,SNOW,941
2025-06-18,SNOW,949
2025-06-19,SNOW,992
2025-06-20,SNOW,870
2025-06-21,SNOW,432
2025-06-22,SNOW,406
2025-06-23,SNOW,943
2025-06-24,SNOW,1105
2025-06-25,SNOW,1028
2025-06-26,SNOW,1011
2025-06-27,SNOW,893
2025-06-28,SNOW,440
2025-06-29,SNOW,474
2025-06-30,SNOW,806
2025-07-01,SNOW,931
2025-07-02,SNOW,888
2025-07-03,SNOW,811
2025-07-04,SNOW,645
2025-07-05,SNOW,375
2025-07-06,SNOW,432
2025-07-07,SNOW,872
2025-07-08,SNOW,974
2025-07-09,SNOW,938
2025-07-10,SNOW,1009
2025-07-11,SNOW,868
2025-07-12,SNOW,391
2025-07-13,SNOW,436
2025-07-14,SNOW,831
2025-07-15,SNOW,850
2025-07-16,SNOW,961
2025-07-17,SNOW,968
2025-07-18,SNOW,874
2025-07-19,SNOW,441
2025-07-20,SNOW,477
2025-07-21,SNOW,839
2025-07-22,SNOW,884
2025-07-23,SNOW,911
2025-07-24,SNOW,964
2025-07-25,SNOW,799
2025-07-26,SNOW,426
2025-07-27,SNOW,472
2025-07-28,SNOW,867
2025-07-29,SNOW,911
2025-07-30,SNOW,1046
2025-07-31,SNOW,922
2025-08-01,SNOW,768
2025-08-02,SNOW,404
2025-08-03,SNOW,414
2025-08-04,SNOW,837
2025-08-05,SNOW,1021
2025-08-06,SNOW,966
2025-08-07,SNOW,1367
2025-08-08,SNOW,953
2025-08-09,SNOW,465
2025-08-10,SNOW,435
2025-08-11,SNOW,928
2025-08-12,SNOW,1021
2025-08-13,SNOW,1047
2025-08-14,SNOW,1031
2025-08-15,SNOW,704
2025-08-16,SNOW,413
2025-08-17,SNOW,407
2025-08-18,SNOW,835
2025-08-19,SNOW,1049
2025-08-20,SNOW,1002
2025-08-21,SNOW,1005
2025-08-22,SNOW,849
2025-08-23,SNOW,650
2025-08-24,SNOW,476
2025-08-25,SNOW,914
2025-08-26,SNOW,1034
2025-08-27,SNOW,1444
2025-08-28,SNOW,2165
2025-08-29,SNOW,1145
2025-08-30,SNOW,526
2025-08-31,SNOW,481
2025-09-01,SNOW,772
2025-09-02,SNOW,996
2025-09-03,SNOW,964
2025-09-04,SNOW,983
2025-09-05,SNOW,822
2025-09-06,SNOW,410
2025-09-07,SNOW,354
2025-09-08,SNOW,937
2025-09-09,SNOW,1042
2025-09-10,SNOW,1009
2025-09-11,SNOW,961
2025-09-12,SNOW,856
2025-09-13,SNOW,400
2025-09-14,SNOW,417
2025-09-15,SNOW,863
2025-09-16,SNOW,1073
2025-09-17,SNOW,964
2025-09-18,SNOW,991
2025-09-19,SNOW,855
2025-09-20,SNOW,429
2025-09-21,SNOW,361
2025-09-22,SNOW,926
2025-09-23,SNOW,939
2025-09-24,SNOW,1061
2025-09-25,SNOW,983
2025-09-26,SNOW,903
2025-09-27,SNOW,408
2025-09-28,SNOW,479
2025-09-29,SNOW,894
2025-09-30,SNOW,991
2025-10-01,SNOW,932
2025-10-02,SNOW,1090
2025-10-03,SNOW,900
2025-10-04,SNOW,477
2025-10-05,SNOW,469
2025-10-06,SNOW,1019
2025-10-07,SNOW,1041
2025-10-08,SNOW,1038
2025-10-09,SNOW,1192
2025-10-10,SNOW,896
2025-10-11,SNOW,433
2025-10-12,SNOW,427
2025-10-13,SNOW,845
2025-10-14,SNOW,992
2025-10-15,SNOW,1017
2025-10-16,SNOW,1073
2025-10-17,SNOW,849
2025-10-18,SNOW,425
2025-10-19,SNOW,438
2025-10-20,SNOW,847
2025-10-21,SNOW,893
2025-10-22,SNOW,862
2025-10-23,SNOW,936
2025-10-24,SNOW,836
2025-10-25,SNOW,426
2025-10-26,SNOW,706
2025-10-27,SNOW,1403
2025-10-28,SNOW,1123
2025-10-29,SNOW,1279
2025-10-30,SNOW,1180
2025-10-31,SNOW,902
2025-11-01,SNOW,508
2025-11-02,SNOW,470
2025-11-03,SNOW,904
2025-11-04,SNOW,1075
2025-11-05,SNOW,1179
2025-11-06,SNOW,953
2025-11-07,SNOW,923
2025-11-08,SNOW,453
2025-11-09,SNOW,443
2025-11-10,SNOW,843
2025-11-11,SNOW,828
2025-11-12,SNOW,1013
2025-11-13,SNOW,1055
2025-11-14,SNOW,890
2025-11-15,SNOW,495
2025-11-16,SNOW,474
2025-11-17,SNOW,926
2025-11-18,SNOW,977
2025-11-19,SNOW,873
2025-11-20,SNOW,965
2025-11-21,SNOW,889
2025-11-22,SNOW,465
2025-11-23,SNOW,404
2025-11-24,SNOW,867
2025-11-25,SNOW,889
2025-11-26,SNOW,838
2025-11-27,SNOW,728
2025-11-28,SNOW,618
2025-11-29,SNOW,392
2025-11-30,SNOW,411
2025-12-01,SNOW,815
2025-12-02,SNOW,880
2025-12-03,SNOW,1106
2025-12-04,SNOW,1572
2025-12-05,SNOW,1009
2025-12-06,SNOW,501
2025-12-07,SNOW,437
2025-12-08,SNOW,913
2025-12-09,SNOW,966
2025-12-10,SNOW,1055
2025-12-11,SNOW,911
2025-12-12,SNOW,805
2025-12-13,SNOW,407
2025-12-14,SNOW,407
2025-12-15,SNOW,691
2025-12-16,SNOW,981
2025-12-17,SNOW,959
2025-12-18,SNOW,883
2025-12-19,SNOW,765
2025-12-20,SNOW,413
2025-12-21,SNOW,413
2025-12-22,SNOW,714
2025-12-23,SNOW,625
2025-12-24,SNOW,500
2025-12-25,SNOW,419
2025-12-26,SNOW,478
2025-12-27,SNOW,492
2025-12-28,SNOW,528
2025-12-29,SNOW,655
2025-12-30,SNOW,659
2025-12-31,SNOW,448
2026-01-01,SNOW,377
2026-01-02,SNOW,542
2026-01-03,SNOW,392
2026-01-04,SNOW,415
2026-01-05,SNOW,802
2026-01-06,SNOW,849
2026-01-07,SNOW,798
2026-01-08,SNOW,997
2026-01-09,SNOW,1284
2026-01-10,SNOW,410
2026-01-11,SNOW,619
2026-01-12,SNOW,932
2026-01-13,SNOW,1040
2026-01-14,SNOW,1027
2026-01-15,SNOW,979
2026-01-16,SNOW,797
2026-01-17,SNOW,460
2026-01-18,SNOW,414
2026-01-19,SNOW,730
2026-01-20,SNOW,834
2026-01-21,SNOW,985
2026-01-22,SNOW,979
2026-01-23,SNOW,830
2026-01-24,SNOW,577
2026-01-25,SNOW,542
2026-01-26,SNOW,770
2026-01-27,SNOW,961
2026-01-28,SNOW,1002
2026-01-29,SNOW,968
2026-01-30,SNOW,814
2026-01-31,SNOW,425
2026-02-01,SNOW,421
2026-02-02,SNOW,929
2026-02-03,SNOW,1279
2026-02-04,SNOW,1224
2026-02-05,SNOW,1162
2026-02-06,SNOW,1010
2026-02-07,SNOW,572
2026-02-08,SNOW,588
2026-02-09,SNOW,1016
2026-02-10,SNOW,1129
2026-02-11,SNOW,1009
2026-02-12,SNOW,956
2026-02-13,SNOW,863
2026-02-14,SNOW,460
2026-02-15,SNOW,443
2026-02-16,SNOW,783
2026-02-17,SNOW,956
2026-02-18,SNOW,901
2026-02-19,SNOW,1015
2026-02-20,SNOW,812
2026-02-21,SNOW,454
2026-02-22,SNOW,412
2026-02-23,SNOW,868
2026-02-24,SNOW,1127
2026-02-25,SNOW,1490
2026-02-26,SNOW,1403
2026-02-27,SNOW,1070
2026-02-28,SNOW,652
2026-03-01,SNOW,507
2026-03-02,SNOW,804
2026-03-03,SNOW,811
2026-03-04,SNOW,912
2026-03-05,SNOW,887
2026-03-06,SNOW,722
2026-03-07,SNOW,409
2026-03-08,SNOW,366
2026-03-09,SNOW,790
2026-03-10,SNOW,849
2026-03-11,SNOW,885
2026-03-12,SNOW,847
2026-03-13,SNOW,710
2026-03-14,SNOW,382
2026-03-15,SNOW,389
2026-03-16,SNOW,710
2026-03-17,SNOW,781
2026-03-18,SNOW,837
2026-03-19,SNOW,865
2026-03-20,SNOW,693
2026-03-21,SNOW,374
2026-03-22,SNOW,434
2026-03-23,SNOW,773
2026-03-24,SNOW,746
2025-01-19,TSM,2274
2025-01-20,TSM,2614
2025-01-21,TSM,3099
2025-01-22,TSM,3178
2025-01-23,TSM,3079
2025-01-24,TSM,2750
2025-01-25,TSM,2561
2025-01-26,TSM,2548
2025-01-27,TSM,4481
2025-01-28,TSM,9489
2025-01-29,TSM,5724
2025-01-30,TSM,4152
2025-01-31,TSM,3559
2025-02-01,TSM,2927
2025-02-02,TSM,3024
2025-02-03,TSM,3657
2025-02-04,TSM,3473
2025-02-05,TSM,3218
2025-02-06,TSM,2990
2025-02-07,TSM,2533
2025-02-08,TSM,2174
2025-02-09,TSM,2349
2025-02-10,TSM,2581
2025-02-11,TSM,2969
2025-02-12,TSM,2812
2025-02-13,TSM,3008
2025-02-14,TSM,2851
2025-02-15,TSM,2714
2025-02-16,TSM,2648
2025-02-17,TSM,2849
2025-02-18,TSM,2941
2025-02-19,TSM,2883
2025-02-20,TSM,2633
2025-02-21,TSM,2535
2025-02-22,TSM,2040
2025-02-23,TSM,1955
2025-02-24,TSM,2420
2025-02-25,TSM,2653
2025-02-26,TSM,2670
2025-02-27,TSM,2667
2025-02-28,TSM,2566
2025-03-01,TSM,2603
2025-03-02,TSM,3112
2025-03-03,TSM,16098
2025-03-04,TSM,17578
2025-03-05,TSM,7697
2025-03-06,TSM,4782
2025-03-07,TSM,3793
2025-03-08,TSM,2774
2025-03-09,TSM,2726
2025-03-10,TSM,3031
2025-03-11,TSM,2968
2025-03-12,TSM,2890
2025-03-13,TSM,2821
2025-03-14,TSM,3583
2025-03-15,TSM,2413
2025-03-16,TSM,2054
2025-03-17,TSM,2232
2025-03-18,TSM,2392
2025-03-19,TSM,2392
2025-03-20,TSM,2529
2025-03-21,TSM,2026
2025-03-22,TSM,1708
2025-03-23,TSM,1869
2025-03-24,TSM,2256
2025-03-25,TSM,2268
2025-03-26,TSM,2114
2025-03-27,TSM,2120
2025-03-28,TSM,1852
2025-03-29,TSM,1637
2025-03-30,TSM,1603
2025-03-31,TSM,1936
2025-04-01,TSM,1997
2025-04-02,TSM,2627
2025-04-03,TSM,3334
2025-04-04,TSM,2869
2025-04-05,TSM,2120
2025-04-06,TSM,2183
2025-04-07,TSM,3138
2025-04-08,TSM,2917
2025-04-09,TSM,5277
2025-04-10,TSM,3409
2025-04-11,TSM,2654
2025-04-12,TSM,2419
2025-04-13,TSM,2248
2025-04-14,TSM,2864
2025-04-15,TSM,2893
2025-04-16,TSM,3163
2025-04-17,TSM,3213
2025-04-18,TSM,2227
2025-04-19,TSM,1825
2025-04-20,TSM,1837
2025-04-21,TSM,1939
2025-04-22,TSM,2059
2025-04-23,TSM,2110
2025-04-24,TSM,1941
2025-04-25,TSM,1876
2025-04-26,TSM,1503
2025-04-27,TSM,1496
2025-04-28,TSM,1875
2025-04-29,TSM,1908
2025-04-30,TSM,1985
2025-05-01,TSM,1684
2025-05-02,TSM,1709
2025-05-03,TSM,1467
2025-05-04,TSM,1545
2025-05-05,TSM,1764
2025-05-06,TSM,1724
2025-05-07,TSM,1537
2025-05-08,TSM,1647
2025-05-09,TSM,1444
2025-05-10,TSM,1212
2025-05-11,TSM,1238
2025-05-12,TSM,1643
2025-05-13,TSM,1858
2025-05-14,TSM,1978
2025-05-15,TSM,1806
2025-05-16,TSM,1635
2025-05-17,TSM,1461
2025-05-18,TSM,1825
2025-05-19,TSM,3191
2025-05-20,TSM,2182
2025-05-21,TSM,1995
2025-05-22,TSM,2061
2025-05-23,TSM,1935
2025-05-24,TSM,1669
2025-05-25,TSM,1539
2025-05-26,TSM,1721
2025-05-27,TSM,1914
2025-05-28,TSM,2563
2025-05-29,TSM,2227
2025-05-30,TSM,1665
2025-05-31,TSM,1540
2025-06-01,TSM,1495
2025-06-02,TSM,1661
2025-06-03,TSM,1895
2025-06-04,TSM,1757
2025-06-05,TSM,1511
2025-06-06,TSM,1522
2025-06-07,TSM,1296
2025-06-08,TSM,1346
2025-06-09,TSM,1491
2025-06-10,TSM,1530
2025-06-11,TSM,1572
2025-06-12,TSM,1431
2025-06-13,TSM,1312
2025-06-14,TSM,1112
2025-06-15,TSM,1346
2025-06-16,TSM,1550
2025-06-17,TSM,1424
2025-06-18,TSM,1493
2025-06-19,TSM,1559
2025-06-20,TSM,1455
2025-06-21,TSM,1238
2025-06-22,TSM,1153
2025-06-23,TSM,1332
2025-06-24,TSM,1503
2025-06-25,TSM,1499
2025-06-26,TSM,1420
2025-06-27,TSM,1276
2025-06-28,TSM,1122
2025-06-29,TSM,1069
2025-06-30,TSM,1386
2025-07-01,TSM,1387
2025-07-02,TSM,1520
2025-07-03,TSM,1550
2025-07-04,TSM,1407
2025-07-05,TSM,1403
2025-07-06,TSM,1448
2025-07-07,TSM,1718
2025-07-08,TSM,1820
2025-07-09,TSM,1897
2025-07-10,TSM,2270
2025-07-11,TSM,1963
2025-07-12,TSM,1529
2025-07-13,TSM,1596
2025-07-14,TSM,1794
2025-07-15,TSM,1873
2025-07-16,TSM,1829
2025-07-17,TSM,2664
2025-07-18,TSM,1999
2025-07-19,TSM,1674
2025-07-20,TSM,1637
2025-07-21,TSM,1970
2025-07-22,TSM,1901
2025-07-23,TSM,1937
2025-07-24,TSM,2064
2025-07-25,TSM,2236
2025-07-26,TSM,1692
2025-07-27,TSM,1724
2025-07-28,TSM,2282
2025-07-29,TSM,2287
2025-07-30,TSM,2034
2025-07-31,TSM,2053
2025-08-01,TSM,1941
2025-08-02,TSM,1608
2025-08-03,TSM,1631
2025-08-04,TSM,1675
2025-08-05,TSM,2318
2025-08-06,TSM,2734
2025-08-07,TSM,3430
2025-08-08,TSM,3019
2025-08-09,TSM,1905
2025-08-10,TSM,1727
2025-08-11,TSM,2442
2025-08-12,TSM,2123
2025-08-13,TSM,2131
2025-08-14,TSM,2011
2025-08-15,TSM,1976
2025-08-16,TSM,1897
2025-08-17,TSM,2009
2025-08-18,TSM,2147
2025-08-19,TSM,2316
2025-08-20,TSM,2198
2025-08-21,TSM,2166
2025-08-22,TSM,2706
2025-08-23,TSM,2779
2025-08-24,TSM,2378
2025-08-25,TSM,2614
2025-08-26,TSM,2673
2025-08-27,TSM,2435
2025-08-28,TSM,2412
2025-08-29,TSM,2156
2025-08-30,TSM,1774
2025-08-31,TSM,1628
2025-09-01,TSM,1685
2025-09-02,TSM,2320
2025-09-03,TSM,2382
2025-09-04,TSM,2084
2025-09-05,TSM,1976
2025-09-06,TSM,1720
2025-09-07,TSM,1609
2025-09-08,TSM,1922
2025-09-09,TSM,1952
2025-09-10,TSM,2230
2025-09-11,TSM,1840
2025-09-12,TSM,1703
2025-09-13,TSM,1549
2025-09-14,TSM,1604
2025-09-15,TSM,2061
2025-09-16,TSM,2097
2025-09-17,TSM,2140
2025-09-18,TSM,2692
2025-09-19,TSM,2404
2025-09-20,TSM,2021
2025-09-21,TSM,1918
2025-09-22,TSM,2263
2025-09-23,TSM,2399
2025-09-24,TSM,2214
2025-09-25,TSM,2273
2025-09-26,TSM,2118
2025-09-27,TSM,1754
2025-09-28,TSM,1712
2025-09-29,TSM,1932
2025-09-30,TSM,2479
2025-10-01,TSM,2453
2025-10-02,TSM,2435
2025-10-03,TSM,2228
2025-10-04,TSM,1845
2025-10-05,TSM,1804
2025-10-06,TSM,2288
2025-10-07,TSM,2183
2025-10-08,TSM,2279
2025-10-09,TSM,2295
2025-10-10,TSM,1985
2025-10-11,TSM,1795
2025-10-12,TSM,1809
2025-10-13,TSM,2210
2025-10-14,TSM,2240
2025-10-15,TSM,2037
2025-10-16,TSM,3011
2025-10-17,TSM,2541
2025-10-18,TSM,1876
2025-10-19,TSM,2144
2025-10-20,TSM,2171
2025-10-21,TSM,2064
2025-10-22,TSM,2028
2025-10-23,TSM,1978
2025-10-24,TSM,1763
2025-10-25,TSM,1700
2025-10-26,TSM,1717
2025-10-27,TSM,2135
2025-10-28,TSM,2444
2025-10-29,TSM,3129
2025-10-30,TSM,3063
2025-10-31,TSM,2693
2025-11-01,TSM,2199
2025-11-02,TSM,2158
2025-11-03,TSM,2498
2025-11-04,TSM,2269
2025-11-05,TSM,2113
2025-11-06,TSM,2195
2025-11-07,TSM,1992
2025-11-08,TSM,1940
2025-11-09,TSM,1922
2025-11-10,TSM,2209
2025-11-11,TSM,2151
2025-11-12,TSM,2018
2025-11-13,TSM,1988
2025-11-14,TSM,1722
2025-11-15,TSM,1541
2025-11-16,TSM,1602
2025-11-17,TSM,1894
2025-11-18,TSM,2190
2025-11-19,TSM,2232
2025-11-20,TSM,2393
2025-11-21,TSM,2079
2025-11-22,TSM,1881
2025-11-23,TSM,2099
2025-11-24,TSM,2220
2025-11-25,TSM,2651
2025-11-26,TSM,2502
2025-11-27,TSM,2175
2025-11-28,TSM,2031
2025-11-29,TSM,2089
2025-11-30,TSM,2066
2025-12-01,TSM,2167
2025-12-02,TSM,2515
2025-12-03,TSM,2673
2025-12-04,TSM,2790
2025-12-05,TSM,2317
2025-12-06,TSM,1875
2025-12-07,TSM,1773
2025-12-08,TSM,2180
2025-12-09,TSM,2201
2025-12-10,TSM,2053
2025-12-11,TSM,1893
2025-12-12,TSM,1687
2025-12-13,TSM,1528
2025-12-14,TSM,1695
2025-12-15,TSM,1794
2025-12-16,TSM,1600
2025-12-17,TSM,1552
2025-12-18,TSM,1986
2025-12-19,TSM,1855
2025-12-20,TSM,1778
2025-12-21,TSM,1914
2025-12-22,TSM,1934
2025-12-23,TSM,1789
2025-12-24,TSM,1630
2025-12-25,TSM,1623
2025-12-26,TSM,1831
2025-12-27,TSM,1777
2025-12-28,TSM,1770
2025-12-29,TSM,2508
2025-12-30,TSM,2315
2025-12-31,TSM,2505
2026-01-01,TSM,3055
2026-01-02,TSM,2951
2026-01-03,TSM,3347
2026-01-04,TSM,3145
2026-01-05,TSM,3136
2026-01-06,TSM,3026
2026-01-07,TSM,2774
2026-01-08,TSM,2462
2026-01-09,TSM,2958
2026-01-10,TSM,2226
2026-01-11,TSM,2817
2026-01-12,TSM,2508
2026-01-13,TSM,2584
2026-01-14,TSM,2326
2026-01-15,TSM,3987
2026-01-16,TSM,4185
2026-01-17,TSM,3112
2026-01-18,TSM,3096
2026-01-19,TSM,3575
2026-01-20,TSM,3333
2026-01-21,TSM,3494
2026-01-22,TSM,2561
2026-01-23,TSM,2109
2026-01-24,TSM,1667
2026-01-25,TSM,1910
2026-01-26,TSM,2080
2026-01-27,TSM,2049
2026-01-28,TSM,2054
2026-01-29,TSM,2009
2026-01-30,TSM,1876
2026-01-31,TSM,1436
2026-02-01,TSM,1636
2026-02-02,TSM,2237
2026-02-03,TSM,2219
2026-02-04,TSM,2025
2026-02-05,TSM,2152
2026-02-06,TSM,2099
2026-02-07,TSM,1647
2026-02-08,TSM,1505
2026-02-09,TSM,2048
2026-02-10,TSM,2126
2026-02-11,TSM,1918
2026-02-12,TSM,1906
2026-02-13,TSM,1544
2026-02-14,TSM,1463
2026-02-15,TSM,1370
2026-02-16,TSM,1533
2026-02-17,TSM,1634
2026-02-18,TSM,1756
2026-02-19,TSM,1689
2026-02-20,TSM,1657
2026-02-21,TSM,1551
2026-02-22,TSM,1488
2026-02-23,TSM,1683
2026-02-24,TSM,2448
2026-02-25,TSM,2333
2026-02-26,TSM,2200
2026-02-27,TSM,1750
2026-02-28,TSM,1413
2026-03-01,TSM,1486
2026-03-02,TSM,1713
2026-03-03,TSM,1771
2026-03-04,TSM,1869
2026-03-05,TSM,1897
2026-03-06,TSM,1660
2026-03-07,TSM,1341
2026-03-08,TSM,1365
2026-03-09,TSM,1542
2026-03-10,TSM,1624
2026-03-11,TSM,1654
2026-03-12,TSM,1579
2026-03-13,TSM,1523
2026-03-14,TSM,1356
2026-03-15,TSM,1392
2026-03-16,TSM,2040
2026-03-17,TSM,1821
2026-03-18,TSM,2075
2026-03-19,TSM,2065
2026-03-20,TSM,1777
2026-03-21,TSM,1583
2026-03-22,TSM,1536
2026-03-23,TSM,1976
2026-03-24,TSM,2028
2025-01-19,TT,141
2025-01-20,TT,229
2025-01-21,TT,208
2025-01-22,TT,301
2025-01-23,TT,306
2025-01-24,TT,280
2025-01-25,TT,127
2025-01-26,TT,170
2025-01-27,TT,254
2025-01-28,TT,303
2025-01-29,TT,273
2025-01-30,TT,251
2025-01-31,TT,251
2025-02-01,TT,161
2025-02-02,TT,116
2025-02-03,TT,282
2025-02-04,TT,271
2025-02-05,TT,311
2025-02-06,TT,312
2025-02-07,TT,259
2025-02-08,TT,148
2025-02-09,TT,97
2025-02-10,TT,213
2025-02-11,TT,253
2025-02-12,TT,284
2025-02-13,TT,267
2025-02-14,TT,213
2025-02-15,TT,126
2025-02-16,TT,122
2025-02-17,TT,253
2025-02-18,TT,239
2025-02-19,TT,230
2025-02-20,TT,236
2025-02-21,TT,191
2025-02-22,TT,130
2025-02-23,TT,116
2025-02-24,TT,237
2025-02-25,TT,229
2025-02-26,TT,232
2025-02-27,TT,212
2025-02-28,TT,185
2025-03-01,TT,101
2025-03-02,TT,108
2025-03-03,TT,236
2025-03-04,TT,268
2025-03-05,TT,269
2025-03-06,TT,247
2025-03-07,TT,220
2025-03-08,TT,97
2025-03-09,TT,101
2025-03-10,TT,226
2025-03-11,TT,223
2025-03-12,TT,273
2025-03-13,TT,207
2025-03-14,TT,162
2025-03-15,TT,114
2025-03-16,TT,126
2025-03-17,TT,272
2025-03-18,TT,258
2025-03-19,TT,203
2025-03-20,TT,216
2025-03-21,TT,161
2025-03-22,TT,109
2025-03-23,TT,101
2025-03-24,TT,217
2025-03-25,TT,215
2025-03-26,TT,249
2025-03-27,TT,245
2025-03-28,TT,200
2025-03-29,TT,107
2025-03-30,TT,104
2025-03-31,TT,186
2025-04-01,TT,251
2025-04-02,TT,241
2025-04-03,TT,249
2025-04-04,TT,213
2025-04-05,TT,107
2025-04-06,TT,148
2025-04-07,TT,234
2025-04-08,TT,224
2025-04-09,TT,225
2025-04-10,TT,233
2025-04-11,TT,230
2025-04-12,TT,148
2025-04-13,TT,118
2025-04-14,TT,197
2025-04-15,TT,230
2025-04-16,TT,257
2025-04-17,TT,229
2025-04-18,TT,147
2025-04-19,TT,116
2025-04-20,TT,111
2025-04-21,TT,171
2025-04-22,TT,213
2025-04-23,TT,191
2025-04-24,TT,256
2025-04-25,TT,215
2025-04-26,TT,106
2025-04-27,TT,112
2025-04-28,TT,191
2025-04-29,TT,265
2025-04-30,TT,256
2025-05-01,TT,191
2025-05-02,TT,225
2025-05-03,TT,116
2025-05-04,TT,110
2025-05-05,TT,197
2025-05-06,TT,276
2025-05-07,TT,196
2025-05-08,TT,199
2025-05-09,TT,154
2025-05-10,TT,75
2025-05-11,TT,142
2025-05-12,TT,211
2025-05-13,TT,225
2025-05-14,TT,234
2025-05-15,TT,201
2025-05-16,TT,213
2025-05-17,TT,124
2025-05-18,TT,124
2025-05-19,TT,233
2025-05-20,TT,220
2025-05-21,TT,227
2025-05-22,TT,210
2025-05-23,TT,159
2025-05-24,TT,128
2025-05-25,TT,114
2025-05-26,TT,148
2025-05-27,TT,188
2025-05-28,TT,200
2025-05-29,TT,193
2025-05-30,TT,161
2025-05-31,TT,112
2025-06-01,TT,84
2025-06-02,TT,182
2025-06-03,TT,197
2025-06-04,TT,198
2025-06-05,TT,178
2025-06-06,TT,154
2025-06-07,TT,99
2025-06-08,TT,123
2025-06-09,TT,219
2025-06-10,TT,180
2025-06-11,TT,200
2025-06-12,TT,152
2025-06-13,TT,137
2025-06-14,TT,115
2025-06-15,TT,76
2025-06-16,TT,203
2025-06-17,TT,200
2025-06-18,TT,177
2025-06-19,TT,159
2025-06-20,TT,143
2025-06-21,TT,110
2025-06-22,TT,97
2025-06-23,TT,196
2025-06-24,TT,219
2025-06-25,TT,216
2025-06-26,TT,181
2025-06-27,TT,167
2025-06-28,TT,123
2025-06-29,TT,141
2025-06-30,TT,199
2025-07-01,TT,223
2025-07-02,TT,248
2025-07-03,TT,216
2025-07-04,TT,124
2025-07-05,TT,82
2025-07-06,TT,113
2025-07-07,TT,207
2025-07-08,TT,214
2025-07-09,TT,222
2025-07-10,TT,215
2025-07-11,TT,201
2025-07-12,TT,121
2025-07-13,TT,123
2025-07-14,TT,217
2025-07-15,TT,187
2025-07-16,TT,208
2025-07-17,TT,219
2025-07-18,TT,192
2025-07-19,TT,123
2025-07-20,TT,87
2025-07-21,TT,211
2025-07-22,TT,194
2025-07-23,TT,204
2025-07-24,TT,218
2025-07-25,TT,232
2025-07-26,TT,152
2025-07-27,TT,114
2025-07-28,TT,233
2025-07-29,TT,256
2025-07-30,TT,273
2025-07-31,TT,272
2025-08-01,TT,210
2025-08-02,TT,128
2025-08-03,TT,145
2025-08-04,TT,244
2025-08-05,TT,232
2025-08-06,TT,277
2025-08-07,TT,243
2025-08-08,TT,173
2025-08-09,TT,155
2025-08-10,TT,108
2025-08-11,TT,172
2025-08-12,TT,201
2025-08-13,TT,197
2025-08-14,TT,217
2025-08-15,TT,170
2025-08-16,TT,131
2025-08-17,TT,120
2025-08-18,TT,269
2025-08-19,TT,192
2025-08-20,TT,241
2025-08-21,TT,220
2025-08-22,TT,185
2025-08-23,TT,147
2025-08-24,TT,115
2025-08-25,TT,202
2025-08-26,TT,184
2025-08-27,TT,191
2025-08-28,TT,169
2025-08-29,TT,137
2025-08-30,TT,79
2025-08-31,TT,97
2025-09-01,TT,153
2025-09-02,TT,184
2025-09-03,TT,228
2025-09-04,TT,203
2025-09-05,TT,172
2025-09-06,TT,124
2025-09-07,TT,86
2025-09-08,TT,193
2025-09-09,TT,220
2025-09-10,TT,222
2025-09-11,TT,186
2025-09-12,TT,178
2025-09-13,TT,88
2025-09-14,TT,83
2025-09-15,TT,233
2025-09-16,TT,180
2025-09-17,TT,177
2025-09-18,TT,226
2025-09-19,TT,177
2025-09-20,TT,88
2025-09-21,TT,91
2025-09-22,TT,184
2025-09-23,TT,175
2025-09-24,TT,187
2025-09-25,TT,173
2025-09-26,TT,142
2025-09-27,TT,106
2025-09-28,TT,86
2025-09-29,TT,172
2025-09-30,TT,178
2025-10-01,TT,154
2025-10-02,TT,203
2025-10-03,TT,146
2025-10-04,TT,95
2025-10-05,TT,69
2025-10-06,TT,144
2025-10-07,TT,131
2025-10-08,TT,118
2025-10-09,TT,105
2025-10-10,TT,126
2025-10-11,TT,90
2025-10-12,TT,72
2025-10-13,TT,105
2025-10-14,TT,119
2025-10-15,TT,136
2025-10-16,TT,137
2025-10-17,TT,109
2025-10-18,TT,63
2025-10-19,TT,68
2025-10-20,TT,112
2025-10-21,TT,113
2025-10-22,TT,134
2025-10-23,TT,105
2025-10-24,TT,114
2025-10-25,TT,93
2025-10-26,TT,62
2025-10-27,TT,100
2025-10-28,TT,128
2025-10-29,TT,147
2025-10-30,TT,131
2025-10-31,TT,96
2025-11-01,TT,53
2025-11-02,TT,68
2025-11-03,TT,120
2025-11-04,TT,111
2025-11-05,TT,112
2025-11-06,TT,118
2025-11-07,TT,95
2025-11-08,TT,65
2025-11-09,TT,75
2025-11-10,TT,108
2025-11-11,TT,110
2025-11-12,TT,125
2025-11-13,TT,117
2025-11-14,TT,106
2025-11-15,TT,74
2025-11-16,TT,59
2025-11-17,TT,85
2025-11-18,TT,101
2025-11-19,TT,102
2025-11-20,TT,98
2025-11-21,TT,98
2025-11-22,TT,58
2025-11-23,TT,52
2025-11-24,TT,108
2025-11-25,TT,86
2025-11-26,TT,91
2025-11-27,TT,79
2025-11-28,TT,81
2025-11-29,TT,59
2025-11-30,TT,71
2025-12-01,TT,94
2025-12-02,TT,101
2025-12-03,TT,120
2025-12-04,TT,114
2025-12-05,TT,114
2025-12-06,TT,101
2025-12-07,TT,113
2025-12-08,TT,152
2025-12-09,TT,174
2025-12-10,TT,170
2025-12-11,TT,151
2025-12-12,TT,145
2025-12-13,TT,130
2025-12-14,TT,78
2025-12-15,TT,146
2025-12-16,TT,193
2025-12-17,TT,157
2025-12-18,TT,131
2025-12-19,TT,106
2025-12-20,TT,80
2025-12-21,TT,93
2025-12-22,TT,129
2025-12-23,TT,111
2025-12-24,TT,86
2025-12-25,TT,85
2025-12-26,TT,94
2025-12-27,TT,80
2025-12-28,TT,77
2025-12-29,TT,100
2025-12-30,TT,88
2025-12-31,TT,101
2026-01-01,TT,58
2026-01-02,TT,99
2026-01-03,TT,87
2026-01-04,TT,75
2026-01-05,TT,131
2026-01-06,TT,183
2026-01-07,TT,173
2026-01-08,TT,187
2026-01-09,TT,156
2026-01-10,TT,127
2026-01-11,TT,96
2026-01-12,TT,161
2026-01-13,TT,209
2026-01-14,TT,155
2026-01-15,TT,185
2026-01-16,TT,165
2026-01-17,TT,99
2026-01-18,TT,95
2026-01-19,TT,179
2026-01-20,TT,280
2026-01-21,TT,181
2026-01-22,TT,198
2026-01-23,TT,156
2026-01-24,TT,115
2026-01-25,TT,128
2026-01-26,TT,151
2026-01-27,TT,154
2026-01-28,TT,160
2026-01-29,TT,235
2026-01-30,TT,158
2026-01-31,TT,84
2026-02-01,TT,91
2026-02-02,TT,202
2026-02-03,TT,231
2026-02-04,TT,208
2026-02-05,TT,253
2026-02-06,TT,167
2026-02-07,TT,118
2026-02-08,TT,134
2026-02-09,TT,189
2026-02-10,TT,208
2026-02-11,TT,237
2026-02-12,TT,180
2026-02-13,TT,195
2026-02-14,TT,113
2026-02-15,TT,124
2026-02-16,TT,192
2026-02-17,TT,174
2026-02-18,TT,168
2026-02-19,TT,184
2026-02-20,TT,171
2026-02-21,TT,112
2026-02-22,TT,106
2026-02-23,TT,162
2026-02-24,TT,195
2026-02-25,TT,168
2026-02-26,TT,183
2026-02-27,TT,167
2026-02-28,TT,94
2026-03-01,TT,82
2026-03-02,TT,171
2026-03-03,TT,193
2026-03-04,TT,177
2026-03-05,TT,174
2026-03-06,TT,142
2026-03-07,TT,70
2026-03-08,TT,67
2026-03-09,TT,170
2026-03-10,TT,154
2026-03-11,TT,168
2026-03-12,TT,188
2026-03-13,TT,146
2026-03-14,TT,97
2026-03-15,TT,88
2026-03-16,TT,153
2026-03-17,TT,192
2026-03-18,TT,170
2026-03-19,TT,144
2026-03-20,TT,145
2026-03-21,TT,75
2026-03-22,TT,81
2026-03-23,TT,158
2026-03-24,TT,258
2025-01-19,TTD,128
2025-01-20,TTD,164
2025-01-21,TTD,167
2025-01-22,TTD,226
2025-01-23,TTD,193
2025-01-24,TTD,212
2025-01-25,TTD,124
2025-01-26,TTD,108
2025-01-27,TTD,189
2025-01-28,TTD,224
2025-01-29,TTD,238
2025-01-30,TTD,176
2025-01-31,TTD,177
2025-02-01,TTD,95
2025-02-02,TTD,84
2025-02-03,TTD,207
2025-02-04,TTD,260
2025-02-05,TTD,253
2025-02-06,TTD,272
2025-02-07,TTD,178
2025-02-08,TTD,103
2025-02-09,TTD,103
2025-02-10,TTD,209
2025-02-11,TTD,237
2025-02-12,TTD,520
2025-02-13,TTD,1591
2025-02-14,TTD,761
2025-02-15,TTD,273
2025-02-16,TTD,232
2025-02-17,TTD,291
2025-02-18,TTD,387
2025-02-19,TTD,345
2025-02-20,TTD,390
2025-02-21,TTD,397
2025-02-22,TTD,258
2025-02-23,TTD,199
2025-02-24,TTD,361
2025-02-25,TTD,312
2025-02-26,TTD,229
2025-02-27,TTD,216
2025-02-28,TTD,200
2025-03-01,TTD,163
2025-03-02,TTD,163
2025-03-03,TTD,299
2025-03-04,TTD,291
2025-03-05,TTD,295
2025-03-06,TTD,282
2025-03-07,TTD,237
2025-03-08,TTD,129
2025-03-09,TTD,135
2025-03-10,TTD,241
2025-03-11,TTD,313
2025-03-12,TTD,314
2025-03-13,TTD,501
2025-03-14,TTD,428
2025-03-15,TTD,203
2025-03-16,TTD,235
2025-03-17,TTD,362
2025-03-18,TTD,482
2025-03-19,TTD,332
2025-03-20,TTD,343
2025-03-21,TTD,282
2025-03-22,TTD,191
2025-03-23,TTD,166
2025-03-24,TTD,282
2025-03-25,TTD,375
2025-03-26,TTD,318
2025-03-27,TTD,332
2025-03-28,TTD,290
2025-03-29,TTD,112
2025-03-30,TTD,151
2025-03-31,TTD,214
2025-04-01,TTD,280
2025-04-02,TTD,259
2025-04-03,TTD,372
2025-04-04,TTD,278
2025-04-05,TTD,174
2025-04-06,TTD,176
2025-04-07,TTD,272
2025-04-08,TTD,256
2025-04-09,TTD,293
2025-04-10,TTD,237
2025-04-11,TTD,208
2025-04-12,TTD,98
2025-04-13,TTD,149
2025-04-14,TTD,254
2025-04-15,TTD,276
2025-04-16,TTD,275
2025-04-17,TTD,279
2025-04-18,TTD,166
2025-04-19,TTD,143
2025-04-20,TTD,102
2025-04-21,TTD,188
2025-04-22,TTD,247
2025-04-23,TTD,204
2025-04-24,TTD,228
2025-04-25,TTD,236
2025-04-26,TTD,110
2025-04-27,TTD,103
2025-04-28,TTD,203
2025-04-29,TTD,190
2025-04-30,TTD,173
2025-05-01,TTD,169
2025-05-02,TTD,192
2025-05-03,TTD,133
2025-05-04,TTD,133
2025-05-05,TTD,266
2025-05-06,TTD,271
2025-05-07,TTD,240
2025-05-08,TTD,356
2025-05-09,TTD,647
2025-05-10,TTD,277
2025-05-11,TTD,154
2025-05-12,TTD,360
2025-05-13,TTD,276
2025-05-14,TTD,247
2025-05-15,TTD,237
2025-05-16,TTD,163
2025-05-17,TTD,95
2025-05-18,TTD,98
2025-05-19,TTD,196
2025-05-20,TTD,181
2025-05-21,TTD,189
2025-05-22,TTD,205
2025-05-23,TTD,136
2025-05-24,TTD,95
2025-05-25,TTD,98
2025-05-26,TTD,109
2025-05-27,TTD,148
2025-05-28,TTD,146
2025-05-29,TTD,139
2025-05-30,TTD,141
2025-05-31,TTD,84
2025-06-01,TTD,76
2025-06-02,TTD,139
2025-06-03,TTD,171
2025-06-04,TTD,146
2025-06-05,TTD,198
2025-06-06,TTD,181
2025-06-07,TTD,81
2025-06-08,TTD,92
2025-06-09,TTD,191
2025-06-10,TTD,194
2025-06-11,TTD,166
2025-06-12,TTD,188
2025-06-13,TTD,145
2025-06-14,TTD,123
2025-06-15,TTD,82
2025-06-16,TTD,200
2025-06-17,TTD,177
2025-06-18,TTD,162
2025-06-19,TTD,156
2025-06-20,TTD,157
2025-06-21,TTD,105
2025-06-22,TTD,63
2025-06-23,TTD,169
2025-06-24,TTD,142
2025-06-25,TTD,209
2025-06-26,TTD,225
2025-06-27,TTD,196
2025-06-28,TTD,112
2025-06-29,TTD,102
2025-06-30,TTD,187
2025-07-01,TTD,148
2025-07-02,TTD,185
2025-07-03,TTD,182
2025-07-04,TTD,116
2025-07-05,TTD,81
2025-07-06,TTD,94
2025-07-07,TTD,131
2025-07-08,TTD,164
2025-07-09,TTD,166
2025-07-10,TTD,162
2025-07-11,TTD,160
2025-07-12,TTD,77
2025-07-13,TTD,87
2025-07-14,TTD,382
2025-07-15,TTD,1059
2025-07-16,TTD,379
2025-07-17,TTD,306
2025-07-18,TTD,259
2025-07-19,TTD,240
2025-07-20,TTD,168
2025-07-21,TTD,268
2025-07-22,TTD,283
2025-07-23,TTD,277
2025-07-24,TTD,247
2025-07-25,TTD,208
2025-07-26,TTD,132
2025-07-27,TTD,118
2025-07-28,TTD,234
2025-07-29,TTD,235
2025-07-30,TTD,220
2025-07-31,TTD,215
2025-08-01,TTD,180
2025-08-02,TTD,136
2025-08-03,TTD,125
2025-08-04,TTD,259
2025-08-05,TTD,202
2025-08-06,TTD,236
2025-08-07,TTD,581
2025-08-08,TTD,2600
2025-08-09,TTD,881
2025-08-10,TTD,539
2025-08-11,TTD,737
2025-08-12,TTD,526
2025-08-13,TTD,622
2025-08-14,TTD,668
2025-08-15,TTD,433
2025-08-16,TTD,188
2025-08-17,TTD,188
2025-08-18,TTD,334
2025-08-19,TTD,319
2025-08-20,TTD,247
2025-08-21,TTD,276
2025-08-22,TTD,280
2025-08-23,TTD,148
2025-08-24,TTD,138
2025-08-25,TTD,239
2025-08-26,TTD,224
2025-08-27,TTD,239
2025-08-28,TTD,249
2025-08-29,TTD,201
2025-08-30,TTD,118
2025-08-31,TTD,106
2025-09-01,TTD,147
2025-09-02,TTD,261
2025-09-03,TTD,281
2025-09-04,TTD,242
2025-09-05,TTD,196
2025-09-06,TTD,143
2025-09-07,TTD,123
2025-09-08,TTD,216
2025-09-09,TTD,220
2025-09-10,TTD,471
2025-09-11,TTD,428
2025-09-12,TTD,325
2025-09-13,TTD,160
2025-09-14,TTD,195
2025-09-15,TTD,308
2025-09-16,TTD,297
2025-09-17,TTD,246
2025-09-18,TTD,312
2025-09-19,TTD,278
2025-09-20,TTD,163
2025-09-21,TTD,191
2025-09-22,TTD,283
2025-09-23,TTD,262
2025-09-24,TTD,239
2025-09-25,TTD,221
2025-09-26,TTD,191
2025-09-27,TTD,123
2025-09-28,TTD,135
2025-09-29,TTD,308
2025-09-30,TTD,288
2025-10-01,TTD,266
2025-10-02,TTD,261
2025-10-03,TTD,207
2025-10-04,TTD,128
2025-10-05,TTD,97
2025-10-06,TTD,197
2025-10-07,TTD,234
2025-10-08,TTD,230
2025-10-09,TTD,238
2025-10-10,TTD,155
2025-10-11,TTD,71
2025-10-12,TTD,109
2025-10-13,TTD,155
2025-10-14,TTD,173
2025-10-15,TTD,188
2025-10-16,TTD,165
2025-10-17,TTD,155
2025-10-18,TTD,108
2025-10-19,TTD,112
2025-10-20,TTD,177
2025-10-21,TTD,206
2025-10-22,TTD,170
2025-10-23,TTD,171
2025-10-24,TTD,192
2025-10-25,TTD,110
2025-10-26,TTD,106
2025-10-27,TTD,163
2025-10-28,TTD,205
2025-10-29,TTD,234
2025-10-30,TTD,195
2025-10-31,TTD,154
2025-11-01,TTD,93
2025-11-02,TTD,122
2025-11-03,TTD,170
2025-11-04,TTD,194
2025-11-05,TTD,195
2025-11-06,TTD,254
2025-11-07,TTD,284
2025-11-08,TTD,153
2025-11-09,TTD,161
2025-11-10,TTD,225
2025-11-11,TTD,182
2025-11-12,TTD,213
2025-11-13,TTD,185
2025-11-14,TTD,225
2025-11-15,TTD,104
2025-11-16,TTD,118
2025-11-17,TTD,225
2025-11-18,TTD,205
2025-11-19,TTD,207
2025-11-20,TTD,205
2025-11-21,TTD,180
2025-11-22,TTD,106
2025-11-23,TTD,116
2025-11-24,TTD,211
2025-11-25,TTD,209
2025-11-26,TTD,229
2025-11-27,TTD,160
2025-11-28,TTD,135
2025-11-29,TTD,141
2025-11-30,TTD,132
2025-12-01,TTD,180
2025-12-02,TTD,232
2025-12-03,TTD,212
2025-12-04,TTD,201
2025-12-05,TTD,194
2025-12-06,TTD,119
2025-12-07,TTD,141
2025-12-08,TTD,187
2025-12-09,TTD,189
2025-12-10,TTD,152
2025-12-11,TTD,273
2025-12-12,TTD,284
2025-12-13,TTD,145
2025-12-14,TTD,151
2025-12-15,TTD,265
2025-12-16,TTD,250
2025-12-17,TTD,273
2025-12-18,TTD,190
2025-12-19,TTD,203
2025-12-20,TTD,154
2025-12-21,TTD,129
2025-12-22,TTD,172
2025-12-23,TTD,159
2025-12-24,TTD,116
2025-12-25,TTD,104
2025-12-26,TTD,127
2025-12-27,TTD,105
2025-12-28,TTD,100
2025-12-29,TTD,174
2025-12-30,TTD,159
2025-12-31,TTD,176
2026-01-01,TTD,194
2026-01-02,TTD,227
2026-01-03,TTD,138
2026-01-04,TTD,126
2026-01-05,TTD,209
2026-01-06,TTD,220
2026-01-07,TTD,229
2026-01-08,TTD,209
2026-01-09,TTD,201
2026-01-10,TTD,119
2026-01-11,TTD,126
2026-01-12,TTD,251
2026-01-13,TTD,232
2026-01-14,TTD,212
2026-01-15,TTD,270
2026-01-16,TTD,217
2026-01-17,TTD,159
2026-01-18,TTD,165
2026-01-19,TTD,275
2026-01-20,TTD,223
2026-01-21,TTD,263
2026-01-22,TTD,310
2026-01-23,TTD,179
2026-01-24,TTD,114
2026-01-25,TTD,120
2026-01-26,TTD,319
2026-01-27,TTD,347
2026-01-28,TTD,281
2026-01-29,TTD,242
2026-01-30,TTD,223
2026-01-31,TTD,137
2026-02-01,TTD,147
2026-02-02,TTD,227
2026-02-03,TTD,338
2026-02-04,TTD,250
2026-02-05,TTD,261
2026-02-06,TTD,195
2026-02-07,TTD,108
2026-02-08,TTD,107
2026-02-09,TTD,180
2026-02-10,TTD,199
2026-02-11,TTD,190
2026-02-12,TTD,262
2026-02-13,TTD,171
2026-02-14,TTD,131
2026-02-15,TTD,92
2026-02-16,TTD,145
2026-02-17,TTD,201
2026-02-18,TTD,189
2026-02-19,TTD,155
2026-02-20,TTD,158
2026-02-21,TTD,119
2026-02-22,TTD,88
2026-02-23,TTD,195
2026-02-24,TTD,228
2026-02-25,TTD,394
2026-02-26,TTD,503
2026-02-27,TTD,261
2026-02-28,TTD,152
2026-03-01,TTD,138
2026-03-02,TTD,183
2026-03-03,TTD,199
2026-03-04,TTD,228
2026-03-05,TTD,1085
2026-03-06,TTD,488
2026-03-07,TTD,169
2026-03-08,TTD,149
2026-03-09,TTD,248
2026-03-10,TTD,203
2026-03-11,TTD,215
2026-03-12,TTD,191
2026-03-13,TTD,245
2026-03-14,TTD,102
2026-03-15,TTD,142
2026-03-16,TTD,185
2026-03-17,TTD,281
2026-03-18,TTD,433
2026-03-19,TTD,301
2026-03-20,TTD,263
2026-03-21,TTD,137
2026-03-22,TTD,109
2026-03-23,TTD,238
2026-03-24,TTD,259
2025-01-19,UBER,2074
2025-01-20,UBER,2544
2025-01-21,UBER,2801
2025-01-22,UBER,2537
2025-01-23,UBER,2548
2025-01-24,UBER,2195
2025-01-25,UBER,2093
2025-01-26,UBER,2019
2025-01-27,UBER,2266
2025-01-28,UBER,2336
2025-01-29,UBER,2267
2025-01-30,UBER,2222
2025-01-31,UBER,2149
2025-02-01,UBER,2625
2025-02-02,UBER,2331
2025-02-03,UBER,2473
2025-02-04,UBER,2583
2025-02-05,UBER,2582
2025-02-06,UBER,2361
2025-02-07,UBER,2269
2025-02-08,UBER,2126
2025-02-09,UBER,2084
2025-02-10,UBER,2229
2025-02-11,UBER,2291
2025-02-12,UBER,2168
2025-02-13,UBER,2149
2025-02-14,UBER,2076
2025-02-15,UBER,1850
2025-02-16,UBER,2141
2025-02-17,UBER,2175
2025-02-18,UBER,2178
2025-02-19,UBER,2111
2025-02-20,UBER,2180
2025-02-21,UBER,1930
2025-02-22,UBER,1913
2025-02-23,UBER,2012
2025-02-24,UBER,2121
2025-02-25,UBER,1960
2025-02-26,UBER,2047
2025-02-27,UBER,2071
2025-02-28,UBER,1875
2025-03-01,UBER,1786
2025-03-02,UBER,2156
2025-03-03,UBER,2018
2025-03-04,UBER,2043
2025-03-05,UBER,2135
2025-03-06,UBER,2323
2025-03-07,UBER,2259
2025-03-08,UBER,1952
2025-03-09,UBER,1947
2025-03-10,UBER,2281
2025-03-11,UBER,2614
2025-03-12,UBER,2544
2025-03-13,UBER,2143
2025-03-14,UBER,2023
2025-03-15,UBER,1977
2025-03-16,UBER,2835
2025-03-17,UBER,2738
2025-03-18,UBER,2038
2025-03-19,UBER,2048
2025-03-20,UBER,2037
2025-03-21,UBER,2388
2025-03-22,UBER,2278
2025-03-23,UBER,2062
2025-03-24,UBER,2261
2025-03-25,UBER,2109
2025-03-26,UBER,2845
2025-03-27,UBER,2615
2025-03-28,UBER,2104
2025-03-29,UBER,1790
2025-03-30,UBER,2290
2025-03-31,UBER,2269
2025-04-01,UBER,2217
2025-04-02,UBER,2266
2025-04-03,UBER,2395
2025-04-04,UBER,2266
2025-04-05,UBER,2282
2025-04-06,UBER,2340
2025-04-07,UBER,2445
2025-04-08,UBER,2311
2025-04-09,UBER,2292
2025-04-10,UBER,2142
2025-04-11,UBER,2403
2025-04-12,UBER,1936
2025-04-13,UBER,1911
2025-04-14,UBER,2089
2025-04-15,UBER,2153
2025-04-16,UBER,2275
2025-04-17,UBER,2214
2025-04-18,UBER,2321
2025-04-19,UBER,1765
2025-04-20,UBER,1749
2025-04-21,UBER,2172
2025-04-22,UBER,2076
2025-04-23,UBER,1955
2025-04-24,UBER,2013
2025-04-25,UBER,1845
2025-04-26,UBER,1532
2025-04-27,UBER,1696
2025-04-28,UBER,1901
2025-04-29,UBER,1916
2025-04-30,UBER,2024
2025-05-01,UBER,1842
2025-05-02,UBER,1809
2025-05-03,UBER,1921
2025-05-04,UBER,2022
2025-05-05,UBER,2037
2025-05-06,UBER,2373
2025-05-07,UBER,2503
2025-05-08,UBER,2318
2025-05-09,UBER,1963
2025-05-10,UBER,1754
2025-05-11,UBER,1791
2025-05-12,UBER,1866
2025-05-13,UBER,2370
2025-05-14,UBER,2486
2025-05-15,UBER,2194
2025-05-16,UBER,1895
2025-05-17,UBER,1670
2025-05-18,UBER,1782
2025-05-19,UBER,2059
2025-05-20,UBER,2150
2025-05-21,UBER,1980
2025-05-22,UBER,1962
2025-05-23,UBER,1866
2025-05-24,UBER,1755
2025-05-25,UBER,1757
2025-05-26,UBER,1951
2025-05-27,UBER,2515
2025-05-28,UBER,2770
2025-05-29,UBER,2063
2025-05-30,UBER,1954
2025-05-31,UBER,1727
2025-06-01,UBER,1781
2025-06-02,UBER,1910
2025-06-03,UBER,1885
2025-06-04,UBER,1882
2025-06-05,UBER,1724
2025-06-06,UBER,1743
2025-06-07,UBER,1596
2025-06-08,UBER,1736
2025-06-09,UBER,2050
2025-06-10,UBER,2242
2025-06-11,UBER,1922
2025-06-12,UBER,1736
2025-06-13,UBER,1805
2025-06-14,UBER,1527
2025-06-15,UBER,1536
2025-06-16,UBER,2120
2025-06-17,UBER,1876
2025-06-18,UBER,1844
2025-06-19,UBER,1759
2025-06-20,UBER,1605
2025-06-21,UBER,1615
2025-06-22,UBER,1520
2025-06-23,UBER,1710
2025-06-24,UBER,1821
2025-06-25,UBER,1682
2025-06-26,UBER,1684
2025-06-27,UBER,1661
2025-06-28,UBER,1554
2025-06-29,UBER,3031
2025-06-30,UBER,2050
2025-07-01,UBER,1822
2025-07-02,UBER,1931
2025-07-03,UBER,1704
2025-07-04,UBER,1649
2025-07-05,UBER,1614
2025-07-06,UBER,1756
2025-07-07,UBER,1758
2025-07-08,UBER,1829
2025-07-09,UBER,1893
2025-07-10,UBER,1989
2025-07-11,UBER,2986
2025-07-12,UBER,1801
2025-07-13,UBER,1679
2025-07-14,UBER,1918
2025-07-15,UBER,1993
2025-07-16,UBER,1861
2025-07-17,UBER,1930
2025-07-18,UBER,1823
2025-07-19,UBER,1617
2025-07-20,UBER,1693
2025-07-21,UBER,2121
2025-07-22,UBER,2051
2025-07-23,UBER,1954
2025-07-24,UBER,1992
2025-07-25,UBER,1751
2025-07-26,UBER,1657
2025-07-27,UBER,1697
2025-07-28,UBER,1848
2025-07-29,UBER,1829
2025-07-30,UBER,1904
2025-07-31,UBER,1865
2025-08-01,UBER,1751
2025-08-02,UBER,1784
2025-08-03,UBER,1716
2025-08-04,UBER,2090
2025-08-05,UBER,2022
2025-08-06,UBER,2339
2025-08-07,UBER,2088
2025-08-08,UBER,2055
2025-08-09,UBER,1869
2025-08-10,UBER,1941
2025-08-11,UBER,2088
2025-08-12,UBER,2157
2025-08-13,UBER,2043
2025-08-14,UBER,1881
2025-08-15,UBER,1792
2025-08-16,UBER,1611
2025-08-17,UBER,1795
2025-08-18,UBER,2065
2025-08-19,UBER,2071
2025-08-20,UBER,1967
2025-08-21,UBER,1907
2025-08-22,UBER,1909
2025-08-23,UBER,1960
2025-08-24,UBER,2568
2025-08-25,UBER,2641
2025-08-26,UBER,2322
2025-08-27,UBER,2108
2025-08-28,UBER,2028
2025-08-29,UBER,1944
2025-08-30,UBER,1629
2025-08-31,UBER,1709
2025-09-01,UBER,1862
2025-09-02,UBER,1951
2025-09-03,UBER,2316
2025-09-04,UBER,1946
2025-09-05,UBER,1929
2025-09-06,UBER,1856
2025-09-07,UBER,1826
2025-09-08,UBER,1863
2025-09-09,UBER,1876
2025-09-10,UBER,1878
2025-09-11,UBER,2411
2025-09-12,UBER,1652
2025-09-13,UBER,1651
2025-09-14,UBER,1973
2025-09-15,UBER,2145
2025-09-16,UBER,2505
2025-09-17,UBER,2264
2025-09-18,UBER,2052
2025-09-19,UBER,1969
2025-09-20,UBER,1686
2025-09-21,UBER,1728
2025-09-22,UBER,2060
2025-09-23,UBER,2021
2025-09-24,UBER,2083
2025-09-25,UBER,2024
2025-09-26,UBER,1936
2025-09-27,UBER,1703
2025-09-28,UBER,1721
2025-09-29,UBER,2618
2025-09-30,UBER,2160
2025-10-01,UBER,1750
2025-10-02,UBER,1850
2025-10-03,UBER,1806
2025-10-04,UBER,1774
2025-10-05,UBER,1738
2025-10-06,UBER,1802
2025-10-07,UBER,1882
2025-10-08,UBER,2023
2025-10-09,UBER,2189
2025-10-10,UBER,2614
2025-10-11,UBER,1980
2025-10-12,UBER,1895
2025-10-13,UBER,1929
2025-10-14,UBER,1851
2025-10-15,UBER,1847
2025-10-16,UBER,1793
2025-10-17,UBER,1836
2025-10-18,UBER,1634
2025-10-19,UBER,1701
2025-10-20,UBER,1827
2025-10-21,UBER,1810
2025-10-22,UBER,1835
2025-10-23,UBER,1974
2025-10-24,UBER,1975
2025-10-25,UBER,1904
2025-10-26,UBER,1881
2025-10-27,UBER,2074
2025-10-28,UBER,2015
2025-10-29,UBER,2009
2025-10-30,UBER,1779
2025-10-31,UBER,1724
2025-11-01,UBER,1678
2025-11-02,UBER,1666
2025-11-03,UBER,1849
2025-11-04,UBER,1995
2025-11-05,UBER,1790
2025-11-06,UBER,1923
2025-11-07,UBER,1880
2025-11-08,UBER,1914
2025-11-09,UBER,1680
2025-11-10,UBER,1825
2025-11-11,UBER,1799
2025-11-12,UBER,1876
2025-11-13,UBER,1706
2025-11-14,UBER,1697
2025-11-15,UBER,1506
2025-11-16,UBER,1689
2025-11-17,UBER,1889
2025-11-18,UBER,1902
2025-11-19,UBER,1981
2025-11-20,UBER,1635
2025-11-21,UBER,1644
2025-11-22,UBER,1612
2025-11-23,UBER,1659
2025-11-24,UBER,1740
2025-11-25,UBER,1761
2025-11-26,UBER,1743
2025-11-27,UBER,1722
2025-11-28,UBER,1642
2025-11-29,UBER,1630
2025-11-30,UBER,1672
2025-12-01,UBER,1757
2025-12-02,UBER,1756
2025-12-03,UBER,1746
2025-12-04,UBER,1894
2025-12-05,UBER,1771
2025-12-06,UBER,1590
2025-12-07,UBER,1794
2025-12-08,UBER,2052
2025-12-09,UBER,1853
2025-12-10,UBER,1937
2025-12-11,UBER,2004
2025-12-12,UBER,1893
2025-12-13,UBER,1654
2025-12-14,UBER,2668
2025-12-15,UBER,2354
2025-12-16,UBER,2264
2025-12-17,UBER,2205
2025-12-18,UBER,1983
2025-12-19,UBER,1817
2025-12-20,UBER,1796
2025-12-21,UBER,1763
2025-12-22,UBER,2045
2025-12-23,UBER,1891
2025-12-24,UBER,1753
2025-12-25,UBER,1945
2025-12-26,UBER,2070
2025-12-27,UBER,2001
2025-12-28,UBER,2126
2025-12-29,UBER,2709
2025-12-30,UBER,2324
2025-12-31,UBER,2405
2026-01-01,UBER,2133
2026-01-02,UBER,2261
2026-01-03,UBER,2345
2026-01-04,UBER,2132
2026-01-05,UBER,2165
2026-01-06,UBER,2384
2026-01-07,UBER,2009
2026-01-08,UBER,1810
2026-01-09,UBER,1900
2026-01-10,UBER,1787
2026-01-11,UBER,1795
2026-01-12,UBER,1820
2026-01-13,UBER,1961
2026-01-14,UBER,1840
2026-01-15,UBER,2120
2026-01-16,UBER,2085
2026-01-17,UBER,1888
2026-01-18,UBER,1979
2026-01-19,UBER,2048
2026-01-20,UBER,2085
2026-01-21,UBER,1886
2026-01-22,UBER,1891
2026-01-23,UBER,1733
2026-01-24,UBER,1586
2026-01-25,UBER,1766
2026-01-26,UBER,1883
2026-01-27,UBER,1916
2026-01-28,UBER,1862
2026-01-29,UBER,1763
2026-01-30,UBER,1728
2026-01-31,UBER,1542
2026-02-01,UBER,1645
2026-02-02,UBER,1738
2026-02-03,UBER,1742
2026-02-04,UBER,1920
2026-02-05,UBER,1941
2026-02-06,UBER,1961
2026-02-07,UBER,1710
2026-02-08,UBER,1772
2026-02-09,UBER,1955
2026-02-10,UBER,1805
2026-02-11,UBER,1760
2026-02-12,UBER,1787
2026-02-13,UBER,1652
2026-02-14,UBER,1471
2026-02-15,UBER,1698
2026-02-16,UBER,1809
2026-02-17,UBER,1674
2026-02-18,UBER,1828
2026-02-19,UBER,2102
2026-02-20,UBER,1872
2026-02-21,UBER,1429
2026-02-22,UBER,1541
2026-02-23,UBER,2078
2026-02-24,UBER,2152
2026-02-25,UBER,2027
2026-02-26,UBER,1943
2026-02-27,UBER,1874
2026-02-28,UBER,1569
2026-03-01,UBER,1651
2026-03-02,UBER,1977
2026-03-03,UBER,1820
2026-03-04,UBER,1690
2026-03-05,UBER,1752
2026-03-06,UBER,1576
2026-03-07,UBER,1379
2026-03-08,UBER,1504
2026-03-09,UBER,1788
2026-03-10,UBER,1691
2026-03-11,UBER,1848
2026-03-12,UBER,1644
2026-03-13,UBER,1565
2026-03-14,UBER,1841
2026-03-15,UBER,1691
2026-03-16,UBER,1985
2026-03-17,UBER,1758
2026-03-18,UBER,1572
2026-03-19,UBER,1682
2026-03-20,UBER,1535
2026-03-21,UBER,1476
2026-03-22,UBER,1552
2026-03-23,UBER,1626
2026-03-24,UBER,1563